region,inwestycje_zl,typ_inwestycji,rok
DOLNOŚLĄSKIE,3492,ogółem,2000
KUJAWSKO-POMORSKIE,2318,ogółem,2000
LUBELSKIE,1819,ogółem,2000
LUBUSKIE,2604,ogółem,2000
ŁÓDZKIE,2501,ogółem,2000
MAŁOPOLSKIE,2931,ogółem,2000
MAZOWIECKIE,8223,ogółem,2000
OPOLSKIE,2448,ogółem,2000
PODKARPACKIE,1859,ogółem,2000
PODLASKIE,1878,ogółem,2000
POMORSKIE,3347,ogółem,2000
ŚLĄSKIE,3222,ogółem,2000
ŚWIĘTOKRZYSKIE,2092,ogółem,2000
WARMIŃSKO-MAZURSKIE,1845,ogółem,2000
WIELKOPOLSKIE,3557,ogółem,2000
ZACHODNIOPOMORSKIE,2903,ogółem,2000
DOLNOŚLĄSKIE,3786,ogółem,2001
KUJAWSKO-POMORSKIE,2291,ogółem,2001
LUBELSKIE,1684,ogółem,2001
LUBUSKIE,2558,ogółem,2001
ŁÓDZKIE,2577,ogółem,2001
MAŁOPOLSKIE,2462,ogółem,2001
MAZOWIECKIE,7362,ogółem,2001
OPOLSKIE,2076,ogółem,2001
PODKARPACKIE,1743,ogółem,2001
PODLASKIE,1661,ogółem,2001
POMORSKIE,2734,ogółem,2001
ŚLĄSKIE,2649,ogółem,2001
ŚWIĘTOKRZYSKIE,1744,ogółem,2001
WARMIŃSKO-MAZURSKIE,1742,ogółem,2001
WIELKOPOLSKIE,3449,ogółem,2001
ZACHODNIOPOMORSKIE,2520,ogółem,2001
DOLNOŚLĄSKIE,3293,ogółem,2002
KUJAWSKO-POMORSKIE,2312,ogółem,2002
LUBELSKIE,1572,ogółem,2002
LUBUSKIE,2455,ogółem,2002
ŁÓDZKIE,2274,ogółem,2002
MAŁOPOLSKIE,2558,ogółem,2002
MAZOWIECKIE,5378,ogółem,2002
OPOLSKIE,1873,ogółem,2002
PODKARPACKIE,1938,ogółem,2002
PODLASKIE,1808,ogółem,2002
POMORSKIE,2810,ogółem,2002
ŚLĄSKIE,2767,ogółem,2002
ŚWIĘTOKRZYSKIE,2179,ogółem,2002
WARMIŃSKO-MAZURSKIE,1889,ogółem,2002
WIELKOPOLSKIE,3082,ogółem,2002
ZACHODNIOPOMORSKIE,2300,ogółem,2002
DOLNOŚLĄSKIE,3129,ogółem,2003
KUJAWSKO-POMORSKIE,2140,ogółem,2003
LUBELSKIE,1637,ogółem,2003
LUBUSKIE,2564,ogółem,2003
ŁÓDZKIE,2364,ogółem,2003
MAŁOPOLSKIE,2856,ogółem,2003
MAZOWIECKIE,5021,ogółem,2003
OPOLSKIE,2011,ogółem,2003
PODKARPACKIE,2157,ogółem,2003
PODLASKIE,2048,ogółem,2003
POMORSKIE,2654,ogółem,2003
ŚLĄSKIE,2843,ogółem,2003
ŚWIĘTOKRZYSKIE,1970,ogółem,2003
WARMIŃSKO-MAZURSKIE,1994,ogółem,2003
WIELKOPOLSKIE,3658,ogółem,2003
ZACHODNIOPOMORSKIE,2381,ogółem,2003
DOLNOŚLĄSKIE,3600,ogółem,2004
KUJAWSKO-POMORSKIE,2251,ogółem,2004
LUBELSKIE,1841,ogółem,2004
LUBUSKIE,2727,ogółem,2004
ŁÓDZKIE,2798,ogółem,2004
MAŁOPOLSKIE,2834,ogółem,2004
MAZOWIECKIE,5321,ogółem,2004
OPOLSKIE,2213,ogółem,2004
PODKARPACKIE,2334,ogółem,2004
PODLASKIE,2314,ogółem,2004
POMORSKIE,3050,ogółem,2004
ŚLĄSKIE,3050,ogółem,2004
ŚWIĘTOKRZYSKIE,2307,ogółem,2004
WARMIŃSKO-MAZURSKIE,2157,ogółem,2004
WIELKOPOLSKIE,3805,ogółem,2004
ZACHODNIOPOMORSKIE,2907,ogółem,2004
DOLNOŚLĄSKIE,3970,ogółem,2005
KUJAWSKO-POMORSKIE,2622,ogółem,2005
LUBELSKIE,1992,ogółem,2005
LUBUSKIE,3287,ogółem,2005
ŁÓDZKIE,3490,ogółem,2005
MAŁOPOLSKIE,3082,ogółem,2005
MAZOWIECKIE,5634,ogółem,2005
OPOLSKIE,2553,ogółem,2005
PODKARPACKIE,2440,ogółem,2005
PODLASKIE,2720,ogółem,2005
POMORSKIE,3370,ogółem,2005
ŚLĄSKIE,3297,ogółem,2005
ŚWIĘTOKRZYSKIE,2322,ogółem,2005
WARMIŃSKO-MAZURSKIE,2735,ogółem,2005
WIELKOPOLSKIE,3792,ogółem,2005
ZACHODNIOPOMORSKIE,2831,ogółem,2005
DOLNOŚLĄSKIE,5076,ogółem,2006
KUJAWSKO-POMORSKIE,2981,ogółem,2006
LUBELSKIE,2261,ogółem,2006
LUBUSKIE,3537,ogółem,2006
ŁÓDZKIE,3889,ogółem,2006
MAŁOPOLSKIE,3967,ogółem,2006
MAZOWIECKIE,6445,ogółem,2006
OPOLSKIE,2773,ogółem,2006
PODKARPACKIE,2817,ogółem,2006
PODLASKIE,3064,ogółem,2006
POMORSKIE,4036,ogółem,2006
ŚLĄSKIE,4187,ogółem,2006
ŚWIĘTOKRZYSKIE,2418,ogółem,2006
WARMIŃSKO-MAZURSKIE,3312,ogółem,2006
WIELKOPOLSKIE,4176,ogółem,2006
ZACHODNIOPOMORSKIE,3835,ogółem,2006
DOLNOŚLĄSKIE,6044,ogółem,2007
KUJAWSKO-POMORSKIE,3924,ogółem,2007
LUBELSKIE,2803,ogółem,2007
LUBUSKIE,4529,ogółem,2007
ŁÓDZKIE,5413,ogółem,2007
MAŁOPOLSKIE,4631,ogółem,2007
MAZOWIECKIE,8007,ogółem,2007
OPOLSKIE,3590,ogółem,2007
PODKARPACKIE,3351,ogółem,2007
PODLASKIE,3577,ogółem,2007
POMORSKIE,5616,ogółem,2007
ŚLĄSKIE,5294,ogółem,2007
ŚWIĘTOKRZYSKIE,3222,ogółem,2007
WARMIŃSKO-MAZURSKIE,3770,ogółem,2007
WIELKOPOLSKIE,4873,ogółem,2007
ZACHODNIOPOMORSKIE,4102,ogółem,2007
DOLNOŚLĄSKIE,6420,ogółem,2008
KUJAWSKO-POMORSKIE,4817,ogółem,2008
LUBELSKIE,3526,ogółem,2008
LUBUSKIE,4382,ogółem,2008
ŁÓDZKIE,5792,ogółem,2008
MAŁOPOLSKIE,4905,ogółem,2008
MAZOWIECKIE,9108,ogółem,2008
OPOLSKIE,3778,ogółem,2008
PODKARPACKIE,3759,ogółem,2008
PODLASKIE,4046,ogółem,2008
POMORSKIE,6310,ogółem,2008
ŚLĄSKIE,5883,ogółem,2008
ŚWIĘTOKRZYSKIE,4384,ogółem,2008
WARMIŃSKO-MAZURSKIE,4140,ogółem,2008
WIELKOPOLSKIE,5939,ogółem,2008
ZACHODNIOPOMORSKIE,5332,ogółem,2008
DOLNOŚLĄSKIE,6519,ogółem,2009
KUJAWSKO-POMORSKIE,5375,ogółem,2009
LUBELSKIE,3673,ogółem,2009
LUBUSKIE,4380,ogółem,2009
ŁÓDZKIE,5250,ogółem,2009
MAŁOPOLSKIE,4526,ogółem,2009
MAZOWIECKIE,8723,ogółem,2009
OPOLSKIE,4409,ogółem,2009
PODKARPACKIE,4064,ogółem,2009
PODLASKIE,3892,ogółem,2009
POMORSKIE,7903,ogółem,2009
ŚLĄSKIE,6117,ogółem,2009
ŚWIĘTOKRZYSKIE,4861,ogółem,2009
WARMIŃSKO-MAZURSKIE,4101,ogółem,2009
WIELKOPOLSKIE,5390,ogółem,2009
ZACHODNIOPOMORSKIE,5034,ogółem,2009
DOLNOŚLĄSKIE,6155,ogółem,2010
KUJAWSKO-POMORSKIE,5064,ogółem,2010
LUBELSKIE,3799,ogółem,2010
LUBUSKIE,7329,ogółem,2010
ŁÓDZKIE,5382,ogółem,2010
MAŁOPOLSKIE,4811,ogółem,2010
MAZOWIECKIE,8244,ogółem,2010
OPOLSKIE,4590,ogółem,2010
PODKARPACKIE,4837,ogółem,2010
PODLASKIE,4194,ogółem,2010
POMORSKIE,5753,ogółem,2010
ŚLĄSKIE,5672,ogółem,2010
ŚWIĘTOKRZYSKIE,5250,ogółem,2010
WARMIŃSKO-MAZURSKIE,4503,ogółem,2010
WIELKOPOLSKIE,5487,ogółem,2010
ZACHODNIOPOMORSKIE,4816,ogółem,2010
DOLNOŚLĄSKIE,6916,ogółem,2011
KUJAWSKO-POMORSKIE,5392,ogółem,2011
LUBELSKIE,4751,ogółem,2011
LUBUSKIE,7810,ogółem,2011
ŁÓDZKIE,6641,ogółem,2011
MAŁOPOLSKIE,5431,ogółem,2011
MAZOWIECKIE,8680,ogółem,2011
OPOLSKIE,4628,ogółem,2011
PODKARPACKIE,6306,ogółem,2011
PODLASKIE,5423,ogółem,2011
POMORSKIE,6118,ogółem,2011
ŚLĄSKIE,6506,ogółem,2011
ŚWIĘTOKRZYSKIE,5242,ogółem,2011
WARMIŃSKO-MAZURSKIE,5334,ogółem,2011
WIELKOPOLSKIE,6038,ogółem,2011
ZACHODNIOPOMORSKIE,5092,ogółem,2011
DOLNOŚLĄSKIE,6729,ogółem,2012
KUJAWSKO-POMORSKIE,4561,ogółem,2012
LUBELSKIE,4543,ogółem,2012
LUBUSKIE,5644,ogółem,2012
ŁÓDZKIE,7165,ogółem,2012
MAŁOPOLSKIE,5468,ogółem,2012
MAZOWIECKIE,8781,ogółem,2012
OPOLSKIE,4266,ogółem,2012
PODKARPACKIE,5902,ogółem,2012
PODLASKIE,4585,ogółem,2012
POMORSKIE,6496,ogółem,2012
ŚLĄSKIE,5988,ogółem,2012
ŚWIĘTOKRZYSKIE,5090,ogółem,2012
WARMIŃSKO-MAZURSKIE,5190,ogółem,2012
WIELKOPOLSKIE,6093,ogółem,2012
ZACHODNIOPOMORSKIE,5741,ogółem,2012
DOLNOŚLĄSKIE,7092,ogółem,2013
KUJAWSKO-POMORSKIE,4434,ogółem,2013
LUBELSKIE,4509,ogółem,2013
LUBUSKIE,5168,ogółem,2013
ŁÓDZKIE,6680,ogółem,2013
MAŁOPOLSKIE,5231,ogółem,2013
MAZOWIECKIE,8908,ogółem,2013
OPOLSKIE,4746,ogółem,2013
PODKARPACKIE,5643,ogółem,2013
PODLASKIE,4610,ogółem,2013
POMORSKIE,6031,ogółem,2013
ŚLĄSKIE,6002,ogółem,2013
ŚWIĘTOKRZYSKIE,3895,ogółem,2013
WARMIŃSKO-MAZURSKIE,4275,ogółem,2013
WIELKOPOLSKIE,5450,ogółem,2013
ZACHODNIOPOMORSKIE,6249,ogółem,2013
DOLNOŚLĄSKIE,7602,ogółem,2014
KUJAWSKO-POMORSKIE,5310,ogółem,2014
LUBELSKIE,4887,ogółem,2014
LUBUSKIE,4712,ogółem,2014
ŁÓDZKIE,6469,ogółem,2014
MAŁOPOLSKIE,5554,ogółem,2014
MAZOWIECKIE,10316,ogółem,2014
OPOLSKIE,5717,ogółem,2014
PODKARPACKIE,5339,ogółem,2014
PODLASKIE,5758,ogółem,2014
POMORSKIE,6574,ogółem,2014
ŚLĄSKIE,6274,ogółem,2014
ŚWIĘTOKRZYSKIE,3913,ogółem,2014
WARMIŃSKO-MAZURSKIE,4634,ogółem,2014
WIELKOPOLSKIE,6452,ogółem,2014
ZACHODNIOPOMORSKIE,6091,ogółem,2014
DOLNOŚLĄSKIE,7800,ogółem,2015
KUJAWSKO-POMORSKIE,6692,ogółem,2015
LUBELSKIE,4837,ogółem,2015
LUBUSKIE,5762,ogółem,2015
ŁÓDZKIE,6980,ogółem,2015
MAŁOPOLSKIE,6277,ogółem,2015
MAZOWIECKIE,10868,ogółem,2015
OPOLSKIE,8062,ogółem,2015
PODKARPACKIE,5172,ogółem,2015
PODLASKIE,5754,ogółem,2015
POMORSKIE,7277,ogółem,2015
ŚLĄSKIE,6445,ogółem,2015
ŚWIĘTOKRZYSKIE,4624,ogółem,2015
WARMIŃSKO-MAZURSKIE,5587,ogółem,2015
WIELKOPOLSKIE,7291,ogółem,2015
ZACHODNIOPOMORSKIE,6383,ogółem,2015
DOLNOŚLĄSKIE,7562,ogółem,2016
KUJAWSKO-POMORSKIE,4338,ogółem,2016
LUBELSKIE,3517,ogółem,2016
LUBUSKIE,5573,ogółem,2016
ŁÓDZKIE,5744,ogółem,2016
MAŁOPOLSKIE,5430,ogółem,2016
MAZOWIECKIE,10533,ogółem,2016
OPOLSKIE,8292,ogółem,2016
PODKARPACKIE,4659,ogółem,2016
PODLASKIE,4174,ogółem,2016
POMORSKIE,6882,ogółem,2016
ŚLĄSKIE,6367,ogółem,2016
ŚWIĘTOKRZYSKIE,3505,ogółem,2016
WARMIŃSKO-MAZURSKIE,4941,ogółem,2016
WIELKOPOLSKIE,6770,ogółem,2016
ZACHODNIOPOMORSKIE,4719,ogółem,2016
DOLNOŚLĄSKIE,8358,ogółem,2017
KUJAWSKO-POMORSKIE,4736,ogółem,2017
LUBELSKIE,4145,ogółem,2017
LUBUSKIE,5426,ogółem,2017
ŁÓDZKIE,5792,ogółem,2017
MAŁOPOLSKIE,5669,ogółem,2017
MAZOWIECKIE,10802,ogółem,2017
OPOLSKIE,6809,ogółem,2017
PODKARPACKIE,5136,ogółem,2017
PODLASKIE,5381,ogółem,2017
POMORSKIE,7399,ogółem,2017
ŚLĄSKIE,6614,ogółem,2017
ŚWIĘTOKRZYSKIE,3883,ogółem,2017
WARMIŃSKO-MAZURSKIE,5075,ogółem,2017
WIELKOPOLSKIE,6960,ogółem,2017
ZACHODNIOPOMORSKIE,5917,ogółem,2017
DOLNOŚLĄSKIE,9960,ogółem,2018
KUJAWSKO-POMORSKIE,5851,ogółem,2018
LUBELSKIE,5361,ogółem,2018
LUBUSKIE,6207,ogółem,2018
ŁÓDZKIE,6723,ogółem,2018
MAŁOPOLSKIE,6627,ogółem,2018
MAZOWIECKIE,12601,ogółem,2018
OPOLSKIE,7251,ogółem,2018
PODKARPACKIE,6407,ogółem,2018
PODLASKIE,6565,ogółem,2018
POMORSKIE,8372,ogółem,2018
ŚLĄSKIE,7492,ogółem,2018
ŚWIĘTOKRZYSKIE,4586,ogółem,2018
WARMIŃSKO-MAZURSKIE,6572,ogółem,2018
WIELKOPOLSKIE,7985,ogółem,2018
ZACHODNIOPOMORSKIE,6940,ogółem,2018
DOLNOŚLĄSKIE,11590,ogółem,2019
KUJAWSKO-POMORSKIE,5848,ogółem,2019
LUBELSKIE,6040,ogółem,2019
LUBUSKIE,6252,ogółem,2019
ŁÓDZKIE,7435,ogółem,2019
MAŁOPOLSKIE,7114,ogółem,2019
MAZOWIECKIE,13477,ogółem,2019
OPOLSKIE,7958,ogółem,2019
PODKARPACKIE,6773,ogółem,2019
PODLASKIE,7157,ogółem,2019
POMORSKIE,7336,ogółem,2019
ŚLĄSKIE,8198,ogółem,2019
ŚWIĘTOKRZYSKIE,4999,ogółem,2019
WARMIŃSKO-MAZURSKIE,5882,ogółem,2019
WIELKOPOLSKIE,8522,ogółem,2019
ZACHODNIOPOMORSKIE,6695,ogółem,2019
DOLNOŚLĄSKIE,10333,ogółem,2020
KUJAWSKO-POMORSKIE,6361,ogółem,2020
LUBELSKIE,6178,ogółem,2020
LUBUSKIE,5992,ogółem,2020
ŁÓDZKIE,7026,ogółem,2020
MAŁOPOLSKIE,7029,ogółem,2020
MAZOWIECKIE,12738,ogółem,2020
OPOLSKIE,6939,ogółem,2020
PODKARPACKIE,6291,ogółem,2020
PODLASKIE,7300,ogółem,2020
POMORSKIE,7411,ogółem,2020
ŚLĄSKIE,7507,ogółem,2020
ŚWIĘTOKRZYSKIE,5032,ogółem,2020
WARMIŃSKO-MAZURSKIE,5981,ogółem,2020
WIELKOPOLSKIE,7900,ogółem,2020
ZACHODNIOPOMORSKIE,8965,ogółem,2020
DOLNOŚLĄSKIE,10468,ogółem,2021
KUJAWSKO-POMORSKIE,7072,ogółem,2021
LUBELSKIE,6287,ogółem,2021
LUBUSKIE,8041,ogółem,2021
ŁÓDZKIE,7666,ogółem,2021
MAŁOPOLSKIE,7887,ogółem,2021
MAZOWIECKIE,14828,ogółem,2021
OPOLSKIE,7588,ogółem,2021
PODKARPACKIE,7111,ogółem,2021
PODLASKIE,8432,ogółem,2021
POMORSKIE,8485,ogółem,2021
ŚLĄSKIE,7716,ogółem,2021
ŚWIĘTOKRZYSKIE,5602,ogółem,2021
WARMIŃSKO-MAZURSKIE,6925,ogółem,2021
WIELKOPOLSKIE,8918,ogółem,2021
ZACHODNIOPOMORSKIE,9462,ogółem,2021
DOLNOŚLĄSKIE,11641,ogółem,2022
KUJAWSKO-POMORSKIE,8456,ogółem,2022
LUBELSKIE,6994,ogółem,2022
LUBUSKIE,8830,ogółem,2022
ŁÓDZKIE,8701,ogółem,2022
MAŁOPOLSKIE,9255,ogółem,2022
MAZOWIECKIE,17804,ogółem,2022
OPOLSKIE,9158,ogółem,2022
PODKARPACKIE,7365,ogółem,2022
PODLASKIE,10039,ogółem,2022
POMORSKIE,9497,ogółem,2022
ŚLĄSKIE,9992,ogółem,2022
ŚWIĘTOKRZYSKIE,6701,ogółem,2022
WARMIŃSKO-MAZURSKIE,7894,ogółem,2022
WIELKOPOLSKIE,10448,ogółem,2022
ZACHODNIOPOMORSKIE,11667,ogółem,2022
DOLNOŚLĄSKIE,12212,ogółem,2023
KUJAWSKO-POMORSKIE,9273,ogółem,2023
LUBELSKIE,8839,ogółem,2023
LUBUSKIE,12130,ogółem,2023
ŁÓDZKIE,10666,ogółem,2023
MAŁOPOLSKIE,10186,ogółem,2023
MAZOWIECKIE,20631,ogółem,2023
OPOLSKIE,11626,ogółem,2023
PODKARPACKIE,9751,ogółem,2023
PODLASKIE,11425,ogółem,2023
POMORSKIE,12138,ogółem,2023
ŚLĄSKIE,11804,ogółem,2023
ŚWIĘTOKRZYSKIE,8157,ogółem,2023
WARMIŃSKO-MAZURSKIE,9023,ogółem,2023
WIELKOPOLSKIE,11364,ogółem,2023
ZACHODNIOPOMORSKIE,11682,ogółem,2023
DOLNOŚLĄSKIE,11637,ogółem,2024
KUJAWSKO-POMORSKIE,8909,ogółem,2024
LUBELSKIE,8621,ogółem,2024
LUBUSKIE,10402,ogółem,2024
ŁÓDZKIE,9139,ogółem,2024
MAŁOPOLSKIE,9636,ogółem,2024
MAZOWIECKIE,20911,ogółem,2024
OPOLSKIE,11362,ogółem,2024
PODKARPACKIE,9442,ogółem,2024
PODLASKIE,10553,ogółem,2024
POMORSKIE,12336,ogółem,2024
ŚLĄSKIE,10896,ogółem,2024
ŚWIĘTOKRZYSKIE,7967,ogółem,2024
WARMIŃSKO-MAZURSKIE,7741,ogółem,2024
WIELKOPOLSKIE,10870,ogółem,2024
ZACHODNIOPOMORSKIE,11426,ogółem,2024
