region,rok,saldo_migracji_kobiety,saldo_migracji_mężczyźni,saldo_migracji_ogółem,wymeldowania_do_miast_kobiety,wymeldowania_do_miast_mężczyźni,wymeldowania_do_miast_ogółem,wymeldowania_na_wieś_kobiety,wymeldowania_na_wieś_mężczyźni,wymeldowania_na_wieś_ogółem,wymeldowania_ogółem_kobiety,wymeldowania_ogółem_mężczyźni,wymeldowania_ogółem_ogółem,zameldowania_ogółem_kobiety,zameldowania_ogółem_mężczyźni,zameldowania_ogółem_ogółem,zameldowania_z_miast_kobiety,zameldowania_z_miast_mężczyźni,zameldowania_z_miast_ogółem,zameldowania_ze_wsi_kobiety,zameldowania_ze_wsi_mężczyźni,zameldowania_ze_wsi_ogółem
DOLNOŚLĄSKIE,1999,-108.0,-175.0,-283.0,,,,,,,12505.0,11567.0,24072.0,12397.0,11392.0,23789.0,,,,,,
DOLNOŚLĄSKIE,2000,-322.0,-251.0,-573.0,6897.0,6059.0,12956.0,3908.0,3796.0,7704.0,10805.0,9855.0,20660.0,10483.0,9604.0,20087.0,7059.0,6544.0,13603.0,3424.0,3060.0,6484.0
DOLNOŚLĄSKIE,2001,52.0,125.0,177.0,6799.0,5994.0,12793.0,3771.0,3644.0,7415.0,10570.0,9638.0,20208.0,10622.0,9763.0,20385.0,7355.0,6771.0,14126.0,3267.0,2992.0,6259.0
DOLNOŚLĄSKIE,2002,-321.0,-363.0,-684.0,7280.0,6292.0,13572.0,4116.0,4084.0,8200.0,11396.0,10376.0,21772.0,11075.0,10013.0,21088.0,7802.0,7141.0,14943.0,3273.0,2872.0,6145.0
DOLNOŚLĄSKIE,2003,-743.0,-476.0,-1219.0,6986.0,5987.0,12973.0,4316.0,3923.0,8239.0,11302.0,9910.0,21212.0,10559.0,9434.0,19993.0,7544.0,6788.0,14332.0,3015.0,2646.0,5661.0
DOLNOŚLĄSKIE,2004,-464.0,-426.0,-890.0,6941.0,5994.0,12935.0,4504.0,4288.0,8792.0,11445.0,10282.0,21727.0,10981.0,9856.0,20837.0,7763.0,7088.0,14851.0,3218.0,2768.0,5986.0
DOLNOŚLĄSKIE,2005,-473.0,-457.0,-930.0,7024.0,5965.0,12989.0,4181.0,3959.0,8140.0,11205.0,9924.0,21129.0,10732.0,9467.0,20199.0,7542.0,6818.0,14360.0,3190.0,2649.0,5839.0
DOLNOŚLĄSKIE,2006,136.0,268.0,404.0,7938.0,6858.0,14796.0,5495.0,5250.0,10745.0,13433.0,12108.0,25541.0,13569.0,12376.0,25945.0,9667.0,8977.0,18644.0,3902.0,3399.0,7301.0
DOLNOŚLĄSKIE,2007,202.0,145.0,347.0,7918.0,6792.0,14710.0,5924.0,5584.0,11508.0,13842.0,12376.0,26218.0,14044.0,12521.0,26565.0,9827.0,9051.0,18878.0,4217.0,3470.0,7687.0
DOLNOŚLĄSKIE,2008,385.0,141.0,526.0,6912.0,5803.0,12715.0,5158.0,4569.0,9727.0,12070.0,10372.0,22442.0,12455.0,10513.0,22968.0,8710.0,7554.0,16264.0,3745.0,2959.0,6704.0
DOLNOŚLĄSKIE,2009,816.0,315.0,1131.0,6910.0,5628.0,12538.0,4963.0,4478.0,9441.0,11873.0,10106.0,21979.0,12689.0,10421.0,23110.0,8900.0,7532.0,16432.0,3789.0,2889.0,6678.0
DOLNOŚLĄSKIE,2010,835.0,744.0,1579.0,7163.0,5958.0,13121.0,5326.0,4657.0,9983.0,12489.0,10615.0,23104.0,13324.0,11359.0,24683.0,9538.0,8379.0,17917.0,3786.0,2980.0,6766.0
DOLNOŚLĄSKIE,2011,943.0,616.0,1559.0,7116.0,5989.0,13105.0,5167.0,4666.0,9833.0,12283.0,10655.0,22938.0,13226.0,11271.0,24497.0,9310.0,8090.0,17400.0,3916.0,3181.0,7097.0
DOLNOŚLĄSKIE,2012,984.0,751.0,1735.0,6655.0,5399.0,12054.0,4861.0,4399.0,9260.0,11516.0,9798.0,21314.0,12500.0,10549.0,23049.0,8677.0,7575.0,16252.0,3823.0,2974.0,6797.0
DOLNOŚLĄSKIE,2013,1274.0,1117.0,2391.0,7442.0,6509.0,13951.0,5234.0,4830.0,10064.0,12676.0,11339.0,24015.0,13950.0,12456.0,26406.0,9766.0,8973.0,18739.0,4184.0,3483.0,7667.0
DOLNOŚLĄSKIE,2014,1426.0,1000.0,2426.0,7171.0,6115.0,13286.0,5025.0,4629.0,9654.0,12196.0,10744.0,22940.0,13622.0,11744.0,25366.0,9447.0,8355.0,17802.0,4175.0,3389.0,7564.0
DOLNOŚLĄSKIE,2015,1353.0,1299.0,2652.0,6672.0,5693.0,12365.0,4566.0,4079.0,8645.0,11238.0,9772.0,21010.0,12591.0,11071.0,23662.0,8655.0,7748.0,16403.0,3936.0,3323.0,7259.0
DOLNOŚLĄSKIE,2016,1416.0,1243.0,2659.0,6141.0,5252.0,11393.0,4599.0,4243.0,8842.0,10740.0,9495.0,20235.0,12156.0,10738.0,22894.0,8359.0,7504.0,15863.0,3797.0,3234.0,7031.0
DOLNOŚLĄSKIE,2017,1471.0,1124.0,2595.0,6685.0,5617.0,12302.0,4942.0,4602.0,9544.0,11627.0,10219.0,21846.0,13098.0,11343.0,24441.0,9109.0,8026.0,17135.0,3989.0,3317.0,7306.0
DOLNOŚLĄSKIE,2018,1566.0,1634.0,3200.0,7766.0,6442.0,14208.0,5753.0,5363.0,11116.0,13519.0,11805.0,25324.0,15085.0,13439.0,28524.0,10483.0,9618.0,20101.0,4602.0,3821.0,8423.0
DOLNOŚLĄSKIE,2019,2277.0,1938.0,4215.0,7885.0,6744.0,14629.0,6135.0,5692.0,11827.0,14020.0,12436.0,26456.0,16297.0,14374.0,30671.0,11228.0,10116.0,21344.0,5069.0,4258.0,9327.0
DOLNOŚLĄSKIE,2020,1772.0,1523.0,3295.0,6233.0,5373.0,11606.0,5446.0,5080.0,10526.0,11679.0,10453.0,22132.0,13451.0,11976.0,25427.0,9281.0,8388.0,17669.0,4170.0,3588.0,7758.0
DOLNOŚLĄSKIE,2021,1650.0,1655.0,3305.0,6820.0,5845.0,12665.0,6168.0,5722.0,11890.0,12988.0,11567.0,24555.0,14638.0,13222.0,27860.0,10088.0,9347.0,19435.0,4550.0,3875.0,8425.0
DOLNOŚLĄSKIE,2022,1909.0,1786.0,3695.0,6114.0,5233.0,11347.0,5829.0,5283.0,11112.0,11943.0,10516.0,22459.0,13852.0,12302.0,26154.0,9377.0,8501.0,17878.0,4475.0,3801.0,8276.0
DOLNOŚLĄSKIE,2023,1900.0,1717.0,3617.0,6443.0,5693.0,12136.0,5826.0,5530.0,11356.0,12269.0,11223.0,23492.0,14169.0,12940.0,27109.0,9853.0,9141.0,18994.0,4316.0,3799.0,8115.0
DOLNOŚLĄSKIE,2024,1821.0,1758.0,3579.0,6735.0,6102.0,12837.0,6139.0,5718.0,11857.0,12874.0,11820.0,24694.0,14695.0,13578.0,28273.0,10007.0,9506.0,19513.0,4688.0,4072.0,8760.0
DOLNOŚLĄSKIE,2025,,,,,,,,,,,,,,,,,,,,,
KUJAWSKO-POMORSKIE,1999,-75.0,-169.0,-244.0,,,,,,,9780.0,8871.0,18651.0,9705.0,8702.0,18407.0,,,,,,
KUJAWSKO-POMORSKIE,2000,-248.0,-159.0,-407.0,5188.0,4462.0,9650.0,3712.0,3597.0,7309.0,8900.0,8059.0,16959.0,8652.0,7900.0,16552.0,5051.0,4744.0,9795.0,3601.0,3156.0,6757.0
KUJAWSKO-POMORSKIE,2001,-559.0,-309.0,-868.0,4940.0,4401.0,9341.0,3580.0,3296.0,6876.0,8520.0,7697.0,16217.0,7961.0,7388.0,15349.0,4864.0,4676.0,9540.0,3097.0,2712.0,5809.0
KUJAWSKO-POMORSKIE,2002,-621.0,-400.0,-1021.0,5344.0,4705.0,10049.0,4080.0,3863.0,7943.0,9424.0,8568.0,17992.0,8803.0,8168.0,16971.0,5488.0,5367.0,10855.0,3315.0,2801.0,6116.0
KUJAWSKO-POMORSKIE,2003,-629.0,-428.0,-1057.0,5699.0,4853.0,10552.0,4598.0,4172.0,8770.0,10297.0,9025.0,19322.0,9668.0,8597.0,18265.0,6298.0,5742.0,12040.0,3370.0,2855.0,6225.0
KUJAWSKO-POMORSKIE,2004,-542.0,-552.0,-1094.0,5426.0,4861.0,10287.0,4765.0,4503.0,9268.0,10191.0,9364.0,19555.0,9649.0,8812.0,18461.0,6401.0,5971.0,12372.0,3248.0,2841.0,6089.0
KUJAWSKO-POMORSKIE,2005,-915.0,-635.0,-1550.0,5607.0,4725.0,10332.0,4746.0,4311.0,9057.0,10353.0,9036.0,19389.0,9438.0,8401.0,17839.0,6064.0,5695.0,11759.0,3374.0,2706.0,6080.0
KUJAWSKO-POMORSKIE,2006,-840.0,-783.0,-1623.0,5969.0,5136.0,11105.0,5158.0,4782.0,9940.0,11127.0,9918.0,21045.0,10287.0,9135.0,19422.0,6714.0,6114.0,12828.0,3573.0,3021.0,6594.0
KUJAWSKO-POMORSKIE,2007,-844.0,-620.0,-1464.0,5864.0,5052.0,10916.0,5551.0,5084.0,10635.0,11415.0,10136.0,21551.0,10571.0,9516.0,20087.0,6690.0,6277.0,12967.0,3881.0,3239.0,7120.0
KUJAWSKO-POMORSKIE,2008,-593.0,-466.0,-1059.0,5005.0,4189.0,9194.0,4620.0,4123.0,8743.0,9625.0,8312.0,17937.0,9032.0,7846.0,16878.0,5756.0,5189.0,10945.0,3276.0,2657.0,5933.0
KUJAWSKO-POMORSKIE,2009,-777.0,-538.0,-1315.0,4918.0,4039.0,8957.0,4608.0,4162.0,8770.0,9526.0,8201.0,17727.0,8749.0,7663.0,16412.0,5563.0,5161.0,10724.0,3186.0,2502.0,5688.0
KUJAWSKO-POMORSKIE,2010,-716.0,-727.0,-1443.0,5022.0,4278.0,9300.0,4541.0,4111.0,8652.0,9563.0,8389.0,17952.0,8847.0,7662.0,16509.0,5590.0,5043.0,10633.0,3257.0,2619.0,5876.0
KUJAWSKO-POMORSKIE,2011,-782.0,-539.0,-1321.0,5182.0,4387.0,9569.0,4595.0,3964.0,8559.0,9777.0,8351.0,18128.0,8995.0,7812.0,16807.0,5724.0,5189.0,10913.0,3271.0,2623.0,5894.0
KUJAWSKO-POMORSKIE,2012,-850.0,-678.0,-1528.0,4991.0,4133.0,9124.0,4278.0,3727.0,8005.0,9269.0,7860.0,17129.0,8419.0,7182.0,15601.0,5199.0,4660.0,9859.0,3220.0,2522.0,5742.0
KUJAWSKO-POMORSKIE,2013,-842.0,-777.0,-1619.0,5054.0,4602.0,9656.0,4328.0,3992.0,8320.0,9382.0,8594.0,17976.0,8540.0,7817.0,16357.0,5227.0,4942.0,10169.0,3313.0,2875.0,6188.0
KUJAWSKO-POMORSKIE,2014,-926.0,-812.0,-1738.0,4936.0,4304.0,9240.0,4173.0,3738.0,7911.0,9109.0,8042.0,17151.0,8183.0,7230.0,15413.0,4865.0,4507.0,9372.0,3318.0,2723.0,6041.0
KUJAWSKO-POMORSKIE,2015,-904.0,-845.0,-1749.0,4817.0,4076.0,8893.0,3903.0,3566.0,7469.0,8720.0,7642.0,16362.0,7816.0,6797.0,14613.0,4662.0,4259.0,8921.0,3154.0,2538.0,5692.0
KUJAWSKO-POMORSKIE,2016,-894.0,-825.0,-1719.0,4587.0,3937.0,8524.0,3942.0,3513.0,7455.0,8529.0,7450.0,15979.0,7635.0,6625.0,14260.0,4515.0,4106.0,8621.0,3120.0,2519.0,5639.0
KUJAWSKO-POMORSKIE,2017,-849.0,-666.0,-1515.0,4716.0,3919.0,8635.0,4113.0,3745.0,7858.0,8829.0,7664.0,16493.0,7980.0,6998.0,14978.0,4741.0,4352.0,9093.0,3239.0,2646.0,5885.0
KUJAWSKO-POMORSKIE,2018,-1380.0,-1161.0,-2541.0,5509.0,4735.0,10244.0,4760.0,4292.0,9052.0,10269.0,9027.0,19296.0,8889.0,7866.0,16755.0,5286.0,4930.0,10216.0,3603.0,2936.0,6539.0
KUJAWSKO-POMORSKIE,2019,-1562.0,-1359.0,-2921.0,5809.0,5009.0,10818.0,4983.0,4545.0,9528.0,10792.0,9554.0,20346.0,9230.0,8195.0,17425.0,5523.0,5040.0,10563.0,3707.0,3155.0,6862.0
KUJAWSKO-POMORSKIE,2020,-1139.0,-973.0,-2112.0,4410.0,3773.0,8183.0,4423.0,4049.0,8472.0,8833.0,7822.0,16655.0,7694.0,6849.0,14543.0,4732.0,4431.0,9163.0,2962.0,2418.0,5380.0
KUJAWSKO-POMORSKIE,2021,-1098.0,-1106.0,-2204.0,4510.0,4039.0,8549.0,4964.0,4717.0,9681.0,9474.0,8756.0,18230.0,8376.0,7650.0,16026.0,5204.0,4893.0,10097.0,3172.0,2757.0,5929.0
KUJAWSKO-POMORSKIE,2022,-849.0,-897.0,-1746.0,4191.0,3686.0,7877.0,4862.0,4543.0,9405.0,9053.0,8229.0,17282.0,8204.0,7332.0,15536.0,4937.0,4638.0,9575.0,3267.0,2694.0,5961.0
KUJAWSKO-POMORSKIE,2023,-1149.0,-967.0,-2116.0,4547.0,3909.0,8456.0,4699.0,4262.0,8961.0,9246.0,8171.0,17417.0,8097.0,7204.0,15301.0,4962.0,4571.0,9533.0,3135.0,2633.0,5768.0
KUJAWSKO-POMORSKIE,2024,-1031.0,-958.0,-1989.0,4845.0,4417.0,9262.0,4641.0,4299.0,8940.0,9486.0,8716.0,18202.0,8455.0,7758.0,16213.0,4945.0,4740.0,9685.0,3510.0,3018.0,6528.0
KUJAWSKO-POMORSKIE,2025,,,,,,,,,,,,,,,,,,,,,
LUBELSKIE,1999,-1730.0,-1304.0,-3034.0,,,,,,,11394.0,9956.0,21350.0,9664.0,8652.0,18316.0,,,,,,
LUBELSKIE,2000,-1677.0,-1292.0,-2969.0,6234.0,5164.0,11398.0,3873.0,3593.0,7466.0,10107.0,8757.0,18864.0,8430.0,7465.0,15895.0,4278.0,3992.0,8270.0,4152.0,3473.0,7625.0
LUBELSKIE,2001,-2084.0,-1559.0,-3643.0,6011.0,5032.0,11043.0,3420.0,3351.0,6771.0,9431.0,8383.0,17814.0,7347.0,6824.0,14171.0,3892.0,3833.0,7725.0,3455.0,2991.0,6446.0
LUBELSKIE,2002,-2151.0,-1689.0,-3840.0,6451.0,5524.0,11975.0,3807.0,3617.0,7424.0,10258.0,9141.0,19399.0,8107.0,7452.0,15559.0,4556.0,4381.0,8937.0,3551.0,3071.0,6622.0
LUBELSKIE,2003,-2632.0,-1944.0,-4576.0,7027.0,5880.0,12907.0,4165.0,3875.0,8040.0,11192.0,9755.0,20947.0,8560.0,7811.0,16371.0,4754.0,4678.0,9432.0,3806.0,3133.0,6939.0
LUBELSKIE,2004,-2710.0,-1841.0,-4551.0,6684.0,5498.0,12182.0,4524.0,4019.0,8543.0,11208.0,9517.0,20725.0,8498.0,7676.0,16174.0,4949.0,4697.0,9646.0,3549.0,2979.0,6528.0
LUBELSKIE,2005,-2876.0,-2029.0,-4905.0,6776.0,5484.0,12260.0,4499.0,3864.0,8363.0,11275.0,9348.0,20623.0,8399.0,7319.0,15718.0,4796.0,4373.0,9169.0,3603.0,2946.0,6549.0
LUBELSKIE,2006,-2941.0,-2219.0,-5160.0,7134.0,5894.0,13028.0,4550.0,4126.0,8676.0,11684.0,10020.0,21704.0,8743.0,7801.0,16544.0,5046.0,4730.0,9776.0,3697.0,3071.0,6768.0
LUBELSKIE,2007,-3007.0,-2136.0,-5143.0,7365.0,5879.0,13244.0,5484.0,4731.0,10215.0,12849.0,10610.0,23459.0,9842.0,8474.0,18316.0,5341.0,4988.0,10329.0,4501.0,3486.0,7987.0
LUBELSKIE,2008,-2364.0,-1754.0,-4118.0,5785.0,4536.0,10321.0,3989.0,3324.0,7313.0,9774.0,7860.0,17634.0,7410.0,6106.0,13516.0,4045.0,3634.0,7679.0,3365.0,2472.0,5837.0
LUBELSKIE,2009,-2493.0,-1744.0,-4237.0,5910.0,4392.0,10302.0,4112.0,3277.0,7389.0,10022.0,7669.0,17691.0,7529.0,5925.0,13454.0,4016.0,3477.0,7493.0,3513.0,2448.0,5961.0
LUBELSKIE,2010,-2883.0,-1984.0,-4867.0,6255.0,4715.0,10970.0,4238.0,3530.0,7768.0,10493.0,8245.0,18738.0,7610.0,6261.0,13871.0,4280.0,3779.0,8059.0,3330.0,2482.0,5812.0
LUBELSKIE,2011,-2834.0,-2126.0,-4960.0,6312.0,4853.0,11165.0,4009.0,3411.0,7420.0,10321.0,8264.0,18585.0,7487.0,6138.0,13625.0,4166.0,3663.0,7829.0,3321.0,2475.0,5796.0
LUBELSKIE,2012,-2875.0,-2143.0,-5018.0,5991.0,4761.0,10752.0,3975.0,3270.0,7245.0,9966.0,8031.0,17997.0,7091.0,5888.0,12979.0,3895.0,3456.0,7351.0,3196.0,2432.0,5628.0
LUBELSKIE,2013,-2793.0,-2161.0,-4954.0,6219.0,4958.0,11177.0,3947.0,3473.0,7420.0,10166.0,8431.0,18597.0,7373.0,6270.0,13643.0,4108.0,3730.0,7838.0,3265.0,2540.0,5805.0
LUBELSKIE,2014,-2817.0,-2308.0,-5125.0,6092.0,5004.0,11096.0,4014.0,3450.0,7464.0,10106.0,8454.0,18560.0,7289.0,6146.0,13435.0,3968.0,3520.0,7488.0,3321.0,2626.0,5947.0
LUBELSKIE,2015,-2614.0,-2200.0,-4814.0,5744.0,4753.0,10497.0,3750.0,3295.0,7045.0,9494.0,8048.0,17542.0,6880.0,5848.0,12728.0,3658.0,3439.0,7097.0,3222.0,2409.0,5631.0
LUBELSKIE,2016,-2471.0,-1981.0,-4452.0,5516.0,4540.0,10056.0,3641.0,3396.0,7037.0,9157.0,7936.0,17093.0,6686.0,5955.0,12641.0,3611.0,3393.0,7004.0,3075.0,2562.0,5637.0
LUBELSKIE,2017,-2801.0,-2271.0,-5072.0,5973.0,5011.0,10984.0,3749.0,3388.0,7137.0,9722.0,8399.0,18121.0,6921.0,6128.0,13049.0,3751.0,3519.0,7270.0,3170.0,2609.0,5779.0
LUBELSKIE,2018,-3220.0,-2584.0,-5804.0,6810.0,5637.0,12447.0,4264.0,3874.0,8138.0,11074.0,9511.0,20585.0,7854.0,6927.0,14781.0,4304.0,3986.0,8290.0,3550.0,2941.0,6491.0
LUBELSKIE,2019,-3603.0,-2892.0,-6495.0,7314.0,6128.0,13442.0,4411.0,4111.0,8522.0,11725.0,10239.0,21964.0,8122.0,7347.0,15469.0,4377.0,4234.0,8611.0,3745.0,3113.0,6858.0
LUBELSKIE,2020,-2522.0,-2163.0,-4685.0,5484.0,4514.0,9998.0,3749.0,3503.0,7252.0,9233.0,8017.0,17250.0,6711.0,5854.0,12565.0,3719.0,3453.0,7172.0,2992.0,2401.0,5393.0
LUBELSKIE,2021,-2817.0,-2204.0,-5021.0,6011.0,4965.0,10976.0,4487.0,4090.0,8577.0,10498.0,9055.0,19553.0,7681.0,6851.0,14532.0,4240.0,4006.0,8246.0,3441.0,2845.0,6286.0
LUBELSKIE,2022,-2547.0,-2139.0,-4686.0,5366.0,4423.0,9789.0,4268.0,3999.0,8267.0,9634.0,8422.0,18056.0,7087.0,6283.0,13370.0,3873.0,3783.0,7656.0,3214.0,2500.0,5714.0
LUBELSKIE,2023,-2567.0,-2140.0,-4707.0,5703.0,4797.0,10500.0,4013.0,3925.0,7938.0,9716.0,8722.0,18438.0,7149.0,6582.0,13731.0,3975.0,3842.0,7817.0,3174.0,2740.0,5914.0
LUBELSKIE,2024,-2742.0,-2452.0,-5194.0,6046.0,5251.0,11297.0,4461.0,4261.0,8722.0,10507.0,9512.0,20019.0,7765.0,7060.0,14825.0,4128.0,4055.0,8183.0,3637.0,3005.0,6642.0
LUBELSKIE,2025,,,,,,,,,,,,,,,,,,,,,
LUBUSKIE,1999,-133.0,-126.0,-259.0,,,,,,,4650.0,4314.0,8964.0,4517.0,4188.0,8705.0,,,,,,
LUBUSKIE,2000,-363.0,-77.0,-440.0,2724.0,2348.0,5072.0,1619.0,1543.0,3162.0,4343.0,3891.0,8234.0,3980.0,3814.0,7794.0,2446.0,2393.0,4839.0,1534.0,1421.0,2955.0
LUBUSKIE,2001,-433.0,-379.0,-812.0,2751.0,2545.0,5296.0,1517.0,1406.0,2923.0,4268.0,3951.0,8219.0,3835.0,3572.0,7407.0,2494.0,2330.0,4824.0,1341.0,1242.0,2583.0
LUBUSKIE,2002,-435.0,-360.0,-795.0,2835.0,2489.0,5324.0,1458.0,1419.0,2877.0,4293.0,3908.0,8201.0,3858.0,3548.0,7406.0,2488.0,2386.0,4874.0,1370.0,1162.0,2532.0
LUBUSKIE,2003,-242.0,-193.0,-435.0,2987.0,2645.0,5632.0,1734.0,1640.0,3374.0,4721.0,4285.0,9006.0,4479.0,4092.0,8571.0,2987.0,2778.0,5765.0,1492.0,1314.0,2806.0
LUBUSKIE,2004,-268.0,-102.0,-370.0,2818.0,2415.0,5233.0,1925.0,1854.0,3779.0,4743.0,4269.0,9012.0,4475.0,4167.0,8642.0,3025.0,2848.0,5873.0,1450.0,1319.0,2769.0
LUBUSKIE,2005,-323.0,-112.0,-435.0,2970.0,2528.0,5498.0,1869.0,1726.0,3595.0,4839.0,4254.0,9093.0,4516.0,4142.0,8658.0,2986.0,2774.0,5760.0,1530.0,1368.0,2898.0
LUBUSKIE,2006,-382.0,-145.0,-527.0,3297.0,2876.0,6173.0,2055.0,1944.0,3999.0,5352.0,4820.0,10172.0,4970.0,4675.0,9645.0,3312.0,3075.0,6387.0,1658.0,1600.0,3258.0
LUBUSKIE,2007,-366.0,-113.0,-479.0,3306.0,2858.0,6164.0,2377.0,2142.0,4519.0,5683.0,5000.0,10683.0,5317.0,4887.0,10204.0,3422.0,3199.0,6621.0,1895.0,1688.0,3583.0
LUBUSKIE,2008,-222.0,3.0,-219.0,2828.0,2194.0,5022.0,1984.0,1764.0,3748.0,4812.0,3958.0,8770.0,4590.0,3961.0,8551.0,2980.0,2671.0,5651.0,1610.0,1290.0,2900.0
LUBUSKIE,2009,-331.0,-119.0,-450.0,2832.0,2233.0,5065.0,2037.0,1682.0,3719.0,4869.0,3915.0,8784.0,4538.0,3796.0,8334.0,2968.0,2492.0,5460.0,1570.0,1304.0,2874.0
LUBUSKIE,2010,-350.0,-124.0,-474.0,2850.0,2300.0,5150.0,1952.0,1708.0,3660.0,4802.0,4008.0,8810.0,4452.0,3884.0,8336.0,2907.0,2596.0,5503.0,1545.0,1288.0,2833.0
LUBUSKIE,2011,-407.0,-258.0,-665.0,2832.0,2381.0,5213.0,1991.0,1773.0,3764.0,4823.0,4154.0,8977.0,4416.0,3896.0,8312.0,2794.0,2551.0,5345.0,1622.0,1345.0,2967.0
LUBUSKIE,2012,-298.0,-143.0,-441.0,2727.0,2240.0,4967.0,1965.0,1657.0,3622.0,4692.0,3897.0,8589.0,4394.0,3754.0,8148.0,2792.0,2481.0,5273.0,1602.0,1273.0,2875.0
LUBUSKIE,2013,-441.0,-302.0,-743.0,3029.0,2576.0,5605.0,2014.0,1881.0,3895.0,5043.0,4457.0,9500.0,4602.0,4155.0,8757.0,2881.0,2629.0,5510.0,1721.0,1526.0,3247.0
LUBUSKIE,2014,-459.0,-201.0,-660.0,2931.0,2404.0,5335.0,1749.0,1595.0,3344.0,4680.0,3999.0,8679.0,4221.0,3798.0,8019.0,2527.0,2356.0,4883.0,1694.0,1442.0,3136.0
LUBUSKIE,2015,-551.0,-342.0,-893.0,2756.0,2351.0,5107.0,1514.0,1408.0,2922.0,4270.0,3759.0,8029.0,3719.0,3417.0,7136.0,2316.0,2197.0,4513.0,1403.0,1220.0,2623.0
LUBUSKIE,2016,-417.0,-323.0,-740.0,2551.0,2161.0,4712.0,1514.0,1419.0,2933.0,4065.0,3580.0,7645.0,3648.0,3257.0,6905.0,2207.0,1996.0,4203.0,1441.0,1261.0,2702.0
LUBUSKIE,2017,-568.0,-220.0,-788.0,2744.0,2264.0,5008.0,1693.0,1519.0,3212.0,4437.0,3783.0,8220.0,3869.0,3563.0,7432.0,2305.0,2240.0,4545.0,1564.0,1323.0,2887.0
LUBUSKIE,2018,-545.0,-426.0,-971.0,2955.0,2629.0,5584.0,1723.0,1688.0,3411.0,4678.0,4317.0,8995.0,4133.0,3891.0,8024.0,2514.0,2422.0,4936.0,1619.0,1469.0,3088.0
LUBUSKIE,2019,-719.0,-526.0,-1245.0,3268.0,2828.0,6096.0,1947.0,1753.0,3700.0,5215.0,4581.0,9796.0,4496.0,4055.0,8551.0,2726.0,2467.0,5193.0,1770.0,1588.0,3358.0
LUBUSKIE,2020,-521.0,-321.0,-842.0,2413.0,2110.0,4523.0,1686.0,1598.0,3284.0,4099.0,3708.0,7807.0,3578.0,3387.0,6965.0,2226.0,2150.0,4376.0,1352.0,1237.0,2589.0
LUBUSKIE,2021,-615.0,-453.0,-1068.0,2521.0,2201.0,4722.0,1927.0,1790.0,3717.0,4448.0,3991.0,8439.0,3833.0,3538.0,7371.0,2330.0,2259.0,4589.0,1503.0,1279.0,2782.0
LUBUSKIE,2022,-477.0,-384.0,-861.0,2167.0,1992.0,4159.0,1967.0,1853.0,3820.0,4134.0,3845.0,7979.0,3657.0,3461.0,7118.0,2320.0,2279.0,4599.0,1337.0,1182.0,2519.0
LUBUSKIE,2023,-394.0,-359.0,-753.0,2270.0,1975.0,4245.0,1784.0,1739.0,3523.0,4054.0,3714.0,7768.0,3660.0,3355.0,7015.0,2371.0,2201.0,4572.0,1289.0,1154.0,2443.0
LUBUSKIE,2024,-543.0,-491.0,-1034.0,2327.0,2136.0,4463.0,1868.0,1758.0,3626.0,4195.0,3894.0,8089.0,3652.0,3403.0,7055.0,2254.0,2163.0,4417.0,1398.0,1240.0,2638.0
LUBUSKIE,2025,,,,,,,,,,,,,,,,,,,,,
MAZOWIECKIE,1999,3770.0,2957.0,6727.0,,,,,,,22330.0,19392.0,41722.0,26100.0,22349.0,48449.0,,,,,,
MAZOWIECKIE,2000,4781.0,4044.0,8825.0,13283.0,11164.0,24447.0,7252.0,6952.0,14204.0,20535.0,18116.0,38651.0,25316.0,22160.0,47476.0,16901.0,15045.0,31946.0,8415.0,7115.0,15530.0
MAZOWIECKIE,2001,5626.0,4240.0,9866.0,12448.0,10676.0,23124.0,6722.0,6473.0,13195.0,19170.0,17149.0,36319.0,24796.0,21389.0,46185.0,16995.0,14914.0,31909.0,7801.0,6475.0,14276.0
MAZOWIECKIE,2002,6964.0,5202.0,12166.0,13626.0,11552.0,25178.0,7709.0,7295.0,15004.0,21335.0,18847.0,40182.0,28299.0,24049.0,52348.0,19545.0,16870.0,36415.0,8754.0,7179.0,15933.0
MAZOWIECKIE,2003,7621.0,5707.0,13328.0,14324.0,11930.0,26254.0,8641.0,8002.0,16643.0,22965.0,19932.0,42897.0,30586.0,25639.0,56225.0,21191.0,18252.0,39443.0,9395.0,7387.0,16782.0
MAZOWIECKIE,2004,7557.0,5769.0,13326.0,14118.0,11923.0,26041.0,9024.0,8402.0,17426.0,23142.0,20325.0,43467.0,30699.0,26094.0,56793.0,21355.0,18482.0,39837.0,9344.0,7612.0,16956.0
MAZOWIECKIE,2005,8362.0,6158.0,14520.0,14130.0,11822.0,25952.0,8475.0,7879.0,16354.0,22605.0,19701.0,42306.0,30967.0,25859.0,56826.0,21470.0,18476.0,39946.0,9497.0,7383.0,16880.0
MAZOWIECKIE,2006,9185.0,7083.0,16268.0,16208.0,13474.0,29682.0,9776.0,8905.0,18681.0,25984.0,22379.0,48363.0,35169.0,29462.0,64631.0,24208.0,21017.0,45225.0,10961.0,8445.0,19406.0
MAZOWIECKIE,2007,8509.0,6437.0,14946.0,16794.0,13956.0,30750.0,11131.0,10119.0,21250.0,27925.0,24075.0,52000.0,36434.0,30512.0,66946.0,24897.0,21677.0,46574.0,11537.0,8835.0,20372.0
MAZOWIECKIE,2008,6406.0,4713.0,11119.0,13757.0,11137.0,24894.0,8758.0,7723.0,16481.0,22515.0,18860.0,41375.0,28921.0,23573.0,52494.0,19917.0,16967.0,36884.0,9004.0,6606.0,15610.0
MAZOWIECKIE,2009,6583.0,4888.0,11471.0,13102.0,10282.0,23384.0,8832.0,7625.0,16457.0,21934.0,17907.0,39841.0,28517.0,22795.0,51312.0,19502.0,16354.0,35856.0,9015.0,6441.0,15456.0
MAZOWIECKIE,2010,7383.0,5304.0,12687.0,14203.0,11618.0,25821.0,9682.0,8319.0,18001.0,23885.0,19937.0,43822.0,31268.0,25241.0,56509.0,21556.0,18484.0,40040.0,9712.0,6757.0,16469.0
MAZOWIECKIE,2011,7685.0,6015.0,13700.0,14296.0,11195.0,25491.0,8752.0,7891.0,16643.0,23048.0,19086.0,42134.0,30733.0,25101.0,55834.0,21039.0,18144.0,39183.0,9694.0,6957.0,16651.0
MAZOWIECKIE,2012,7244.0,5558.0,12802.0,13262.0,10549.0,23811.0,8132.0,7449.0,15581.0,21394.0,17998.0,39392.0,28638.0,23556.0,52194.0,19311.0,16727.0,36038.0,9327.0,6829.0,16156.0
MAZOWIECKIE,2013,7384.0,6073.0,13457.0,14071.0,11724.0,25795.0,8669.0,7780.0,16449.0,22740.0,19504.0,42244.0,30124.0,25577.0,55701.0,20049.0,18054.0,38103.0,10075.0,7523.0,17598.0
MAZOWIECKIE,2014,7353.0,5788.0,13141.0,14200.0,11601.0,25801.0,8357.0,7478.0,15835.0,22557.0,19079.0,41636.0,29910.0,24867.0,54777.0,19757.0,17285.0,37042.0,10153.0,7582.0,17735.0
MAZOWIECKIE,2015,6736.0,5649.0,12385.0,13170.0,10790.0,23960.0,7759.0,7011.0,14770.0,20929.0,17801.0,38730.0,27665.0,23450.0,51115.0,18320.0,16085.0,34405.0,9345.0,7365.0,16710.0
MAZOWIECKIE,2016,6202.0,4965.0,11167.0,12307.0,10088.0,22395.0,7522.0,6726.0,14248.0,19829.0,16814.0,36643.0,26031.0,21779.0,47810.0,17152.0,15038.0,32190.0,8879.0,6741.0,15620.0
MAZOWIECKIE,2017,6686.0,5343.0,12029.0,13111.0,11063.0,24174.0,7996.0,7261.0,15257.0,21107.0,18324.0,39431.0,27793.0,23667.0,51460.0,18371.0,16306.0,34677.0,9422.0,7361.0,16783.0
MAZOWIECKIE,2018,7955.0,6731.0,14686.0,15324.0,12696.0,28020.0,9139.0,8262.0,17401.0,24463.0,20958.0,45421.0,32418.0,27689.0,60107.0,21432.0,19219.0,40651.0,10986.0,8470.0,19456.0
MAZOWIECKIE,2019,8728.0,7049.0,15777.0,15864.0,13422.0,29286.0,9877.0,8808.0,18685.0,25741.0,22230.0,47971.0,34469.0,29279.0,63748.0,22837.0,20394.0,43231.0,11632.0,8885.0,20517.0
MAZOWIECKIE,2020,5534.0,4914.0,10448.0,12152.0,10166.0,22318.0,8904.0,8087.0,16991.0,21056.0,18253.0,39309.0,26590.0,23167.0,49757.0,17732.0,15980.0,33712.0,8858.0,7187.0,16045.0
MAZOWIECKIE,2021,5761.0,5073.0,10834.0,13377.0,11458.0,24835.0,10347.0,9659.0,20006.0,23724.0,21117.0,44841.0,29485.0,26190.0,55675.0,19779.0,18228.0,38007.0,9706.0,7962.0,17668.0
MAZOWIECKIE,2022,5110.0,4258.0,9368.0,12588.0,10764.0,23352.0,10210.0,9481.0,19691.0,22798.0,20245.0,43043.0,27908.0,24503.0,52411.0,18803.0,16959.0,35762.0,9105.0,7544.0,16649.0
MAZOWIECKIE,2023,5344.0,4873.0,10217.0,13132.0,11690.0,24822.0,10582.0,9825.0,20407.0,23714.0,21515.0,45229.0,29058.0,26388.0,55446.0,19643.0,18407.0,38050.0,9415.0,7981.0,17396.0
MAZOWIECKIE,2024,5337.0,4952.0,10289.0,13861.0,12491.0,26352.0,10819.0,10121.0,20940.0,24680.0,22612.0,47292.0,30017.0,27564.0,57581.0,20130.0,19097.0,39227.0,9887.0,8467.0,18354.0
MAZOWIECKIE,2025,,,,,,,,,,,,,,,,,,,,,
MAŁOPOLSKIE,1999,1151.0,793.0,1944.0,,,,,,,11019.0,9658.0,20677.0,12170.0,10451.0,22621.0,,,,,,
MAŁOPOLSKIE,2000,1402.0,974.0,2376.0,5300.0,4584.0,9884.0,4425.0,4001.0,8426.0,9725.0,8585.0,18310.0,11127.0,9559.0,20686.0,6911.0,5973.0,12884.0,4216.0,3586.0,7802.0
MAŁOPOLSKIE,2001,1559.0,1085.0,2644.0,5118.0,4359.0,9477.0,4063.0,3670.0,7733.0,9181.0,8029.0,17210.0,10740.0,9114.0,19854.0,6684.0,5812.0,12496.0,4056.0,3302.0,7358.0
MAŁOPOLSKIE,2002,1688.0,1298.0,2986.0,5328.0,4541.0,9869.0,4276.0,4059.0,8335.0,9604.0,8600.0,18204.0,11292.0,9898.0,21190.0,7427.0,6728.0,14155.0,3865.0,3170.0,7035.0
MAŁOPOLSKIE,2003,1925.0,1373.0,3298.0,5804.0,4932.0,10736.0,5097.0,4615.0,9712.0,10901.0,9547.0,20448.0,12826.0,10920.0,23746.0,8584.0,7416.0,16000.0,4242.0,3504.0,7746.0
MAŁOPOLSKIE,2004,1900.0,1355.0,3255.0,5488.0,4693.0,10181.0,5135.0,4759.0,9894.0,10623.0,9452.0,20075.0,12523.0,10807.0,23330.0,8157.0,7254.0,15411.0,4366.0,3553.0,7919.0
MAŁOPOLSKIE,2005,1968.0,1185.0,3153.0,5600.0,4813.0,10413.0,4852.0,4297.0,9149.0,10452.0,9110.0,19562.0,12420.0,10295.0,22715.0,8027.0,6992.0,15019.0,4393.0,3303.0,7696.0
MAŁOPOLSKIE,2006,1912.0,1397.0,3309.0,5802.0,5026.0,10828.0,5349.0,4858.0,10207.0,11151.0,9884.0,21035.0,13063.0,11281.0,24344.0,8534.0,7428.0,15962.0,4529.0,3853.0,8382.0
MAŁOPOLSKIE,2007,1845.0,1478.0,3323.0,5909.0,5054.0,10963.0,5934.0,5444.0,11378.0,11843.0,10498.0,22341.0,13688.0,11976.0,25664.0,8987.0,8074.0,17061.0,4701.0,3902.0,8603.0
MAŁOPOLSKIE,2008,1639.0,1162.0,2801.0,5002.0,4125.0,9127.0,4776.0,4123.0,8899.0,9778.0,8248.0,18026.0,11417.0,9410.0,20827.0,7563.0,6505.0,14068.0,3854.0,2905.0,6759.0
MAŁOPOLSKIE,2009,2281.0,1362.0,3643.0,5123.0,4230.0,9353.0,5138.0,4292.0,9430.0,10261.0,8522.0,18783.0,12542.0,9884.0,22426.0,8261.0,6812.0,15073.0,4281.0,3072.0,7353.0
MAŁOPOLSKIE,2010,2189.0,1484.0,3673.0,5233.0,4414.0,9647.0,5349.0,4602.0,9951.0,10582.0,9016.0,19598.0,12771.0,10500.0,23271.0,8600.0,7393.0,15993.0,4171.0,3107.0,7278.0
MAŁOPOLSKIE,2011,2229.0,1554.0,3783.0,5498.0,4472.0,9970.0,5269.0,4596.0,9865.0,10767.0,9068.0,19835.0,12996.0,10622.0,23618.0,8519.0,7273.0,15792.0,4477.0,3349.0,7826.0
MAŁOPOLSKIE,2012,1976.0,1378.0,3354.0,4967.0,4166.0,9133.0,4913.0,4368.0,9281.0,9880.0,8534.0,18414.0,11856.0,9912.0,21768.0,7673.0,6801.0,14474.0,4183.0,3111.0,7294.0
MAŁOPOLSKIE,2013,2060.0,1715.0,3775.0,5467.0,4795.0,10262.0,5429.0,4767.0,10196.0,10896.0,9562.0,20458.0,12956.0,11277.0,24233.0,8292.0,7580.0,15872.0,4664.0,3697.0,8361.0
MAŁOPOLSKIE,2014,2083.0,1489.0,3572.0,5483.0,4649.0,10132.0,4973.0,4398.0,9371.0,10456.0,9047.0,19503.0,12539.0,10536.0,23075.0,8002.0,6969.0,14971.0,4537.0,3567.0,8104.0
MAŁOPOLSKIE,2015,2019.0,1751.0,3770.0,5349.0,4519.0,9868.0,4672.0,4301.0,8973.0,10021.0,8820.0,18841.0,12040.0,10571.0,22611.0,7530.0,6904.0,14434.0,4510.0,3667.0,8177.0
MAŁOPOLSKIE,2016,1845.0,1531.0,3376.0,5162.0,4333.0,9495.0,4645.0,4188.0,8833.0,9807.0,8521.0,18328.0,11652.0,10052.0,21704.0,7248.0,6424.0,13672.0,4404.0,3628.0,8032.0
MAŁOPOLSKIE,2017,2146.0,1614.0,3760.0,5536.0,4811.0,10347.0,4930.0,4517.0,9447.0,10466.0,9328.0,19794.0,12612.0,10942.0,23554.0,7867.0,6963.0,14830.0,4745.0,3979.0,8724.0
MAŁOPOLSKIE,2018,2651.0,2191.0,4842.0,6702.0,5748.0,12450.0,5249.0,4671.0,9920.0,11951.0,10419.0,22370.0,14602.0,12610.0,27212.0,8866.0,7854.0,16720.0,5736.0,4756.0,10492.0
MAŁOPOLSKIE,2019,3325.0,2589.0,5914.0,7684.0,6449.0,14133.0,5547.0,4978.0,10525.0,13231.0,11427.0,24658.0,16556.0,14016.0,30572.0,9895.0,8792.0,18687.0,6661.0,5224.0,11885.0
MAŁOPOLSKIE,2020,1859.0,1553.0,3412.0,5506.0,4772.0,10278.0,4912.0,4640.0,9552.0,10418.0,9412.0,19830.0,12277.0,10965.0,23242.0,7357.0,6943.0,14300.0,4920.0,4022.0,8942.0
MAŁOPOLSKIE,2021,2156.0,1956.0,4112.0,6277.0,5293.0,11570.0,5841.0,5518.0,11359.0,12118.0,10811.0,22929.0,14274.0,12767.0,27041.0,8543.0,7996.0,16539.0,5731.0,4771.0,10502.0
MAŁOPOLSKIE,2022,1880.0,1673.0,3553.0,6064.0,5054.0,11118.0,5765.0,5512.0,11277.0,11829.0,10566.0,22395.0,13709.0,12239.0,25948.0,8169.0,7665.0,15834.0,5540.0,4574.0,10114.0
MAŁOPOLSKIE,2023,2088.0,1712.0,3800.0,6137.0,5423.0,11560.0,5671.0,5227.0,10898.0,11808.0,10650.0,22458.0,13896.0,12362.0,26258.0,8228.0,7635.0,15863.0,5668.0,4727.0,10395.0
MAŁOPOLSKIE,2024,2143.0,1900.0,4043.0,6300.0,5633.0,11933.0,5765.0,5418.0,11183.0,12065.0,11051.0,23116.0,14208.0,12951.0,27159.0,8452.0,7995.0,16447.0,5756.0,4956.0,10712.0
MAŁOPOLSKIE,2025,,,,,,,,,,,,,,,,,,,,,
OPOLSKIE,1999,-18.0,-4.0,-22.0,,,,,,,3900.0,3598.0,7498.0,3882.0,3594.0,7476.0,,,,,,
OPOLSKIE,2000,-43.0,-45.0,-88.0,2100.0,1916.0,4016.0,1391.0,1342.0,2733.0,3491.0,3258.0,6749.0,3448.0,3213.0,6661.0,2015.0,1912.0,3927.0,1433.0,1301.0,2734.0
OPOLSKIE,2001,-149.0,-98.0,-247.0,1947.0,1726.0,3673.0,1367.0,1262.0,2629.0,3314.0,2988.0,6302.0,3165.0,2890.0,6055.0,1951.0,1810.0,3761.0,1214.0,1080.0,2294.0
OPOLSKIE,2002,-371.0,-311.0,-682.0,2130.0,1877.0,4007.0,1392.0,1388.0,2780.0,3522.0,3265.0,6787.0,3151.0,2954.0,6105.0,1874.0,1808.0,3682.0,1277.0,1146.0,2423.0
OPOLSKIE,2003,-229.0,-311.0,-540.0,2099.0,1864.0,3963.0,1504.0,1459.0,2963.0,3603.0,3323.0,6926.0,3374.0,3012.0,6386.0,2094.0,1931.0,4025.0,1280.0,1081.0,2361.0
OPOLSKIE,2004,-164.0,-257.0,-421.0,2221.0,1949.0,4170.0,1455.0,1454.0,2909.0,3676.0,3403.0,7079.0,3512.0,3146.0,6658.0,2173.0,1960.0,4133.0,1339.0,1186.0,2525.0
OPOLSKIE,2005,-321.0,-312.0,-633.0,2111.0,1895.0,4006.0,1379.0,1291.0,2670.0,3490.0,3186.0,6676.0,3169.0,2874.0,6043.0,1986.0,1836.0,3822.0,1183.0,1038.0,2221.0
OPOLSKIE,2006,-331.0,-506.0,-837.0,2282.0,2102.0,4384.0,1580.0,1474.0,3054.0,3862.0,3576.0,7438.0,3531.0,3070.0,6601.0,2163.0,1892.0,4055.0,1368.0,1178.0,2546.0
OPOLSKIE,2007,-320.0,-425.0,-745.0,2359.0,2077.0,4436.0,1792.0,1721.0,3513.0,4151.0,3798.0,7949.0,3831.0,3373.0,7204.0,2426.0,2036.0,4462.0,1405.0,1337.0,2742.0
OPOLSKIE,2008,-214.0,-225.0,-439.0,1970.0,1604.0,3574.0,1551.0,1393.0,2944.0,3521.0,2997.0,6518.0,3307.0,2772.0,6079.0,2014.0,1756.0,3770.0,1293.0,1016.0,2309.0
OPOLSKIE,2009,-322.0,-294.0,-616.0,2051.0,1719.0,3770.0,1618.0,1392.0,3010.0,3669.0,3111.0,6780.0,3347.0,2817.0,6164.0,1939.0,1771.0,3710.0,1408.0,1046.0,2454.0
OPOLSKIE,2010,-362.0,-309.0,-671.0,2133.0,1822.0,3955.0,1545.0,1442.0,2987.0,3678.0,3264.0,6942.0,3316.0,2955.0,6271.0,2012.0,1793.0,3805.0,1304.0,1162.0,2466.0
OPOLSKIE,2011,-333.0,-331.0,-664.0,2137.0,1751.0,3888.0,1524.0,1378.0,2902.0,3661.0,3129.0,6790.0,3328.0,2798.0,6126.0,1998.0,1725.0,3723.0,1330.0,1073.0,2403.0
OPOLSKIE,2012,-208.0,-229.0,-437.0,1967.0,1658.0,3625.0,1427.0,1272.0,2699.0,3394.0,2930.0,6324.0,3186.0,2701.0,5887.0,1848.0,1715.0,3563.0,1338.0,986.0,2324.0
OPOLSKIE,2013,-423.0,-469.0,-892.0,2144.0,1952.0,4096.0,1505.0,1460.0,2965.0,3649.0,3412.0,7061.0,3226.0,2943.0,6169.0,1917.0,1709.0,3626.0,1309.0,1234.0,2543.0
OPOLSKIE,2014,-296.0,-395.0,-691.0,2004.0,1834.0,3838.0,1367.0,1322.0,2689.0,3371.0,3156.0,6527.0,3075.0,2761.0,5836.0,1818.0,1656.0,3474.0,1257.0,1105.0,2362.0
OPOLSKIE,2015,-377.0,-433.0,-810.0,1901.0,1688.0,3589.0,1273.0,1176.0,2449.0,3174.0,2864.0,6038.0,2797.0,2431.0,5228.0,1604.0,1373.0,2977.0,1193.0,1058.0,2251.0
OPOLSKIE,2016,-381.0,-345.0,-726.0,1946.0,1668.0,3614.0,1264.0,1181.0,2445.0,3210.0,2849.0,6059.0,2829.0,2504.0,5333.0,1627.0,1440.0,3067.0,1202.0,1064.0,2266.0
OPOLSKIE,2017,-340.0,-405.0,-745.0,1907.0,1838.0,3745.0,1308.0,1203.0,2511.0,3215.0,3041.0,6256.0,2875.0,2636.0,5511.0,1669.0,1582.0,3251.0,1206.0,1054.0,2260.0
OPOLSKIE,2018,-303.0,-388.0,-691.0,2248.0,2003.0,4251.0,1346.0,1311.0,2657.0,3594.0,3314.0,6908.0,3291.0,2926.0,6217.0,1904.0,1701.0,3605.0,1387.0,1225.0,2612.0
OPOLSKIE,2019,-551.0,-456.0,-1007.0,2392.0,2039.0,4431.0,1510.0,1383.0,2893.0,3902.0,3422.0,7324.0,3351.0,2966.0,6317.0,1909.0,1717.0,3626.0,1442.0,1249.0,2691.0
OPOLSKIE,2020,-365.0,-382.0,-747.0,1924.0,1693.0,3617.0,1317.0,1226.0,2543.0,3241.0,2919.0,6160.0,2876.0,2537.0,5413.0,1646.0,1520.0,3166.0,1230.0,1017.0,2247.0
OPOLSKIE,2021,-355.0,-409.0,-764.0,1948.0,1749.0,3697.0,1443.0,1437.0,2880.0,3391.0,3186.0,6577.0,3036.0,2777.0,5813.0,1721.0,1679.0,3400.0,1315.0,1098.0,2413.0
OPOLSKIE,2022,-360.0,-372.0,-732.0,1773.0,1624.0,3397.0,1392.0,1369.0,2761.0,3165.0,2993.0,6158.0,2805.0,2621.0,5426.0,1639.0,1590.0,3229.0,1166.0,1031.0,2197.0
OPOLSKIE,2023,-468.0,-486.0,-954.0,1894.0,1738.0,3632.0,1353.0,1289.0,2642.0,3247.0,3027.0,6274.0,2779.0,2541.0,5320.0,1688.0,1544.0,3232.0,1091.0,997.0,2088.0
OPOLSKIE,2024,-408.0,-375.0,-783.0,1952.0,1694.0,3646.0,1565.0,1410.0,2975.0,3517.0,3104.0,6621.0,3109.0,2729.0,5838.0,1843.0,1665.0,3508.0,1266.0,1064.0,2330.0
OPOLSKIE,2025,,,,,,,,,,,,,,,,,,,,,
PODKARPACKIE,1999,-933.0,-595.0,-1528.0,,,,,,,7974.0,6920.0,14894.0,7041.0,6325.0,13366.0,,,,,,
PODKARPACKIE,2000,-1012.0,-718.0,-1730.0,3976.0,3437.0,7413.0,3195.0,2925.0,6120.0,7171.0,6362.0,13533.0,6159.0,5644.0,11803.0,3148.0,2941.0,6089.0,3011.0,2703.0,5714.0
PODKARPACKIE,2001,-993.0,-798.0,-1791.0,4093.0,3501.0,7594.0,3178.0,2988.0,6166.0,7271.0,6489.0,13760.0,6278.0,5691.0,11969.0,3296.0,2988.0,6284.0,2982.0,2703.0,5685.0
PODKARPACKIE,2002,-1325.0,-1106.0,-2431.0,4349.0,3778.0,8127.0,3314.0,3258.0,6572.0,7663.0,7036.0,14699.0,6338.0,5930.0,12268.0,3304.0,3189.0,6493.0,3034.0,2741.0,5775.0
PODKARPACKIE,2003,-1325.0,-867.0,-2192.0,4523.0,3853.0,8376.0,3533.0,3327.0,6860.0,8056.0,7180.0,15236.0,6731.0,6313.0,13044.0,3705.0,3595.0,7300.0,3026.0,2718.0,5744.0
PODKARPACKIE,2004,-1203.0,-870.0,-2073.0,4534.0,3777.0,8311.0,3592.0,3458.0,7050.0,8126.0,7235.0,15361.0,6923.0,6365.0,13288.0,3716.0,3592.0,7308.0,3207.0,2773.0,5980.0
PODKARPACKIE,2005,-1176.0,-825.0,-2001.0,4245.0,3556.0,7801.0,3348.0,3017.0,6365.0,7593.0,6573.0,14166.0,6417.0,5748.0,12165.0,3455.0,3255.0,6710.0,2962.0,2493.0,5455.0
PODKARPACKIE,2006,-1121.0,-786.0,-1907.0,4513.0,3763.0,8276.0,3474.0,3122.0,6596.0,7987.0,6885.0,14872.0,6866.0,6099.0,12965.0,3698.0,3384.0,7082.0,3168.0,2715.0,5883.0
PODKARPACKIE,2007,-1163.0,-1006.0,-2169.0,5253.0,4753.0,10006.0,3954.0,3778.0,7732.0,9207.0,8531.0,17738.0,8044.0,7525.0,15569.0,4057.0,3662.0,7719.0,3987.0,3863.0,7850.0
PODKARPACKIE,2008,-979.0,-560.0,-1539.0,3916.0,3098.0,7014.0,3035.0,2630.0,5665.0,6951.0,5728.0,12679.0,5972.0,5168.0,11140.0,3194.0,2922.0,6116.0,2778.0,2246.0,5024.0
PODKARPACKIE,2009,-1215.0,-771.0,-1986.0,3978.0,3133.0,7111.0,3087.0,2662.0,5749.0,7065.0,5795.0,12860.0,5850.0,5024.0,10874.0,3061.0,2763.0,5824.0,2789.0,2261.0,5050.0
PODKARPACKIE,2010,-1202.0,-771.0,-1973.0,4273.0,3460.0,7733.0,3124.0,2727.0,5851.0,7397.0,6187.0,13584.0,6195.0,5416.0,11611.0,3370.0,3066.0,6436.0,2825.0,2350.0,5175.0
PODKARPACKIE,2011,-1317.0,-895.0,-2212.0,4422.0,3518.0,7940.0,3213.0,2752.0,5965.0,7635.0,6270.0,13905.0,6318.0,5375.0,11693.0,3329.0,3055.0,6384.0,2989.0,2320.0,5309.0
PODKARPACKIE,2012,-1129.0,-818.0,-1947.0,4086.0,3358.0,7444.0,2991.0,2572.0,5563.0,7077.0,5930.0,13007.0,5948.0,5112.0,11060.0,3084.0,2803.0,5887.0,2864.0,2309.0,5173.0
PODKARPACKIE,2013,-1330.0,-943.0,-2273.0,4371.0,3640.0,8011.0,3134.0,2913.0,6047.0,7505.0,6553.0,14058.0,6175.0,5610.0,11785.0,3186.0,3045.0,6231.0,2989.0,2565.0,5554.0
PODKARPACKIE,2014,-1155.0,-786.0,-1941.0,4296.0,3535.0,7831.0,3012.0,2595.0,5607.0,7308.0,6130.0,13438.0,6153.0,5344.0,11497.0,3188.0,2911.0,6099.0,2965.0,2433.0,5398.0
PODKARPACKIE,2015,-1349.0,-1051.0,-2400.0,4439.0,3768.0,8207.0,3121.0,2779.0,5900.0,7560.0,6547.0,14107.0,6211.0,5496.0,11707.0,3150.0,2957.0,6107.0,3061.0,2539.0,5600.0
PODKARPACKIE,2016,-1265.0,-782.0,-2047.0,4412.0,3640.0,8052.0,3022.0,2695.0,5717.0,7434.0,6335.0,13769.0,6169.0,5553.0,11722.0,3088.0,2915.0,6003.0,3081.0,2638.0,5719.0
PODKARPACKIE,2017,-1267.0,-873.0,-2140.0,4852.0,4033.0,8885.0,3191.0,2946.0,6137.0,8043.0,6979.0,15022.0,6776.0,6106.0,12882.0,3406.0,3197.0,6603.0,3370.0,2909.0,6279.0
PODKARPACKIE,2018,-1775.0,-1344.0,-3119.0,5537.0,4632.0,10169.0,3286.0,3084.0,6370.0,8823.0,7716.0,16539.0,7048.0,6372.0,13420.0,3615.0,3425.0,7040.0,3433.0,2947.0,6380.0
PODKARPACKIE,2019,-1964.0,-1498.0,-3462.0,5961.0,5066.0,11027.0,3699.0,3362.0,7061.0,9660.0,8428.0,18088.0,7696.0,6930.0,14626.0,3756.0,3557.0,7313.0,3940.0,3373.0,7313.0
PODKARPACKIE,2020,-1316.0,-910.0,-2226.0,4339.0,3762.0,8101.0,3217.0,2878.0,6095.0,7556.0,6640.0,14196.0,6240.0,5730.0,11970.0,3126.0,2967.0,6093.0,3114.0,2763.0,5877.0
PODKARPACKIE,2021,-1305.0,-892.0,-2197.0,4755.0,4257.0,9012.0,3453.0,3242.0,6695.0,8208.0,7499.0,15707.0,6903.0,6607.0,13510.0,3527.0,3496.0,7023.0,3376.0,3111.0,6487.0
PODKARPACKIE,2022,-1202.0,-1026.0,-2228.0,4530.0,3836.0,8366.0,3556.0,3246.0,6802.0,8086.0,7082.0,15168.0,6884.0,6056.0,12940.0,3411.0,3197.0,6608.0,3473.0,2859.0,6332.0
PODKARPACKIE,2023,-1500.0,-1164.0,-2664.0,4593.0,4063.0,8656.0,3360.0,3000.0,6360.0,7953.0,7063.0,15016.0,6453.0,5899.0,12352.0,3248.0,3087.0,6335.0,3205.0,2812.0,6017.0
PODKARPACKIE,2024,-1606.0,-1223.0,-2829.0,4727.0,4304.0,9031.0,3437.0,3280.0,6717.0,8164.0,7584.0,15748.0,6558.0,6361.0,12919.0,3240.0,3191.0,6431.0,3318.0,3170.0,6488.0
PODKARPACKIE,2025,,,,,,,,,,,,,,,,,,,,,
PODLASKIE,1999,-564.0,-318.0,-882.0,,,,,,,6881.0,5584.0,12465.0,6317.0,5266.0,11583.0,,,,,,
PODLASKIE,2000,-685.0,-570.0,-1255.0,4264.0,3535.0,7799.0,1933.0,1740.0,3673.0,6197.0,5275.0,11472.0,5512.0,4705.0,10217.0,2910.0,2656.0,5566.0,2602.0,2049.0,4651.0
PODLASKIE,2001,-661.0,-439.0,-1100.0,4028.0,3356.0,7384.0,1793.0,1539.0,3332.0,5821.0,4895.0,10716.0,5160.0,4456.0,9616.0,2814.0,2575.0,5389.0,2346.0,1881.0,4227.0
PODLASKIE,2002,-874.0,-607.0,-1481.0,4370.0,3593.0,7963.0,2055.0,1756.0,3811.0,6425.0,5349.0,11774.0,5551.0,4742.0,10293.0,3020.0,2692.0,5712.0,2531.0,2050.0,4581.0
PODLASKIE,2003,-884.0,-705.0,-1589.0,4175.0,3429.0,7604.0,2126.0,1877.0,4003.0,6301.0,5306.0,11607.0,5417.0,4601.0,10018.0,3171.0,2913.0,6084.0,2246.0,1688.0,3934.0
PODLASKIE,2004,-774.0,-734.0,-1508.0,3909.0,3304.0,7213.0,2226.0,1976.0,4202.0,6135.0,5280.0,11415.0,5361.0,4546.0,9907.0,3211.0,2926.0,6137.0,2150.0,1620.0,3770.0
PODLASKIE,2005,-1056.0,-782.0,-1838.0,3901.0,3195.0,7096.0,2190.0,1864.0,4054.0,6091.0,5059.0,11150.0,5035.0,4277.0,9312.0,3004.0,2749.0,5753.0,2031.0,1528.0,3559.0
PODLASKIE,2006,-1174.0,-820.0,-1994.0,4515.0,3659.0,8174.0,2302.0,1988.0,4290.0,6817.0,5647.0,12464.0,5643.0,4827.0,10470.0,3224.0,2968.0,6192.0,2419.0,1859.0,4278.0
PODLASKIE,2007,-1255.0,-927.0,-2182.0,4312.0,3397.0,7709.0,2582.0,2166.0,4748.0,6894.0,5563.0,12457.0,5639.0,4636.0,10275.0,3303.0,2986.0,6289.0,2336.0,1650.0,3986.0
PODLASKIE,2008,-859.0,-581.0,-1440.0,3647.0,2654.0,6301.0,1994.0,1620.0,3614.0,5641.0,4274.0,9915.0,4782.0,3693.0,8475.0,2826.0,2386.0,5212.0,1956.0,1307.0,3263.0
PODLASKIE,2009,-943.0,-709.0,-1652.0,3532.0,2723.0,6255.0,2012.0,1630.0,3642.0,5544.0,4353.0,9897.0,4601.0,3644.0,8245.0,2807.0,2362.0,5169.0,1794.0,1282.0,3076.0
PODLASKIE,2010,-970.0,-646.0,-1616.0,3822.0,2812.0,6634.0,2241.0,1805.0,4046.0,6063.0,4617.0,10680.0,5093.0,3971.0,9064.0,3090.0,2643.0,5733.0,2003.0,1328.0,3331.0
PODLASKIE,2011,-1096.0,-802.0,-1898.0,3883.0,3081.0,6964.0,2094.0,1844.0,3938.0,5977.0,4925.0,10902.0,4881.0,4123.0,9004.0,2899.0,2652.0,5551.0,1982.0,1471.0,3453.0
PODLASKIE,2012,-1012.0,-733.0,-1745.0,3750.0,2933.0,6683.0,1991.0,1672.0,3663.0,5741.0,4605.0,10346.0,4729.0,3872.0,8601.0,2763.0,2453.0,5216.0,1966.0,1419.0,3385.0
PODLASKIE,2013,-1147.0,-906.0,-2053.0,3856.0,3062.0,6918.0,1996.0,1728.0,3724.0,5852.0,4790.0,10642.0,4705.0,3884.0,8589.0,2755.0,2442.0,5197.0,1950.0,1442.0,3392.0
PODLASKIE,2014,-1119.0,-793.0,-1912.0,3996.0,2964.0,6960.0,1863.0,1665.0,3528.0,5859.0,4629.0,10488.0,4740.0,3836.0,8576.0,2773.0,2430.0,5203.0,1967.0,1406.0,3373.0
PODLASKIE,2015,-1133.0,-774.0,-1907.0,3646.0,2808.0,6454.0,1910.0,1543.0,3453.0,5556.0,4351.0,9907.0,4423.0,3577.0,8000.0,2560.0,2274.0,4834.0,1863.0,1303.0,3166.0
PODLASKIE,2016,-843.0,-722.0,-1565.0,3547.0,2863.0,6410.0,1905.0,1592.0,3497.0,5452.0,4455.0,9907.0,4609.0,3733.0,8342.0,2671.0,2353.0,5024.0,1938.0,1380.0,3318.0
PODLASKIE,2017,-1110.0,-756.0,-1866.0,3902.0,2997.0,6899.0,1952.0,1739.0,3691.0,5854.0,4736.0,10590.0,4744.0,3980.0,8724.0,2735.0,2521.0,5256.0,2009.0,1459.0,3468.0
PODLASKIE,2018,-1344.0,-937.0,-2281.0,4359.0,3501.0,7860.0,2236.0,1983.0,4219.0,6595.0,5484.0,12079.0,5251.0,4547.0,9798.0,3130.0,2913.0,6043.0,2121.0,1634.0,3755.0
PODLASKIE,2019,-1335.0,-1124.0,-2459.0,4313.0,3548.0,7861.0,2434.0,2135.0,4569.0,6747.0,5683.0,12430.0,5412.0,4559.0,9971.0,3194.0,2916.0,6110.0,2218.0,1643.0,3861.0
PODLASKIE,2020,-928.0,-774.0,-1702.0,3373.0,2641.0,6014.0,2195.0,1950.0,4145.0,5568.0,4591.0,10159.0,4640.0,3817.0,8457.0,2892.0,2514.0,5406.0,1748.0,1303.0,3051.0
PODLASKIE,2021,-978.0,-679.0,-1657.0,3576.0,2923.0,6499.0,2452.0,2149.0,4601.0,6028.0,5072.0,11100.0,5050.0,4393.0,9443.0,3118.0,2901.0,6019.0,1932.0,1492.0,3424.0
PODLASKIE,2022,-833.0,-693.0,-1526.0,3251.0,2794.0,6045.0,2372.0,2107.0,4479.0,5623.0,4901.0,10524.0,4790.0,4208.0,8998.0,2962.0,2780.0,5742.0,1828.0,1428.0,3256.0
PODLASKIE,2023,-1017.0,-827.0,-1844.0,3400.0,2893.0,6293.0,2409.0,2185.0,4594.0,5809.0,5078.0,10887.0,4792.0,4251.0,9043.0,3017.0,2818.0,5835.0,1775.0,1433.0,3208.0
PODLASKIE,2024,-1003.0,-855.0,-1858.0,3546.0,3066.0,6612.0,2470.0,2379.0,4849.0,6016.0,5445.0,11461.0,5013.0,4590.0,9603.0,3107.0,2993.0,6100.0,1906.0,1597.0,3503.0
PODLASKIE,2025,,,,,,,,,,,,,,,,,,,,,
POLSKA,1999,0.0,0.0,0.0,,,,,,,164214.0,146866.0,311080.0,164214.0,146866.0,311080.0,,,,,,
POLSKA,2000,0.0,0.0,0.0,94793.0,82732.0,177525.0,54819.0,52112.0,106931.0,149612.0,134844.0,284456.0,149612.0,134844.0,284456.0,95594.0,87393.0,182987.0,54018.0,47451.0,101469.0
POLSKA,2001,0.0,0.0,0.0,90641.0,79272.0,169913.0,51085.0,48284.0,99369.0,141726.0,127556.0,269282.0,141726.0,127556.0,269282.0,92433.0,84484.0,176917.0,49293.0,43072.0,92365.0
POLSKA,2002,0.0,0.0,0.0,97943.0,85116.0,183059.0,56365.0,53811.0,110176.0,154308.0,138927.0,293235.0,154308.0,138927.0,293235.0,102416.0,94034.0,196450.0,51892.0,44893.0,96785.0
POLSKA,2003,0.0,0.0,0.0,102507.0,87721.0,190228.0,62600.0,58050.0,120650.0,165107.0,145771.0,310878.0,165107.0,145771.0,310878.0,111997.0,100994.0,212991.0,53110.0,44777.0,97887.0
POLSKA,2004,0.0,0.0,0.0,99628.0,86429.0,186057.0,65131.0,61253.0,126384.0,164759.0,147682.0,312441.0,164759.0,147682.0,312441.0,112506.0,102615.0,215121.0,52253.0,45067.0,97320.0
POLSKA,2005,0.0,0.0,0.0,100974.0,85976.0,186950.0,62515.0,57380.0,119895.0,163489.0,143356.0,306845.0,163489.0,143356.0,306845.0,110592.0,99689.0,210281.0,52897.0,43667.0,96564.0
POLSKA,2006,0.0,0.0,0.0,109759.0,94628.0,204387.0,69813.0,64299.0,134112.0,179572.0,158927.0,338499.0,179572.0,158927.0,338499.0,120986.0,109655.0,230641.0,58586.0,49272.0,107858.0
POLSKA,2007,0.0,0.0,0.0,112372.0,96662.0,209034.0,79013.0,72838.0,151851.0,191385.0,169500.0,360885.0,191385.0,169500.0,360885.0,127693.0,116264.0,243957.0,63692.0,53236.0,116928.0
POLSKA,2008,0.0,0.0,0.0,93606.0,77304.0,170910.0,64318.0,56219.0,120537.0,157924.0,133523.0,291447.0,157924.0,133523.0,291447.0,106174.0,93381.0,199555.0,51750.0,40142.0,91892.0
POLSKA,2009,0.0,0.0,0.0,93003.0,75281.0,168284.0,65416.0,56384.0,121800.0,158419.0,131665.0,290084.0,158419.0,131665.0,290084.0,106163.0,91719.0,197882.0,52256.0,39946.0,92202.0
POLSKA,2010,0.0,0.0,0.0,97326.0,80551.0,177877.0,67537.0,59569.0,127106.0,164863.0,140120.0,304983.0,164863.0,140120.0,304983.0,111836.0,98897.0,210733.0,53027.0,41223.0,94250.0
POLSKA,2011,0.0,0.0,0.0,98391.0,80869.0,179260.0,65229.0,57990.0,123219.0,163620.0,138859.0,302479.0,163620.0,138859.0,302479.0,109914.0,96932.0,206846.0,53706.0,41927.0,95633.0
POLSKA,2012,0.0,0.0,0.0,91826.0,75974.0,167800.0,61379.0,54479.0,115858.0,153205.0,130453.0,283658.0,153205.0,130453.0,283658.0,101453.0,90305.0,191758.0,51752.0,40148.0,91900.0
POLSKA,2013,0.0,0.0,0.0,97570.0,84299.0,181869.0,65477.0,59786.0,125263.0,163047.0,144085.0,307132.0,163047.0,144085.0,307132.0,107911.0,98512.0,206423.0,55136.0,45573.0,100709.0
POLSKA,2014,0.0,0.0,0.0,95671.0,80641.0,176312.0,61716.0,55606.0,117322.0,157387.0,136247.0,293634.0,157387.0,136247.0,293634.0,102770.0,92212.0,194982.0,54617.0,44035.0,98652.0
POLSKA,2015,0.0,0.0,0.0,90872.0,77063.0,167935.0,58370.0,53021.0,111391.0,149242.0,130084.0,279326.0,149242.0,130084.0,279326.0,96651.0,87016.0,183667.0,52591.0,43068.0,95659.0
POLSKA,2016,0.0,0.0,0.0,87117.0,73448.0,160565.0,57935.0,52694.0,110629.0,145052.0,126142.0,271194.0,145052.0,126142.0,271194.0,93710.0,84090.0,177800.0,51342.0,42052.0,93394.0
POLSKA,2017,0.0,0.0,0.0,92196.0,78520.0,170716.0,61078.0,55906.0,116984.0,153274.0,134426.0,287700.0,153274.0,134426.0,287700.0,99179.0,89605.0,188784.0,54095.0,44821.0,98916.0
POLSKA,2018,0.0,0.0,0.0,105454.0,90012.0,195466.0,67972.0,62731.0,130703.0,173426.0,152743.0,326169.0,173426.0,152743.0,326169.0,112073.0,102269.0,214342.0,61353.0,50474.0,111827.0
POLSKA,2019,0.0,0.0,0.0,110893.0,94862.0,205755.0,72114.0,66070.0,138184.0,183007.0,160932.0,343939.0,183007.0,160932.0,343939.0,117694.0,107258.0,224952.0,65313.0,53674.0,118987.0
POLSKA,2020,0.0,0.0,0.0,84045.0,72481.0,156526.0,63069.0,58258.0,121327.0,147114.0,130739.0,277853.0,147114.0,130739.0,277853.0,95658.0,87761.0,183419.0,51456.0,42978.0,94434.0
POLSKA,2021,0.0,0.0,0.0,91819.0,79932.0,171751.0,71429.0,66847.0,138276.0,163248.0,146779.0,310027.0,163248.0,146779.0,310027.0,106005.0,98336.0,204341.0,57243.0,48443.0,105686.0
POLSKA,2022,0.0,0.0,0.0,83766.0,72941.0,156707.0,69533.0,65020.0,134553.0,153299.0,137961.0,291260.0,153299.0,137961.0,291260.0,98833.0,92237.0,191070.0,54466.0,45724.0,100190.0
POLSKA,2023,0.0,0.0,0.0,88103.0,77832.0,165935.0,68398.0,63948.0,132346.0,156501.0,141780.0,298281.0,156501.0,141780.0,298281.0,102341.0,95252.0,197593.0,54160.0,46528.0,100688.0
POLSKA,2024,0.0,0.0,0.0,91612.0,82704.0,174316.0,70766.0,66573.0,137339.0,162378.0,149277.0,311655.0,162378.0,149277.0,311655.0,104247.0,98713.0,202960.0,58131.0,50564.0,108695.0
POLSKA,2025,,,,,,,,,,,,,,,,,,,,,
POMORSKIE,1999,1077.0,1043.0,2120.0,,,,,,,9733.0,8856.0,18589.0,10810.0,9899.0,20709.0,,,,,,
POMORSKIE,2000,969.0,682.0,1651.0,6221.0,5579.0,11800.0,2631.0,2675.0,5306.0,8852.0,8254.0,17106.0,9821.0,8936.0,18757.0,7122.0,6466.0,13588.0,2699.0,2470.0,5169.0
POMORSKIE,2001,984.0,1090.0,2074.0,6025.0,5288.0,11313.0,2555.0,2486.0,5041.0,8580.0,7774.0,16354.0,9564.0,8864.0,18428.0,7061.0,6552.0,13613.0,2503.0,2312.0,4815.0
POMORSKIE,2002,1035.0,947.0,1982.0,6405.0,5647.0,12052.0,2955.0,2783.0,5738.0,9360.0,8430.0,17790.0,10395.0,9377.0,19772.0,7395.0,6740.0,14135.0,3000.0,2637.0,5637.0
POMORSKIE,2003,1046.0,954.0,2000.0,6760.0,5804.0,12564.0,3534.0,3286.0,6820.0,10294.0,9090.0,19384.0,11340.0,10044.0,21384.0,8161.0,7289.0,15450.0,3179.0,2755.0,5934.0
POMORSKIE,2004,1222.0,1094.0,2316.0,6522.0,5948.0,12470.0,3802.0,3598.0,7400.0,10324.0,9546.0,19870.0,11546.0,10640.0,22186.0,8611.0,7898.0,16509.0,2935.0,2742.0,5677.0
POMORSKIE,2005,1308.0,962.0,2270.0,6794.0,5901.0,12695.0,3517.0,3337.0,6854.0,10311.0,9238.0,19549.0,11619.0,10200.0,21819.0,8300.0,7476.0,15776.0,3319.0,2724.0,6043.0
POMORSKIE,2006,1232.0,1109.0,2341.0,7704.0,6665.0,14369.0,4255.0,3899.0,8154.0,11959.0,10564.0,22523.0,13191.0,11673.0,24864.0,9678.0,8726.0,18404.0,3513.0,2947.0,6460.0
POMORSKIE,2007,1378.0,1208.0,2586.0,7511.0,6732.0,14243.0,4880.0,4598.0,9478.0,12391.0,11330.0,23721.0,13769.0,12538.0,26307.0,10023.0,9323.0,19346.0,3746.0,3215.0,6961.0
POMORSKIE,2008,1234.0,917.0,2151.0,6362.0,5403.0,11765.0,3815.0,3418.0,7233.0,10177.0,8821.0,18998.0,11411.0,9738.0,21149.0,8190.0,7137.0,15327.0,3221.0,2601.0,5822.0
POMORSKIE,2009,1486.0,1096.0,2582.0,5968.0,5103.0,11071.0,4013.0,3562.0,7575.0,9981.0,8665.0,18646.0,11467.0,9761.0,21228.0,8315.0,7234.0,15549.0,3152.0,2527.0,5679.0
POMORSKIE,2010,1537.0,1212.0,2749.0,6337.0,5357.0,11694.0,4066.0,3742.0,7808.0,10403.0,9099.0,19502.0,11940.0,10311.0,22251.0,8705.0,7690.0,16395.0,3235.0,2621.0,5856.0
POMORSKIE,2011,1442.0,1176.0,2618.0,6071.0,5155.0,11226.0,4099.0,3653.0,7752.0,10170.0,8808.0,18978.0,11612.0,9984.0,21596.0,8437.0,7396.0,15833.0,3175.0,2588.0,5763.0
POMORSKIE,2012,1340.0,1097.0,2437.0,5538.0,4780.0,10318.0,3699.0,3290.0,6989.0,9237.0,8070.0,17307.0,10577.0,9167.0,19744.0,7514.0,6752.0,14266.0,3063.0,2415.0,5478.0
POMORSKIE,2013,1734.0,1506.0,3240.0,5954.0,5391.0,11345.0,4229.0,3837.0,8066.0,10183.0,9228.0,19411.0,11917.0,10734.0,22651.0,8486.0,7735.0,16221.0,3431.0,2999.0,6430.0
POMORSKIE,2014,1741.0,1318.0,3059.0,5753.0,5046.0,10799.0,3869.0,3540.0,7409.0,9622.0,8586.0,18208.0,11363.0,9904.0,21267.0,7996.0,7094.0,15090.0,3367.0,2810.0,6177.0
POMORSKIE,2015,1937.0,1407.0,3344.0,5623.0,4953.0,10576.0,3785.0,3540.0,7325.0,9408.0,8493.0,17901.0,11345.0,9900.0,21245.0,7921.0,7084.0,15005.0,3424.0,2816.0,6240.0
POMORSKIE,2016,2001.0,1484.0,3485.0,5274.0,4587.0,9861.0,3822.0,3646.0,7468.0,9096.0,8233.0,17329.0,11097.0,9717.0,20814.0,7806.0,6962.0,14768.0,3291.0,2755.0,6046.0
POMORSKIE,2017,2066.0,1559.0,3625.0,5483.0,4788.0,10271.0,4208.0,3877.0,8085.0,9691.0,8665.0,18356.0,11757.0,10224.0,21981.0,8262.0,7351.0,15613.0,3495.0,2873.0,6368.0
POMORSKIE,2018,2787.0,2133.0,4920.0,6525.0,5585.0,12110.0,4544.0,4225.0,8769.0,11069.0,9810.0,20879.0,13856.0,11943.0,25799.0,9531.0,8454.0,17985.0,4325.0,3489.0,7814.0
POMORSKIE,2019,3259.0,2694.0,5953.0,6575.0,5717.0,12292.0,4532.0,4331.0,8863.0,11107.0,10048.0,21155.0,14366.0,12742.0,27108.0,9901.0,9082.0,18983.0,4465.0,3660.0,8125.0
POMORSKIE,2020,2154.0,1671.0,3825.0,4784.0,4213.0,8997.0,4260.0,4021.0,8281.0,9044.0,8234.0,17278.0,11198.0,9905.0,21103.0,7744.0,7008.0,14752.0,3454.0,2897.0,6351.0
POMORSKIE,2021,2589.0,2002.0,4591.0,5235.0,4799.0,10034.0,4649.0,4419.0,9068.0,9884.0,9218.0,19102.0,12473.0,11220.0,23693.0,8634.0,7878.0,16512.0,3839.0,3342.0,7181.0
POMORSKIE,2022,2230.0,1817.0,4047.0,4804.0,4357.0,9161.0,4563.0,4305.0,8868.0,9367.0,8662.0,18029.0,11597.0,10479.0,22076.0,7875.0,7348.0,15223.0,3722.0,3131.0,6853.0
POMORSKIE,2023,2469.0,1913.0,4382.0,5371.0,4739.0,10110.0,4568.0,4411.0,8979.0,9939.0,9150.0,19089.0,12408.0,11063.0,23471.0,8656.0,7944.0,16600.0,3752.0,3119.0,6871.0
POMORSKIE,2024,2552.0,2317.0,4869.0,5598.0,4981.0,10579.0,4895.0,4543.0,9438.0,10493.0,9524.0,20017.0,13045.0,11841.0,24886.0,8875.0,8217.0,17092.0,4170.0,3624.0,7794.0
POMORSKIE,2025,,,,,,,,,,,,,,,,,,,,,
WARMIŃSKO-MAZURSKIE,1999,-1137.0,-858.0,-1995.0,,,,,,,7264.0,6332.0,13596.0,6127.0,5474.0,11601.0,,,,,,
WARMIŃSKO-MAZURSKIE,2000,-1204.0,-798.0,-2002.0,4474.0,3796.0,8270.0,2221.0,1991.0,4212.0,6695.0,5787.0,12482.0,5491.0,4989.0,10480.0,3096.0,2942.0,6038.0,2395.0,2047.0,4442.0
WARMIŃSKO-MAZURSKIE,2001,-1224.0,-952.0,-2176.0,4271.0,3811.0,8082.0,1939.0,1777.0,3716.0,6210.0,5588.0,11798.0,4986.0,4636.0,9622.0,2837.0,2733.0,5570.0,2149.0,1903.0,4052.0
WARMIŃSKO-MAZURSKIE,2002,-1326.0,-810.0,-2136.0,4600.0,4026.0,8626.0,2269.0,2033.0,4302.0,6869.0,6059.0,12928.0,5543.0,5249.0,10792.0,3315.0,3289.0,6604.0,2228.0,1960.0,4188.0
WARMIŃSKO-MAZURSKIE,2003,-962.0,-618.0,-1580.0,4661.0,4000.0,8661.0,2400.0,2203.0,4603.0,7061.0,6203.0,13264.0,6099.0,5585.0,11684.0,3738.0,3532.0,7270.0,2361.0,2053.0,4414.0
WARMIŃSKO-MAZURSKIE,2004,-1265.0,-711.0,-1976.0,4672.0,3953.0,8625.0,2353.0,2239.0,4592.0,7025.0,6192.0,13217.0,5760.0,5481.0,11241.0,3591.0,3497.0,7088.0,2169.0,1984.0,4153.0
WARMIŃSKO-MAZURSKIE,2005,-1241.0,-1020.0,-2261.0,4667.0,4026.0,8693.0,2396.0,2192.0,4588.0,7063.0,6218.0,13281.0,5822.0,5198.0,11020.0,3649.0,3289.0,6938.0,2173.0,1909.0,4082.0
WARMIŃSKO-MAZURSKIE,2006,-1780.0,-1348.0,-3128.0,5215.0,4509.0,9724.0,2605.0,2418.0,5023.0,7820.0,6927.0,14747.0,6040.0,5579.0,11619.0,3618.0,3456.0,7074.0,2422.0,2123.0,4545.0
WARMIŃSKO-MAZURSKIE,2007,-1571.0,-1170.0,-2741.0,5298.0,4582.0,9880.0,2986.0,2694.0,5680.0,8284.0,7276.0,15560.0,6713.0,6106.0,12819.0,3949.0,3773.0,7722.0,2764.0,2333.0,5097.0
WARMIŃSKO-MAZURSKIE,2008,-1458.0,-902.0,-2360.0,4584.0,3705.0,8289.0,2736.0,2220.0,4956.0,7320.0,5925.0,13245.0,5862.0,5023.0,10885.0,3531.0,3151.0,6682.0,2331.0,1872.0,4203.0
WARMIŃSKO-MAZURSKIE,2009,-1577.0,-1137.0,-2714.0,4332.0,3558.0,7890.0,2431.0,2136.0,4567.0,6763.0,5694.0,12457.0,5186.0,4557.0,9743.0,3220.0,2832.0,6052.0,1966.0,1725.0,3691.0
WARMIŃSKO-MAZURSKIE,2010,-1698.0,-1023.0,-2721.0,4636.0,3656.0,8292.0,2631.0,2335.0,4966.0,7267.0,5991.0,13258.0,5569.0,4968.0,10537.0,3464.0,3184.0,6648.0,2105.0,1784.0,3889.0
WARMIŃSKO-MAZURSKIE,2011,-1690.0,-1262.0,-2952.0,4647.0,3823.0,8470.0,2495.0,2168.0,4663.0,7142.0,5991.0,13133.0,5452.0,4729.0,10181.0,3356.0,2979.0,6335.0,2096.0,1750.0,3846.0
WARMIŃSKO-MAZURSKIE,2012,-1391.0,-1022.0,-2413.0,4260.0,3613.0,7873.0,2126.0,1890.0,4016.0,6386.0,5503.0,11889.0,4995.0,4481.0,9476.0,3001.0,2840.0,5841.0,1994.0,1641.0,3635.0
WARMIŃSKO-MAZURSKIE,2013,-1504.0,-1203.0,-2707.0,4566.0,4002.0,8568.0,2295.0,2045.0,4340.0,6861.0,6047.0,12908.0,5357.0,4844.0,10201.0,3156.0,2958.0,6114.0,2201.0,1886.0,4087.0
WARMIŃSKO-MAZURSKIE,2014,-1650.0,-1144.0,-2794.0,4514.0,3771.0,8285.0,2352.0,2047.0,4399.0,6866.0,5818.0,12684.0,5216.0,4674.0,9890.0,3034.0,2845.0,5879.0,2182.0,1829.0,4011.0
WARMIŃSKO-MAZURSKIE,2015,-1552.0,-1057.0,-2609.0,4320.0,3553.0,7873.0,2160.0,1893.0,4053.0,6480.0,5446.0,11926.0,4928.0,4389.0,9317.0,2787.0,2568.0,5355.0,2141.0,1821.0,3962.0
WARMIŃSKO-MAZURSKIE,2016,-1620.0,-1083.0,-2703.0,4121.0,3391.0,7512.0,2188.0,1879.0,4067.0,6309.0,5270.0,11579.0,4689.0,4187.0,8876.0,2669.0,2457.0,5126.0,2020.0,1730.0,3750.0
WARMIŃSKO-MAZURSKIE,2017,-1382.0,-1061.0,-2443.0,4339.0,3657.0,7996.0,2267.0,2005.0,4272.0,6606.0,5662.0,12268.0,5224.0,4601.0,9825.0,3003.0,2672.0,5675.0,2221.0,1929.0,4150.0
WARMIŃSKO-MAZURSKIE,2018,-1868.0,-1529.0,-3397.0,5059.0,4327.0,9386.0,2653.0,2418.0,5071.0,7712.0,6745.0,14457.0,5844.0,5216.0,11060.0,3327.0,3116.0,6443.0,2517.0,2100.0,4617.0
WARMIŃSKO-MAZURSKIE,2019,-2167.0,-1604.0,-3771.0,5243.0,4381.0,9624.0,2876.0,2563.0,5439.0,8119.0,6944.0,15063.0,5952.0,5340.0,11292.0,3403.0,3245.0,6648.0,2549.0,2095.0,4644.0
WARMIŃSKO-MAZURSKIE,2020,-1177.0,-936.0,-2113.0,3861.0,3360.0,7221.0,2463.0,2148.0,4611.0,6324.0,5508.0,11832.0,5147.0,4572.0,9719.0,3072.0,2766.0,5838.0,2075.0,1806.0,3881.0
WARMIŃSKO-MAZURSKIE,2021,-1325.0,-1066.0,-2391.0,4010.0,3448.0,7458.0,2517.0,2326.0,4843.0,6527.0,5774.0,12301.0,5202.0,4708.0,9910.0,2973.0,2773.0,5746.0,2229.0,1935.0,4164.0
WARMIŃSKO-MAZURSKIE,2022,-1101.0,-966.0,-2067.0,3447.0,3074.0,6521.0,2453.0,2165.0,4618.0,5900.0,5239.0,11139.0,4799.0,4273.0,9072.0,2810.0,2529.0,5339.0,1989.0,1744.0,3733.0
WARMIŃSKO-MAZURSKIE,2023,-1232.0,-971.0,-2203.0,3734.0,3221.0,6955.0,2427.0,2232.0,4659.0,6161.0,5453.0,11614.0,4929.0,4482.0,9411.0,2971.0,2768.0,5739.0,1958.0,1714.0,3672.0
WARMIŃSKO-MAZURSKIE,2024,-1257.0,-1176.0,-2433.0,3964.0,3577.0,7541.0,2708.0,2510.0,5218.0,6672.0,6087.0,12759.0,5415.0,4911.0,10326.0,3102.0,2915.0,6017.0,2313.0,1996.0,4309.0
WARMIŃSKO-MAZURSKIE,2025,,,,,,,,,,,,,,,,,,,,,
WIELKOPOLSKIE,1999,1038.0,754.0,1792.0,,,,,,,12698.0,11531.0,24229.0,13736.0,12285.0,26021.0,,,,,,
WIELKOPOLSKIE,2000,953.0,642.0,1595.0,7071.0,6278.0,13349.0,4981.0,4561.0,9542.0,12052.0,10839.0,22891.0,13005.0,11481.0,24486.0,8299.0,7366.0,15665.0,4706.0,4115.0,8821.0
WIELKOPOLSKIE,2001,1508.0,922.0,2430.0,6990.0,6187.0,13177.0,4853.0,4542.0,9395.0,11843.0,10729.0,22572.0,13351.0,11651.0,25002.0,8894.0,7773.0,16667.0,4457.0,3878.0,8335.0
WIELKOPOLSKIE,2002,1276.0,1030.0,2306.0,7003.0,6262.0,13265.0,5252.0,4958.0,10210.0,12255.0,11220.0,23475.0,13531.0,12250.0,25781.0,9121.0,8313.0,17434.0,4410.0,3937.0,8347.0
WIELKOPOLSKIE,2003,1232.0,1007.0,2239.0,7638.0,6570.0,14208.0,5891.0,5474.0,11365.0,13529.0,12044.0,25573.0,14761.0,13051.0,27812.0,10150.0,9071.0,19221.0,4611.0,3980.0,8591.0
WIELKOPOLSKIE,2004,1297.0,1156.0,2453.0,7472.0,6614.0,14086.0,6145.0,5789.0,11934.0,13617.0,12403.0,26020.0,14914.0,13559.0,28473.0,10279.0,9393.0,19672.0,4635.0,4166.0,8801.0
WIELKOPOLSKIE,2005,1355.0,1168.0,2523.0,7532.0,6568.0,14100.0,6305.0,5767.0,12072.0,13837.0,12335.0,26172.0,15192.0,13503.0,28695.0,10431.0,9462.0,19893.0,4761.0,4041.0,8802.0
WIELKOPOLSKIE,2006,1307.0,1109.0,2416.0,8189.0,7192.0,15381.0,6885.0,6313.0,13198.0,15074.0,13505.0,28579.0,16381.0,14614.0,30995.0,10994.0,9992.0,20986.0,5387.0,4622.0,10009.0
WIELKOPOLSKIE,2007,1676.0,1450.0,3126.0,8714.0,7511.0,16225.0,8148.0,7486.0,15634.0,16862.0,14997.0,31859.0,18538.0,16447.0,34985.0,12556.0,11253.0,23809.0,5982.0,5194.0,11176.0
WIELKOPOLSKIE,2008,1078.0,926.0,2004.0,7073.0,6038.0,13111.0,6838.0,5930.0,12768.0,13911.0,11968.0,25879.0,14989.0,12894.0,27883.0,10177.0,8997.0,19174.0,4812.0,3897.0,8709.0
WIELKOPOLSKIE,2009,926.0,926.0,1852.0,6997.0,5736.0,12733.0,7128.0,5998.0,13126.0,14125.0,11734.0,25859.0,15051.0,12660.0,27711.0,10036.0,8763.0,18799.0,5015.0,3897.0,8912.0
WIELKOPOLSKIE,2010,976.0,730.0,1706.0,7112.0,5867.0,12979.0,7066.0,6131.0,13197.0,14178.0,11998.0,26176.0,15154.0,12728.0,27882.0,10014.0,8732.0,18746.0,5140.0,3996.0,9136.0
WIELKOPOLSKIE,2011,1030.0,857.0,1887.0,7182.0,5930.0,13112.0,6935.0,5882.0,12817.0,14117.0,11812.0,25929.0,15147.0,12669.0,27816.0,10199.0,8777.0,18976.0,4948.0,3892.0,8840.0
WIELKOPOLSKIE,2012,649.0,712.0,1361.0,6838.0,5460.0,12298.0,6759.0,5831.0,12590.0,13597.0,11291.0,24888.0,14246.0,12003.0,26249.0,9449.0,8229.0,17678.0,4797.0,3774.0,8571.0
WIELKOPOLSKIE,2013,940.0,705.0,1645.0,7395.0,6330.0,13725.0,7233.0,6631.0,13864.0,14628.0,12961.0,27589.0,15568.0,13666.0,29234.0,10424.0,9187.0,19611.0,5144.0,4479.0,9623.0
WIELKOPOLSKIE,2014,611.0,770.0,1381.0,7103.0,5904.0,13007.0,6552.0,5918.0,12470.0,13655.0,11822.0,25477.0,14266.0,12592.0,26858.0,9282.0,8409.0,17691.0,4984.0,4183.0,9167.0
WIELKOPOLSKIE,2015,602.0,605.0,1207.0,6738.0,5607.0,12345.0,6532.0,5982.0,12514.0,13270.0,11589.0,24859.0,13872.0,12194.0,26066.0,8917.0,8050.0,16967.0,4955.0,4144.0,9099.0
WIELKOPOLSKIE,2016,535.0,448.0,983.0,6428.0,5357.0,11785.0,6559.0,5962.0,12521.0,12987.0,11319.0,24306.0,13522.0,11767.0,25289.0,8635.0,7821.0,16456.0,4887.0,3946.0,8833.0
WIELKOPOLSKIE,2017,450.0,565.0,1015.0,6573.0,5616.0,12189.0,6847.0,6221.0,13068.0,13420.0,11837.0,25257.0,13870.0,12402.0,26272.0,8783.0,8090.0,16873.0,5087.0,4312.0,9399.0
WIELKOPOLSKIE,2018,642.0,479.0,1121.0,7313.0,6333.0,13646.0,7589.0,7158.0,14747.0,14902.0,13491.0,28393.0,15544.0,13970.0,29514.0,10012.0,9294.0,19306.0,5532.0,4676.0,10208.0
WIELKOPOLSKIE,2019,675.0,528.0,1203.0,7849.0,6674.0,14523.0,8031.0,7393.0,15424.0,15880.0,14067.0,29947.0,16555.0,14595.0,31150.0,10539.0,9593.0,20132.0,6016.0,5002.0,11018.0
WIELKOPOLSKIE,2020,802.0,689.0,1491.0,5905.0,5177.0,11082.0,6686.0,6247.0,12933.0,12591.0,11424.0,24015.0,13393.0,12113.0,25506.0,8563.0,7965.0,16528.0,4830.0,4148.0,8978.0
WIELKOPOLSKIE,2021,1075.0,724.0,1799.0,6348.0,5445.0,11793.0,7423.0,6999.0,14422.0,13771.0,12444.0,26215.0,14846.0,13168.0,28014.0,9399.0,8574.0,17973.0,5447.0,4594.0,10041.0
WIELKOPOLSKIE,2022,706.0,565.0,1271.0,5691.0,4903.0,10594.0,7186.0,6674.0,13860.0,12877.0,11577.0,24454.0,13583.0,12142.0,25725.0,8532.0,7782.0,16314.0,5051.0,4360.0,9411.0
WIELKOPOLSKIE,2023,938.0,562.0,1500.0,6123.0,5424.0,11547.0,7024.0,6471.0,13495.0,13147.0,11895.0,25042.0,14085.0,12457.0,26542.0,9017.0,8116.0,17133.0,5068.0,4341.0,9409.0
WIELKOPOLSKIE,2024,726.0,657.0,1383.0,6193.0,5558.0,11751.0,7024.0,6491.0,13515.0,13217.0,12049.0,25266.0,13943.0,12706.0,26649.0,8706.0,8045.0,16751.0,5237.0,4661.0,9898.0
WIELKOPOLSKIE,2025,,,,,,,,,,,,,,,,,,,,,
ZACHODNIOPOMORSKIE,1999,-229.0,-204.0,-433.0,,,,,,,8094.0,7566.0,15660.0,7865.0,7362.0,15227.0,,,,,,
ZACHODNIOPOMORSKIE,2000,-137.0,-26.0,-163.0,5157.0,4586.0,9743.0,2479.0,2350.0,4829.0,7636.0,6936.0,14572.0,7499.0,6910.0,14409.0,5209.0,4774.0,9983.0,2290.0,2136.0,4426.0
ZACHODNIOPOMORSKIE,2001,-382.0,-176.0,-558.0,4988.0,4409.0,9397.0,2371.0,2293.0,4664.0,7359.0,6702.0,14061.0,6977.0,6526.0,13503.0,4761.0,4527.0,9288.0,2216.0,1999.0,4215.0
ZACHODNIOPOMORSKIE,2002,-525.0,-427.0,-952.0,5758.0,5090.0,10848.0,2685.0,2598.0,5283.0,8443.0,7688.0,16131.0,7918.0,7261.0,15179.0,5464.0,5045.0,10509.0,2454.0,2216.0,4670.0
ZACHODNIOPOMORSKIE,2003,-726.0,-660.0,-1386.0,5538.0,4870.0,10408.0,2836.0,2720.0,5556.0,8374.0,7590.0,15964.0,7648.0,6930.0,14578.0,5418.0,4918.0,10336.0,2230.0,2012.0,4242.0
ZACHODNIOPOMORSKIE,2004,-590.0,-500.0,-1090.0,5510.0,4886.0,10396.0,3151.0,2997.0,6148.0,8661.0,7883.0,16544.0,8071.0,7383.0,15454.0,5729.0,5218.0,10947.0,2342.0,2165.0,4507.0
ZACHODNIOPOMORSKIE,2005,-656.0,-384.0,-1040.0,5564.0,5093.0,10657.0,2771.0,2645.0,5416.0,8335.0,7738.0,16073.0,7679.0,7354.0,15033.0,5346.0,5113.0,10459.0,2333.0,2241.0,4574.0
ZACHODNIOPOMORSKIE,2006,-794.0,-534.0,-1328.0,5950.0,5315.0,11265.0,3132.0,2911.0,6043.0,9082.0,8226.0,17308.0,8288.0,7692.0,15980.0,5749.0,5347.0,11096.0,2539.0,2345.0,4884.0
ZACHODNIOPOMORSKIE,2007,-813.0,-732.0,-1545.0,6129.0,5462.0,11591.0,3681.0,3446.0,7127.0,9810.0,8908.0,18718.0,8997.0,8176.0,17173.0,6111.0,5606.0,11717.0,2886.0,2570.0,5456.0
ZACHODNIOPOMORSKIE,2008,-553.0,-598.0,-1151.0,5017.0,4466.0,9483.0,3146.0,2862.0,6008.0,8163.0,7328.0,15491.0,7610.0,6730.0,14340.0,5244.0,4724.0,9968.0,2366.0,2006.0,4372.0
ZACHODNIOPOMORSKIE,2009,-664.0,-326.0,-990.0,4994.0,4199.0,9193.0,2997.0,2668.0,5665.0,7991.0,6867.0,14858.0,7327.0,6541.0,13868.0,4908.0,4498.0,9406.0,2419.0,2043.0,4462.0
ZACHODNIOPOMORSKIE,2010,-620.0,-491.0,-1111.0,5124.0,4406.0,9530.0,3076.0,2854.0,5930.0,8200.0,7260.0,15460.0,7580.0,6769.0,14349.0,5137.0,4681.0,9818.0,2443.0,2088.0,4531.0
ZACHODNIOPOMORSKIE,2011,-587.0,-384.0,-971.0,5232.0,4511.0,9743.0,2985.0,2802.0,5787.0,8217.0,7313.0,15530.0,7630.0,6929.0,14559.0,5129.0,4778.0,9907.0,2501.0,2151.0,4652.0
ZACHODNIOPOMORSKIE,2012,-587.0,-452.0,-1039.0,4760.0,4136.0,8896.0,2808.0,2477.0,5285.0,7568.0,6613.0,14181.0,6981.0,6161.0,13142.0,4577.0,4149.0,8726.0,2404.0,2012.0,4416.0
ZACHODNIOPOMORSKIE,2013,-374.0,-291.0,-665.0,5048.0,4489.0,9537.0,2831.0,2650.0,5481.0,7879.0,7139.0,15018.0,7505.0,6848.0,14353.0,5014.0,4602.0,9616.0,2491.0,2246.0,4737.0
ZACHODNIOPOMORSKIE,2014,-509.0,-411.0,-920.0,4932.0,4407.0,9339.0,2759.0,2607.0,5366.0,7691.0,7014.0,14705.0,7182.0,6603.0,13785.0,4667.0,4375.0,9042.0,2515.0,2228.0,4743.0
ZACHODNIOPOMORSKIE,2015,-429.0,-303.0,-732.0,4609.0,4097.0,8706.0,2573.0,2431.0,5004.0,7182.0,6528.0,13710.0,6753.0,6225.0,12978.0,4343.0,3976.0,8319.0,2410.0,2249.0,4659.0
ZACHODNIOPOMORSKIE,2016,-334.0,-290.0,-624.0,4547.0,3976.0,8523.0,2579.0,2448.0,5027.0,7126.0,6424.0,13550.0,6792.0,6134.0,12926.0,4370.0,3961.0,8331.0,2422.0,2173.0,4595.0
ZACHODNIOPOMORSKIE,2017,-504.0,-304.0,-808.0,4920.0,4263.0,9183.0,2761.0,2509.0,5270.0,7681.0,6772.0,14453.0,7177.0,6468.0,13645.0,4731.0,4235.0,8966.0,2446.0,2233.0,4679.0
ZACHODNIOPOMORSKIE,2018,-540.0,-403.0,-943.0,5380.0,4719.0,10099.0,3098.0,2870.0,5968.0,8478.0,7589.0,16067.0,7938.0,7186.0,15124.0,5124.0,4699.0,9823.0,2814.0,2487.0,5301.0
ZACHODNIOPOMORSKIE,2019,-511.0,-373.0,-884.0,5644.0,4885.0,10529.0,3328.0,3066.0,6394.0,8972.0,7951.0,16923.0,8461.0,7578.0,16039.0,5533.0,4989.0,10522.0,2928.0,2589.0,5517.0
ZACHODNIOPOMORSKIE,2020,-388.0,-359.0,-747.0,4205.0,3736.0,7941.0,2801.0,2573.0,5374.0,7006.0,6309.0,13315.0,6618.0,5950.0,12568.0,4362.0,3992.0,8354.0,2256.0,1958.0,4214.0
ZACHODNIOPOMORSKIE,2021,-545.0,-401.0,-946.0,4484.0,4031.0,8515.0,3431.0,3056.0,6487.0,7915.0,7087.0,15002.0,7370.0,6686.0,14056.0,4904.0,4519.0,9423.0,2466.0,2167.0,4633.0
ZACHODNIOPOMORSKIE,2022,-347.0,-230.0,-577.0,4090.0,3598.0,7688.0,3097.0,2886.0,5983.0,7187.0,6484.0,13671.0,6840.0,6254.0,13094.0,4453.0,4169.0,8622.0,2387.0,2085.0,4472.0
ZACHODNIOPOMORSKIE,2023,-413.0,-386.0,-799.0,4217.0,3742.0,7959.0,3018.0,2922.0,5940.0,7235.0,6664.0,13899.0,6822.0,6278.0,13100.0,4552.0,4241.0,8793.0,2270.0,2037.0,4307.0
ZACHODNIOPOMORSKIE,2024,-286.0,-310.0,-596.0,4255.0,4044.0,8299.0,3157.0,2967.0,6124.0,7412.0,7011.0,14423.0,7126.0,6701.0,13827.0,4709.0,4448.0,9157.0,2417.0,2253.0,4670.0
ZACHODNIOPOMORSKIE,2025,,,,,,,,,,,,,,,,,,,,,
ŁÓDZKIE,1999,-741.0,-473.0,-1214.0,,,,,,,9591.0,8386.0,17977.0,8850.0,7913.0,16763.0,,,,,,
ŁÓDZKIE,2000,-593.0,-514.0,-1107.0,5533.0,4937.0,10470.0,3122.0,3060.0,6182.0,8655.0,7997.0,16652.0,8062.0,7483.0,15545.0,4867.0,4692.0,9559.0,3195.0,2791.0,5986.0
ŁÓDZKIE,2001,-716.0,-623.0,-1339.0,5379.0,4666.0,10045.0,2926.0,2768.0,5694.0,8305.0,7434.0,15739.0,7589.0,6811.0,14400.0,4660.0,4319.0,8979.0,2929.0,2492.0,5421.0
ŁÓDZKIE,2002,-886.0,-521.0,-1407.0,5763.0,4725.0,10488.0,3313.0,3096.0,6409.0,9076.0,7821.0,16897.0,8190.0,7300.0,15490.0,5188.0,4679.0,9867.0,3002.0,2621.0,5623.0
ŁÓDZKIE,2003,-623.0,-292.0,-915.0,6089.0,5066.0,11155.0,3564.0,3141.0,6705.0,9653.0,8207.0,17860.0,9030.0,7915.0,16945.0,5860.0,5335.0,11195.0,3170.0,2580.0,5750.0
ŁÓDZKIE,2004,-914.0,-565.0,-1479.0,5844.0,4971.0,10815.0,3498.0,3317.0,6815.0,9342.0,8288.0,17630.0,8428.0,7723.0,16151.0,5482.0,5309.0,10791.0,2946.0,2414.0,5360.0
ŁÓDZKIE,2005,-941.0,-623.0,-1564.0,5878.0,5010.0,10888.0,3572.0,3194.0,6766.0,9450.0,8204.0,17654.0,8509.0,7581.0,16090.0,5517.0,5131.0,10648.0,2992.0,2450.0,5442.0
ŁÓDZKIE,2006,-960.0,-811.0,-1771.0,6438.0,5486.0,11924.0,3906.0,3548.0,7454.0,10344.0,9034.0,19378.0,9384.0,8223.0,17607.0,5998.0,5495.0,11493.0,3386.0,2728.0,6114.0
ŁÓDZKIE,2007,-992.0,-661.0,-1653.0,6452.0,5600.0,12052.0,4420.0,4102.0,8522.0,10872.0,9702.0,20574.0,9880.0,9041.0,18921.0,6559.0,6162.0,12721.0,3321.0,2879.0,6200.0
ŁÓDZKIE,2008,-856.0,-487.0,-1343.0,5174.0,4243.0,9417.0,3594.0,2994.0,6588.0,8768.0,7237.0,16005.0,7912.0,6750.0,14662.0,5160.0,4768.0,9928.0,2752.0,1982.0,4734.0
ŁÓDZKIE,2009,-769.0,-603.0,-1372.0,5347.0,4205.0,9552.0,3636.0,3117.0,6753.0,8983.0,7322.0,16305.0,8214.0,6719.0,14933.0,5347.0,4601.0,9948.0,2867.0,2118.0,4985.0
ŁÓDZKIE,2010,-1056.0,-701.0,-1757.0,5621.0,4584.0,10205.0,3810.0,3333.0,7143.0,9431.0,7917.0,17348.0,8375.0,7216.0,15591.0,5603.0,5086.0,10689.0,2772.0,2130.0,4902.0
ŁÓDZKIE,2011,-1082.0,-762.0,-1844.0,5782.0,4596.0,10378.0,3699.0,3218.0,6917.0,9481.0,7814.0,17295.0,8399.0,7052.0,15451.0,5574.0,4890.0,10464.0,2825.0,2162.0,4987.0
ŁÓDZKIE,2012,-1025.0,-618.0,-1643.0,5339.0,4258.0,9597.0,3523.0,3057.0,6580.0,8862.0,7315.0,16177.0,7837.0,6697.0,14534.0,5111.0,4621.0,9732.0,2726.0,2076.0,4802.0
ŁÓDZKIE,2013,-1158.0,-946.0,-2104.0,5574.0,4703.0,10277.0,3793.0,3358.0,7151.0,9367.0,8061.0,17428.0,8209.0,7115.0,15324.0,5394.0,4869.0,10263.0,2815.0,2246.0,5061.0
ŁÓDZKIE,2014,-1022.0,-679.0,-1701.0,5373.0,4372.0,9745.0,3641.0,3187.0,6828.0,9014.0,7559.0,16573.0,7992.0,6880.0,14872.0,5125.0,4681.0,9806.0,2867.0,2199.0,5066.0
ŁÓDZKIE,2015,-999.0,-728.0,-1727.0,5181.0,4173.0,9354.0,3277.0,2908.0,6185.0,8458.0,7081.0,15539.0,7459.0,6353.0,13812.0,4739.0,4210.0,8949.0,2720.0,2143.0,4863.0
ŁÓDZKIE,2016,-973.0,-722.0,-1695.0,4975.0,4124.0,9099.0,3247.0,2899.0,6146.0,8222.0,7023.0,15245.0,7249.0,6301.0,13550.0,4651.0,4242.0,8893.0,2598.0,2059.0,4657.0
ŁÓDZKIE,2017,-1041.0,-920.0,-1961.0,5198.0,4340.0,9538.0,3426.0,3068.0,6494.0,8624.0,7408.0,16032.0,7583.0,6488.0,14071.0,4826.0,4373.0,9199.0,2757.0,2115.0,4872.0
ŁÓDZKIE,2018,-1164.0,-999.0,-2163.0,5839.0,4932.0,10771.0,3809.0,3393.0,7202.0,9648.0,8325.0,17973.0,8484.0,7326.0,15810.0,5503.0,4950.0,10453.0,2981.0,2376.0,5357.0
ŁÓDZKIE,2019,-1658.0,-1166.0,-2824.0,6108.0,5156.0,11264.0,4002.0,3602.0,7604.0,10110.0,8758.0,18868.0,8452.0,7592.0,16044.0,5489.0,5096.0,10585.0,2963.0,2496.0,5459.0
ŁÓDZKIE,2020,-999.0,-813.0,-1812.0,4667.0,3908.0,8575.0,3424.0,3104.0,6528.0,8091.0,7012.0,15103.0,7092.0,6199.0,13291.0,4632.0,4244.0,8876.0,2460.0,1955.0,4415.0
ŁÓDZKIE,2021,-1192.0,-1090.0,-2282.0,5278.0,4460.0,9738.0,3897.0,3521.0,7418.0,9175.0,7981.0,17156.0,7983.0,6891.0,14874.0,5112.0,4655.0,9767.0,2871.0,2236.0,5107.0
ŁÓDZKIE,2022,-1007.0,-642.0,-1649.0,4675.0,4023.0,8698.0,3808.0,3676.0,7484.0,8483.0,7699.0,16182.0,7476.0,7057.0,14533.0,4821.0,4761.0,9582.0,2655.0,2296.0,4951.0
ŁÓDZKIE,2023,-1147.0,-952.0,-2099.0,4925.0,4179.0,9104.0,3790.0,3460.0,7250.0,8715.0,7639.0,16354.0,7568.0,6687.0,14255.0,4926.0,4448.0,9374.0,2642.0,2239.0,4881.0
ŁÓDZKIE,2024,-953.0,-856.0,-1809.0,5128.0,4522.0,9650.0,3887.0,3665.0,7552.0,9015.0,8187.0,17202.0,8062.0,7331.0,15393.0,5178.0,4877.0,10055.0,2884.0,2454.0,5338.0
ŁÓDZKIE,2025,,,,,,,,,,,,,,,,,,,,,
ŚLĄSKIE,1999,-95.0,-299.0,-394.0,,,,,,,20540.0,19089.0,39629.0,20445.0,18790.0,39235.0,,,,,,
ŚLĄSKIE,2000,-779.0,-873.0,-1652.0,13159.0,11886.0,25045.0,6103.0,5996.0,12099.0,19262.0,17882.0,37144.0,18483.0,17009.0,35492.0,14024.0,12689.0,26713.0,4459.0,4320.0,8779.0
ŚLĄSKIE,2001,-1256.0,-1097.0,-2353.0,11728.0,10480.0,22208.0,5196.0,5029.0,10225.0,16924.0,15509.0,32433.0,15668.0,14412.0,30080.0,11833.0,10850.0,22683.0,3835.0,3562.0,7397.0
ŚLĄSKIE,2002,-780.0,-859.0,-1639.0,13363.0,12198.0,25561.0,5782.0,5687.0,11469.0,19145.0,17885.0,37030.0,18365.0,17026.0,35391.0,14205.0,13154.0,27359.0,4160.0,3872.0,8032.0
ŚLĄSKIE,2003,-1400.0,-1509.0,-2909.0,14712.0,13086.0,27798.0,6515.0,6354.0,12869.0,21227.0,19440.0,40667.0,19827.0,17931.0,37758.0,15749.0,14245.0,29994.0,4078.0,3686.0,7764.0
ŚLĄSKIE,2004,-1734.0,-1849.0,-3583.0,14216.0,12841.0,27057.0,6839.0,6497.0,13336.0,21055.0,19338.0,40393.0,19321.0,17489.0,36810.0,15495.0,13922.0,29417.0,3826.0,3567.0,7393.0
ŚLĄSKIE,2005,-1671.0,-1404.0,-3075.0,14806.0,12678.0,27484.0,6450.0,6246.0,12696.0,21256.0,18924.0,40180.0,19585.0,17520.0,37105.0,15631.0,13994.0,29625.0,3954.0,3526.0,7480.0
ŚLĄSKIE,2006,-1883.0,-1785.0,-3668.0,14992.0,13631.0,28623.0,7027.0,6746.0,13773.0,22019.0,20377.0,42396.0,20136.0,18592.0,38728.0,15896.0,14693.0,30589.0,4240.0,3899.0,8139.0
ŚLĄSKIE,2007,-1762.0,-1816.0,-3578.0,15495.0,14051.0,29546.0,7753.0,7506.0,15259.0,23248.0,21557.0,44805.0,21486.0,19741.0,41227.0,16903.0,15733.0,32636.0,4583.0,4008.0,8591.0
ŚLĄSKIE,2008,-1388.0,-1529.0,-2917.0,13512.0,11769.0,25281.0,6439.0,5973.0,12412.0,19951.0,17742.0,37693.0,18563.0,16213.0,34776.0,14797.0,13065.0,27862.0,3766.0,3148.0,6914.0
ŚLĄSKIE,2009,-1615.0,-1548.0,-3163.0,13921.0,11715.0,25636.0,6786.0,6028.0,12814.0,20707.0,17743.0,38450.0,19092.0,16195.0,35287.0,15167.0,13015.0,28182.0,3925.0,3180.0,7105.0
ŚLĄSKIE,2010,-1529.0,-1665.0,-3194.0,14216.0,12653.0,26869.0,6903.0,6507.0,13410.0,21119.0,19160.0,40279.0,19590.0,17495.0,37085.0,15684.0,14220.0,29904.0,3906.0,3275.0,7181.0
ŚLĄSKIE,2011,-1725.0,-1927.0,-3652.0,14440.0,12719.0,27159.0,6546.0,6298.0,12844.0,20986.0,19017.0,40003.0,19261.0,17090.0,36351.0,15322.0,13725.0,29047.0,3939.0,3365.0,7304.0
ŚLĄSKIE,2012,-1556.0,-1742.0,-3298.0,13673.0,12199.0,25872.0,6255.0,6039.0,12294.0,19928.0,18238.0,38166.0,18372.0,16496.0,34868.0,14555.0,13209.0,27764.0,3817.0,3287.0,7104.0
ŚLĄSKIE,2013,-1892.0,-1988.0,-3880.0,14353.0,13097.0,27450.0,6857.0,6706.0,13563.0,21210.0,19803.0,41013.0,19318.0,17815.0,37133.0,15299.0,14189.0,29488.0,4019.0,3626.0,7645.0
ŚLĄSKIE,2014,-1824.0,-1809.0,-3633.0,13831.0,12325.0,26156.0,6300.0,5886.0,12186.0,20131.0,18211.0,38342.0,18307.0,16402.0,34709.0,14454.0,13033.0,27487.0,3853.0,3369.0,7222.0
ŚLĄSKIE,2015,-1533.0,-1916.0,-3449.0,13052.0,11805.0,24857.0,5829.0,5537.0,11366.0,18881.0,17342.0,36223.0,17348.0,15426.0,32774.0,13559.0,12151.0,25710.0,3789.0,3275.0,7064.0
ŚLĄSKIE,2016,-1744.0,-1684.0,-3428.0,12882.0,11248.0,24130.0,5849.0,5392.0,11241.0,18731.0,16640.0,35371.0,16987.0,14956.0,31943.0,13308.0,11818.0,25126.0,3679.0,3138.0,6817.0
ŚLĄSKIE,2017,-1514.0,-1746.0,-3260.0,13216.0,11850.0,25066.0,5917.0,5661.0,11578.0,19133.0,17511.0,36644.0,17619.0,15765.0,33384.0,13733.0,12370.0,26103.0,3886.0,3395.0,7281.0
ŚLĄSKIE,2018,-1987.0,-2244.0,-4231.0,14779.0,13341.0,28120.0,6515.0,6295.0,12810.0,21294.0,19636.0,40930.0,19307.0,17392.0,36699.0,14941.0,13625.0,28566.0,4366.0,3767.0,8133.0
ŚLĄSKIE,2019,-1989.0,-2286.0,-4275.0,15050.0,13644.0,28694.0,6735.0,6501.0,13236.0,21785.0,20145.0,41930.0,19796.0,17859.0,37655.0,15348.0,14002.0,29350.0,4448.0,3857.0,8305.0
ŚLĄSKIE,2020,-1577.0,-1765.0,-3342.0,12057.0,11077.0,23134.0,5865.0,5598.0,11463.0,17922.0,16675.0,34597.0,16345.0,14910.0,31255.0,12752.0,11796.0,24548.0,3593.0,3114.0,6707.0
ŚLĄSKIE,2021,-1720.0,-1970.0,-3690.0,13637.0,12438.0,26075.0,6547.0,6386.0,12933.0,20184.0,18824.0,39008.0,18464.0,16854.0,35318.0,14382.0,13281.0,27663.0,4082.0,3573.0,7655.0
ŚLĄSKIE,2022,-1788.0,-1804.0,-3592.0,12090.0,11294.0,23384.0,6227.0,6091.0,12318.0,18317.0,17385.0,35702.0,16529.0,15581.0,32110.0,12888.0,12408.0,25296.0,3641.0,3173.0,6814.0
ŚLĄSKIE,2023,-1299.0,-1312.0,-2611.0,12731.0,11821.0,24552.0,5967.0,5672.0,11639.0,18698.0,17493.0,36191.0,17399.0,16181.0,33580.0,13425.0,12646.0,26071.0,3974.0,3535.0,7509.0
ŚLĄSKIE,2024,-1256.0,-1627.0,-2883.0,13065.0,12322.0,25387.0,5905.0,5826.0,11731.0,18970.0,18148.0,37118.0,17714.0,16521.0,34235.0,13580.0,12904.0,26484.0,4134.0,3617.0,7751.0
ŚLĄSKIE,2025,,,,,,,,,,,,,,,,,,,,,
ŚWIĘTOKRZYSKIE,1999,-1273.0,-1022.0,-2295.0,,,,,,,5861.0,5246.0,11107.0,4588.0,4224.0,8812.0,,,,,,
ŚWIĘTOKRZYSKIE,2000,-1042.0,-1019.0,-2061.0,3212.0,3001.0,6213.0,1974.0,1990.0,3964.0,5186.0,4991.0,10177.0,4144.0,3972.0,8116.0,2258.0,2264.0,4522.0,1886.0,1708.0,3594.0
ŚWIĘTOKRZYSKIE,2001,-1272.0,-1032.0,-2304.0,3125.0,2841.0,5966.0,1834.0,1760.0,3594.0,4959.0,4601.0,9560.0,3687.0,3569.0,7256.0,2042.0,2021.0,4063.0,1645.0,1548.0,3193.0
ŚWIĘTOKRZYSKIE,2002,-1348.0,-1024.0,-2372.0,3338.0,2817.0,6155.0,1902.0,1917.0,3819.0,5240.0,4734.0,9974.0,3892.0,3710.0,7602.0,2224.0,2252.0,4476.0,1668.0,1458.0,3126.0
ŚWIĘTOKRZYSKIE,2003,-1429.0,-1038.0,-2467.0,3485.0,2952.0,6437.0,2146.0,1982.0,4128.0,5631.0,4934.0,10565.0,4202.0,3896.0,8098.0,2593.0,2511.0,5104.0,1609.0,1385.0,2994.0
ŚWIĘTOKRZYSKIE,2004,-1348.0,-967.0,-2315.0,3253.0,2802.0,6055.0,2193.0,2103.0,4296.0,5446.0,4905.0,10351.0,4098.0,3938.0,8036.0,2569.0,2560.0,5129.0,1529.0,1378.0,2907.0
ŚWIĘTOKRZYSKIE,2005,-1344.0,-890.0,-2234.0,3369.0,2717.0,6086.0,1965.0,1791.0,3756.0,5334.0,4508.0,9842.0,3990.0,3618.0,7608.0,2388.0,2256.0,4644.0,1602.0,1362.0,2964.0
ŚWIĘTOKRZYSKIE,2006,-1566.0,-1229.0,-2795.0,3613.0,3042.0,6655.0,2264.0,2015.0,4279.0,5877.0,5057.0,10934.0,4311.0,3828.0,8139.0,2487.0,2361.0,4848.0,1824.0,1467.0,3291.0
ŚWIĘTOKRZYSKIE,2007,-1517.0,-1112.0,-2629.0,3693.0,2906.0,6599.0,2416.0,2237.0,4653.0,6109.0,5143.0,11252.0,4592.0,4031.0,8623.0,2642.0,2464.0,5106.0,1950.0,1567.0,3517.0
ŚWIĘTOKRZYSKIE,2008,-1256.0,-760.0,-2016.0,3062.0,2340.0,5402.0,1885.0,1553.0,3438.0,4947.0,3893.0,8840.0,3691.0,3133.0,6824.0,2070.0,1955.0,4025.0,1621.0,1178.0,2799.0
ŚWIĘTOKRZYSKIE,2009,-1386.0,-798.0,-2184.0,3088.0,2386.0,5474.0,2018.0,1675.0,3693.0,5106.0,4061.0,9167.0,3720.0,3263.0,6983.0,2153.0,2052.0,4205.0,1567.0,1211.0,2778.0
ŚWIĘTOKRZYSKIE,2010,-1534.0,-1033.0,-2567.0,3326.0,2651.0,5977.0,1987.0,1766.0,3753.0,5313.0,4417.0,9730.0,3779.0,3384.0,7163.0,2286.0,2128.0,4414.0,1493.0,1256.0,2749.0
ŚWIĘTOKRZYSKIE,2011,-1476.0,-932.0,-2408.0,3359.0,2508.0,5867.0,1856.0,1694.0,3550.0,5215.0,4202.0,9417.0,3739.0,3270.0,7009.0,2119.0,2045.0,4164.0,1620.0,1225.0,2845.0
ŚWIĘTOKRZYSKIE,2012,-1262.0,-918.0,-2180.0,3022.0,2331.0,5353.0,1676.0,1509.0,3185.0,4698.0,3840.0,8538.0,3436.0,2922.0,6358.0,2004.0,1834.0,3838.0,1432.0,1088.0,2520.0
ŚWIĘTOKRZYSKIE,2013,-1488.0,-1130.0,-2618.0,3027.0,2469.0,5496.0,1983.0,1735.0,3718.0,5010.0,4204.0,9214.0,3522.0,3074.0,6596.0,1957.0,1868.0,3825.0,1565.0,1206.0,2771.0
ŚWIĘTOKRZYSKIE,2014,-1437.0,-1027.0,-2464.0,3056.0,2406.0,5462.0,1710.0,1551.0,3261.0,4766.0,3957.0,8723.0,3329.0,2930.0,6259.0,1867.0,1786.0,3653.0,1462.0,1144.0,2606.0
ŚWIĘTOKRZYSKIE,2015,-1206.0,-1062.0,-2268.0,2855.0,2429.0,5284.0,1746.0,1572.0,3318.0,4601.0,4001.0,8602.0,3395.0,2939.0,6334.0,1930.0,1741.0,3671.0,1465.0,1198.0,2663.0
ŚWIĘTOKRZYSKIE,2016,-1057.0,-914.0,-1971.0,2721.0,2283.0,5004.0,1637.0,1515.0,3152.0,4358.0,3798.0,8156.0,3301.0,2884.0,6185.0,1793.0,1660.0,3453.0,1508.0,1224.0,2732.0
ŚWIĘTOKRZYSKIE,2017,-1443.0,-983.0,-2426.0,3041.0,2453.0,5494.0,1778.0,1645.0,3423.0,4819.0,4098.0,8917.0,3376.0,3115.0,6491.0,1887.0,1808.0,3695.0,1489.0,1307.0,2796.0
ŚWIĘTOKRZYSKIE,2018,-1475.0,-1153.0,-2628.0,3349.0,2752.0,6101.0,2008.0,1844.0,3852.0,5357.0,4596.0,9953.0,3882.0,3443.0,7325.0,2101.0,2063.0,4164.0,1781.0,1380.0,3161.0
ŚWIĘTOKRZYSKIE,2019,-2205.0,-1514.0,-3719.0,3934.0,3172.0,7106.0,2067.0,1847.0,3914.0,6001.0,5019.0,11020.0,3796.0,3505.0,7301.0,2036.0,2018.0,4054.0,1760.0,1487.0,3247.0
ŚWIĘTOKRZYSKIE,2020,-1189.0,-954.0,-2143.0,2732.0,2206.0,4938.0,1721.0,1556.0,3277.0,4453.0,3762.0,8215.0,3264.0,2808.0,6072.0,1822.0,1644.0,3466.0,1442.0,1164.0,2606.0
ŚWIĘTOKRZYSKIE,2021,-1281.0,-1140.0,-2421.0,3032.0,2581.0,5613.0,1883.0,1816.0,3699.0,4915.0,4397.0,9312.0,3634.0,3257.0,6891.0,2051.0,1851.0,3902.0,1583.0,1406.0,2989.0
ŚWIĘTOKRZYSKIE,2022,-1324.0,-946.0,-2270.0,2925.0,2286.0,5211.0,1978.0,1830.0,3808.0,4903.0,4116.0,9019.0,3579.0,3170.0,6749.0,1963.0,1848.0,3811.0,1616.0,1322.0,2938.0
ŚWIĘTOKRZYSKIE,2023,-1553.0,-1213.0,-2766.0,2883.0,2525.0,5408.0,1907.0,1798.0,3705.0,4790.0,4323.0,9113.0,3237.0,3110.0,6347.0,1809.0,1843.0,3652.0,1428.0,1267.0,2695.0
ŚWIĘTOKRZYSKIE,2024,-1494.0,-1261.0,-2755.0,3070.0,2606.0,5676.0,2025.0,1927.0,3952.0,5095.0,4533.0,9628.0,3601.0,3272.0,6873.0,1991.0,1902.0,3893.0,1610.0,1370.0,2980.0
ŚWIĘTOKRZYSKIE,2025,,,,,,,,,,,,,,,,,,,,,
