region,wynagrodzenie,rok,bezrobotni_w_liczbie_ludności_w_wieku_produkcyjnym,ogółem,"gimnazjalne,_podstawowe_i_niższe_ogółem_wartość_liczbowa","gimnazjalne,_podstawowe_i_niższe_ogółem_wskaźnik_precyzji",policealne_oraz_średnie_zawodowe/branżowe_ogółem_wartość_liczbowa,policealne_oraz_średnie_zawodowe/branżowe_ogółem_wskaźnik_precyzji,wyższe_ogółem_wartość_liczbowa,wyższe_ogółem_wskaźnik_precyzji,zasadnicze_zawodowe/branżowe_ogółem_wartość_liczbowa,zasadnicze_zawodowe/branżowe_ogółem_wskaźnik_precyzji,średnie_(łącznie_z_zasadniczym_zawodowym/branżowym_i_policealnym)_ogółem_wartość_liczbowa,średnie_(łącznie_ze_średnim_zawodowym/branżowym_i_ogólnokształcącym)_ogółem_wartość_liczbowa,średnie_ogólnokształcące_ogółem_wartość_liczbowa,średnie_ogólnokształcące_ogółem_wskaźnik_precyzji,średnie_zawodowe/branżowe_ogółem_wartość_liczbowa,średnie_zawodowe/branżowe_ogółem_wskaźnik_precyzji,saldo_migracji_ogółem,wymeldowania_do_miast_ogółem,wymeldowania_na_wieś_ogółem,wymeldowania_ogółem_kobiety,wymeldowania_ogółem_mężczyźni,wymeldowania_ogółem_ogółem,zameldowania_ogółem_kobiety,zameldowania_ogółem_mężczyźni,zameldowania_ogółem_ogółem,zameldowania_z_miast_ogółem,zameldowania_ze_wsi_ogółem,liczba_pomiotow_gospodarczych,inwestycje_zl,typ_inwestycji,uczelnie niepubliczne,uczelnie publiczne,podmiot_z_udzialem_kap_zagranicznego_na_10_tys_mieszkancow,mieszkania oddane do użytkowania na 10 tys. ludności,podmiot_nowo_zarejestr_na_10_tys_ludnosci_w_wieku_produkcyjnym
DOLNOŚLĄSKIE,,1999,,,,,,,,,,,,,,,,,-283.0,,,12505.0,11567.0,24072.0,12397.0,11392.0,23789.0,,,,,,,,,,
DOLNOŚLĄSKIE,,2000,,,,,,,,,,,,,,,,,-573.0,12956.0,7704.0,10805.0,9855.0,20660.0,10483.0,9604.0,20087.0,13603.0,6484.0,,3492.0,ogółem,,,,,
DOLNOŚLĄSKIE,,2001,,,,,,,,,,,,,,,,,177.0,12793.0,7415.0,10570.0,9638.0,20208.0,10622.0,9763.0,20385.0,14126.0,6259.0,,3786.0,ogółem,,,,,
DOLNOŚLĄSKIE,,2002,,,,,,,,,,,,,,,,,-684.0,13572.0,8200.0,11396.0,10376.0,21772.0,11075.0,10013.0,21088.0,14943.0,6145.0,"1593,7",3293.0,ogółem,,,,24.5,-
DOLNOŚLĄSKIE,,2003,,,,,,,,,,,,,,,,,-1219.0,12973.0,8239.0,11302.0,9910.0,21212.0,10559.0,9434.0,19993.0,14332.0,5661.0,"1635,9",3129.0,ogółem,,,5.8,36.4,114
DOLNOŚLĄSKIE,,2004,,,,,,,,,,,,,,,,,-890.0,12935.0,8792.0,11445.0,10282.0,21727.0,10981.0,9856.0,20837.0,14851.0,5986.0,"1616,3",3600.0,ogółem,,,6.1,22.4,109
DOLNOŚLĄSKIE,,2005,,,,,,,,,,,,,,,,,-930.0,12989.0,8140.0,11205.0,9924.0,21129.0,10732.0,9467.0,20199.0,14360.0,5839.0,"1597,2",3970.0,ogółem,,,6.3,23.8,123
DOLNOŚLĄSKIE,,2006,,86092.0,,,,,,,,,,,,,,,404.0,14796.0,10745.0,13433.0,12108.0,25541.0,13569.0,12376.0,25945.0,18644.0,7301.0,"1597,1",5076.0,ogółem,,,6.8,31.8,137
DOLNOŚLĄSKIE,,2007,,51601.0,,,,,,,,,,,,,,,347.0,14710.0,11508.0,13842.0,12376.0,26218.0,14044.0,12521.0,26565.0,18878.0,7687.0,"1624,3",6044.0,ogółem,,,7.1,31.5,135
DOLNOŚLĄSKIE,,2008,,33312.0,,,,,,,,,,,,,,,526.0,12715.0,9727.0,12070.0,10372.0,22442.0,12455.0,10513.0,22968.0,16264.0,6704.0,"1669,9",6420.0,ogółem,,,7.3,43.4,145
DOLNOŚLĄSKIE,,2009,,33675.0,,,,,,,,,,,,,,,1131.0,12538.0,9441.0,11873.0,10106.0,21979.0,12689.0,10421.0,23110.0,16432.0,6678.0,"1673,2",6519.0,ogółem,,,7.7,49.2,155
DOLNOŚLĄSKIE,,2010,,39469.0,17,2.2,25.6,1.29,18.7,2.27,26.8,1.5,64.3,33.8,11.9,2.38,21.9,1.51,1579.0,13121.0,9983.0,12489.0,10615.0,23104.0,13324.0,11359.0,24683.0,17917.0,6766.0,"1728,6",6155.0,ogółem,,,7.8,43.7,174
DOLNOŚLĄSKIE,,2011,,46362.0,17,3.22,24.3,2.28,19.7,3.3,27.3,2.31,63.2,32.4,11.6,3.42,20.8,2.52,1559.0,13105.0,9833.0,12283.0,10655.0,22938.0,13226.0,11271.0,24497.0,17400.0,7097.0,"1721,4",6916.0,ogółem,,,8.1,36.2,157
DOLNOŚLĄSKIE,,2012,,50198.0,16.6,2.69,24.1,2.12,20.8,3.04,27.4,2.13,62.6,31.7,11.1,2.99,20.6,2.33,1735.0,12054.0,9260.0,11516.0,9798.0,21314.0,12500.0,10549.0,23049.0,16252.0,6797.0,"1785,4",6729.0,ogółem,,,8.2,51.5,161
DOLNOŚLĄSKIE,,2013,,54402.0,15.5,2.96,24.3,2.25,22.1,3,26.4,2.3,62.3,32.5,11.6,3.23,20.9,2.53,2391.0,13951.0,10064.0,12676.0,11339.0,24015.0,13950.0,12456.0,26406.0,18739.0,7667.0,"1861,3",7092.0,ogółem,,,8.1,56.5,176
DOLNOŚLĄSKIE,"4042,86",2014,2.6,47406.0,13.9,3.32,24.6,2.15,24.5,2.89,25.3,2.24,61.7,33,11.8,3.39,21.2,2.36,2426.0,13286.0,9654.0,12196.0,10744.0,22940.0,13622.0,11744.0,25366.0,17802.0,7564.0,"1901,3",7602.0,ogółem,0.0,0.0,8.0,48.0,159
DOLNOŚLĄSKIE,"4204,24",2015,2.0,35991.0,14.7,3.47,24.9,2.31,24.2,2.95,25.1,2.58,61.1,32.8,11.1,3.71,21.7,2.66,2652.0,12365.0,8645.0,11238.0,9772.0,21010.0,12591.0,11071.0,23662.0,16403.0,7259.0,"1958,3",7800.0,ogółem,8756.0,25961.0,7.8,48.3,167
DOLNOŚLĄSKIE,"4385,84",2016,1.8,31528.0,14.4,3.93,25,2.91,25.5,3.1,24.6,2.86,60.1,32.1,10.5,4.57,21.6,3.17,2659.0,11393.0,8842.0,10740.0,9495.0,20235.0,12156.0,10738.0,22894.0,15863.0,7031.0,"2006,9",7562.0,ogółem,7842.0,25616.0,7.8,56.8,160
DOLNOŚLĄSKIE,"4654,51",2017,1.5,25782.0,12.8,4.13,25,2.91,26.6,3.36,24.8,3.54,60.6,32.4,10.8,5.24,21.6,3.14,2595.0,12302.0,9544.0,11627.0,10219.0,21846.0,13098.0,11343.0,24441.0,17135.0,7306.0,"2076,6",8358.0,ogółem,8160.0,26636.0,7.1,58.8,173
DOLNOŚLĄSKIE,"4942,39",2018,1.3,23385.0,12.9,4.56,24.8,3.06,28.2,3.53,24.5,3.84,58.9,31.2,9.6,5.41,21.6,3.43,3200.0,14208.0,11116.0,13519.0,11805.0,25324.0,15085.0,13439.0,28524.0,20101.0,8423.0,"2140,6",9960.0,ogółem,6492.0,23772.0,8.3,63.8,186
DOLNOŚLĄSKIE,"5323,55",2019,1.2,20534.0,12.9,4.83,23.3,3.77,30.9,3.6,23.4,4.06,56.2,29.8,9.5,5.89,20.3,4.07,4215.0,14629.0,11827.0,14020.0,12436.0,26456.0,16297.0,14374.0,30671.0,21344.0,9327.0,"2209,2",11590.0,ogółem,7079.0,24157.0,7.6,76.1,181
DOLNOŚLĄSKIE,"5693,69",2020,1.5,25490.0,11.2,5.4,23.1,4.3,32.8,3.7,23,4.6,56,30.3,9.9,6.8,20.4,4.7,3295.0,11606.0,10526.0,11679.0,10453.0,22132.0,13451.0,11976.0,25427.0,17669.0,7758.0,"2283,9",10333.0,ogółem,6587.0,22304.0,7.3,75.0,157
DOLNOŚLĄSKIE,"6242,88",2021,1.6,26914.0,12.7,5.46,25.4,3.5,32.2,3.57,20.5,4.31,55.1,31.3,9.2,6.52,22.1,4.07,3305.0,12665.0,11890.0,12988.0,11567.0,24555.0,14638.0,13222.0,27860.0,19435.0,8425.0,"2397,2",10468.0,ogółem,7963.0,21764.0,7.5,86.1,178
DOLNOŚLĄSKIE,"6945,01",2022,1.2,21111.0,12.9,6.35,25.5,4.02,32.1,3.71,19.3,4.34,55.1,32.6,10.3,6.44,22.3,4.44,3695.0,11347.0,11112.0,11943.0,10516.0,22459.0,13852.0,12302.0,26154.0,17878.0,8276.0,"2516,6",11641.0,ogółem,8317.0,20698.0,7.3,76.5,202
DOLNOŚLĄSKIE,"7850,30",2023,1.2,20237.0,12,5.71,23.4,4.44,35.6,3.3,17.8,4.67,52.5,31.5,11.3,6.26,20.2,5,3617.0,12136.0,11356.0,12269.0,11223.0,23492.0,14169.0,12940.0,27109.0,18994.0,8115.0,"2621,6",12212.0,ogółem,9662.0,19380.0,8.1,68.9,195
DOLNOŚLĄSKIE,"8867,46",2024,1.2,20513.0,10.7,5.03,22.8,3.82,37.9,2.81,16.8,4.72,51.5,31.7,11.9,5.04,19.8,4.1,3579.0,12837.0,11857.0,12874.0,11820.0,24694.0,14695.0,13578.0,28273.0,19513.0,8760.0,"2723,6",11637.0,ogółem,9590.0,18558.0,8.2,57.7,192
DOLNOŚLĄSKIE,,2025,,23284.0,-,-,-,-,-,-,-,-,-,-,-,-,-,-,,,,,,,,,,,,,,,,,,66.4,
KUJAWSKO-POMORSKIE,,1999,,,,,,,,,,,,,,,,,-244.0,,,9780.0,8871.0,18651.0,9705.0,8702.0,18407.0,,,,,,,,,,
KUJAWSKO-POMORSKIE,,2000,,,,,,,,,,,,,,,,,-407.0,9650.0,7309.0,8900.0,8059.0,16959.0,8652.0,7900.0,16552.0,9795.0,6757.0,,2318.0,ogółem,,,,,
KUJAWSKO-POMORSKIE,,2001,,,,,,,,,,,,,,,,,-868.0,9341.0,6876.0,8520.0,7697.0,16217.0,7961.0,7388.0,15349.0,9540.0,5809.0,,2291.0,ogółem,,,,,
KUJAWSKO-POMORSKIE,,2002,,,,,,,,,,,,,,,,,-1021.0,10049.0,7943.0,9424.0,8568.0,17992.0,8803.0,8168.0,16971.0,10855.0,6116.0,"1427,8",2312.0,ogółem,,,,20.5,-
KUJAWSKO-POMORSKIE,,2003,,,,,,,,,,,,,,,,,-1057.0,10552.0,8770.0,10297.0,9025.0,19322.0,9668.0,8597.0,18265.0,12040.0,6225.0,"1462,0",2140.0,ogółem,,,2.0,32.8,99
KUJAWSKO-POMORSKIE,,2004,,,,,,,,,,,,,,,,,-1094.0,10287.0,9268.0,10191.0,9364.0,19555.0,9649.0,8812.0,18461.0,12372.0,6089.0,"1404,1",2251.0,ogółem,,,2.1,22.3,90
KUJAWSKO-POMORSKIE,,2005,,,,,,,,,,,,,,,,,-1550.0,10332.0,9057.0,10353.0,9036.0,19389.0,9438.0,8401.0,17839.0,11759.0,6080.0,"1408,5",2622.0,ogółem,,,2.2,21.7,105
KUJAWSKO-POMORSKIE,,2006,,78618.0,,,,,,,,,,,,,,,-1623.0,11105.0,9940.0,11127.0,9918.0,21045.0,10287.0,9135.0,19422.0,12828.0,6594.0,"1404,1",2981.0,ogółem,,,2.3,24.2,120
KUJAWSKO-POMORSKIE,,2007,,55711.0,,,,,,,,,,,,,,,-1464.0,10916.0,10635.0,11415.0,10136.0,21551.0,10571.0,9516.0,20087.0,12967.0,7120.0,"1413,0",3924.0,ogółem,,,2.5,27.0,117
KUJAWSKO-POMORSKIE,,2008,,38853.0,,,,,,,,,,,,,,,-1059.0,9194.0,8743.0,9625.0,8312.0,17937.0,9032.0,7846.0,16878.0,10945.0,5933.0,"1437,5",4817.0,ogółem,,,2.6,37.0,125
KUJAWSKO-POMORSKIE,,2009,,38300.0,,,,,,,,,,,,,,,-1315.0,8957.0,8770.0,9526.0,8201.0,17727.0,8749.0,7663.0,16412.0,10724.0,5688.0,"1360,0",5375.0,ogółem,,,2.7,32.4,137
KUJAWSKO-POMORSKIE,,2010,,41897.0,21,2.08,22.2,1.8,14.6,2.99,31.2,1.61,64.4,30.5,11,2.57,19.5,1.85,-1443.0,9300.0,8652.0,9563.0,8389.0,17952.0,8847.0,7662.0,16509.0,10633.0,5876.0,"1370,8",5064.0,ogółem,,,2.7,27.7,144
KUJAWSKO-POMORSKIE,,2011,,51481.0,20.4,3.1,22,2.64,16.5,3.95,30.7,2.16,63.2,29.5,10.5,4.22,19,2.93,-1321.0,9569.0,8559.0,9777.0,8351.0,18128.0,8995.0,7812.0,16807.0,10913.0,5894.0,"1364,2",5392.0,ogółem,,,2.8,30.6,135
KUJAWSKO-POMORSKIE,,2012,,55718.0,19,2.98,22.3,2.37,17.7,3.53,30.2,2.13,63.4,30.5,10.9,3.7,19.6,2.5,-1528.0,9124.0,8005.0,9269.0,7860.0,17129.0,8419.0,7182.0,15601.0,9859.0,5742.0,"1398,8",4561.0,ogółem,,,2.8,30.3,132
KUJAWSKO-POMORSKIE,,2013,,59956.0,17.9,2.96,23.1,2.6,18.4,3.48,29.7,2.16,63.8,31,11,3.64,20,2.9,-1619.0,9656.0,8320.0,9382.0,8594.0,17976.0,8540.0,7817.0,16357.0,10169.0,6188.0,"1434,6",4434.0,ogółem,,,2.8,31.9,138
KUJAWSKO-POMORSKIE,"3439,06",2014,4.1,53700.0,17.1,3.2,23.2,2.51,18.1,3.58,30.9,2.25,64.9,30.8,10.8,3.59,20,2.77,-1738.0,9240.0,7911.0,9109.0,8042.0,17151.0,8183.0,7230.0,15413.0,9372.0,6041.0,"1453,0",5310.0,ogółem,0.0,0.0,2.7,29.9,130
KUJAWSKO-POMORSKIE,"3540,25",2015,3.3,42768.0,17,3.38,23.9,2.56,18.8,3.53,29.4,2.47,64.2,31.8,10.9,3.89,20.9,2.69,-1749.0,8893.0,7469.0,8720.0,7642.0,16362.0,7816.0,6797.0,14613.0,8921.0,5692.0,"1477,9",6692.0,ogółem,5012.0,12578.0,2.7,32.2,131
KUJAWSKO-POMORSKIE,"3672,98",2016,3.2,41276.0,16.1,2.86,24.4,2.39,20.7,2.94,28.4,2.36,63.2,31.6,10.4,3.6,21.2,2.67,-1719.0,8524.0,7455.0,8529.0,7450.0,15979.0,7635.0,6625.0,14260.0,8621.0,5639.0,"1497,9",4338.0,ogółem,4859.0,11352.0,2.7,30.0,124
KUJAWSKO-POMORSKIE,"3886,20",2017,2.9,36869.0,15.5,2.79,23.3,2.38,21.8,2.59,29.2,2.22,62.6,30.1,10.1,3.57,20,2.6,-1515.0,8635.0,7858.0,8829.0,7664.0,16493.0,7980.0,6998.0,14978.0,9093.0,5885.0,"1526,8",4736.0,ogółem,5648.0,11437.0,2.5,37.2,129
KUJAWSKO-POMORSKIE,"4139,21",2018,2.5,32041.0,15.7,2.99,23.2,2.32,22.1,2.97,28.4,2.34,62.2,30.7,10.6,3.77,20.1,2.54,-2541.0,10244.0,9052.0,10269.0,9027.0,19296.0,8889.0,7866.0,16755.0,10216.0,6539.0,"1561,0",5851.0,ogółem,4588.0,9649.0,2.8,34.1,148
KUJAWSKO-POMORSKIE,"4494,37",2019,2.1,26520.0,15.7,3.74,23.3,2.83,21.8,3.79,28.5,2.72,62.5,30.6,10.7,4.34,19.9,3.12,-2921.0,10818.0,9528.0,10792.0,9554.0,20346.0,9230.0,8195.0,17425.0,10563.0,6862.0,"1626,8",5848.0,ogółem,4472.0,9457.0,2.5,39.0,143
KUJAWSKO-POMORSKIE,"4831,73",2020,2.7,32174.0,15.8,4.7,23.6,3.4,23.8,4.7,26.5,3.5,60.3,30,10.2,5.4,19.8,3.9,-2112.0,8183.0,8472.0,8833.0,7822.0,16655.0,7694.0,6849.0,14543.0,9163.0,5380.0,"1739,2",6361.0,ogółem,4328.0,8104.0,2.2,47.5,130
KUJAWSKO-POMORSKIE,"5286,83",2021,2.7,31727.0,14.6,4.39,25.1,3.52,24.8,3.84,25.2,3.15,60.7,31.9,10.4,5.52,21.5,4.02,-2204.0,8549.0,9681.0,9474.0,8756.0,18230.0,8376.0,7650.0,16026.0,10097.0,5929.0,"1812,6",7072.0,ogółem,4510.0,8185.0,2.4,48.4,141
KUJAWSKO-POMORSKIE,"5888,55",2022,2.0,23785.0,14.4,4.5,25.4,3.32,24.7,3.71,25.4,3.5,60.8,31.9,10,5.77,21.9,3.87,-1746.0,7877.0,9405.0,9053.0,8229.0,17282.0,8204.0,7332.0,15536.0,9575.0,5961.0,"1867,2",8456.0,ogółem,4276.0,7799.0,2.4,57.1,145
KUJAWSKO-POMORSKIE,"6721,48",2023,1.9,21574.0,14.5,5.77,24,3.63,27.4,3.7,22.9,4.07,58.1,31.9,11.2,5.58,20.7,4.16,-2116.0,8456.0,8961.0,9246.0,8171.0,17417.0,8097.0,7204.0,15301.0,9533.0,5768.0,"1929,6",9273.0,ogółem,5154.0,7672.0,2.5,54.6,148
KUJAWSKO-POMORSKIE,"7710,78",2024,1.9,22410.0,13.8,4.91,24.5,3.6,27.6,3.1,22,3.83,58.6,33.4,12.1,5.07,21.3,3.84,-1989.0,9262.0,8940.0,9486.0,8716.0,18202.0,8455.0,7758.0,16213.0,9685.0,6528.0,"1995,2",8909.0,ogółem,5089.0,7205.0,2.5,40.4,146
KUJAWSKO-POMORSKIE,,2025,,24366.0,-,-,-,-,-,-,-,-,-,-,-,-,-,-,,,,,,,,,,,,,,,,,,41.2,
LUBELSKIE,,1999,,,,,,,,,,,,,,,,,-3034.0,,,11394.0,9956.0,21350.0,9664.0,8652.0,18316.0,,,,,,,,,,
LUBELSKIE,,2000,,,,,,,,,,,,,,,,,-2969.0,11398.0,7466.0,10107.0,8757.0,18864.0,8430.0,7465.0,15895.0,8270.0,7625.0,,1819.0,ogółem,,,,,
LUBELSKIE,,2001,,,,,,,,,,,,,,,,,-3643.0,11043.0,6771.0,9431.0,8383.0,17814.0,7347.0,6824.0,14171.0,7725.0,6446.0,,1684.0,ogółem,,,,,
LUBELSKIE,,2002,,,,,,,,,,,,,,,,,-3840.0,11975.0,7424.0,10258.0,9141.0,19399.0,8107.0,7452.0,15559.0,8937.0,6622.0,"1134,0",1572.0,ogółem,,,,15.4,-
LUBELSKIE,,2003,,,,,,,,,,,,,,,,,-4576.0,12907.0,8040.0,11192.0,9755.0,20947.0,8560.0,7811.0,16371.0,9432.0,6939.0,"1163,4",1637.0,ogółem,,,1.4,27.4,91
LUBELSKIE,,2004,,,,,,,,,,,,,,,,,-4551.0,12182.0,8543.0,11208.0,9517.0,20725.0,8498.0,7676.0,16174.0,9646.0,6528.0,"1114,4",1841.0,ogółem,,,1.4,18.9,75
LUBELSKIE,,2005,,,,,,,,,,,,,,,,,-4905.0,12260.0,8363.0,11275.0,9348.0,20623.0,8399.0,7319.0,15718.0,9169.0,6549.0,"1105,0",1992.0,ogółem,,,1.5,24.1,83
LUBELSKIE,,2006,,74349.0,,,,,,,,,,,,,,,-5160.0,13028.0,8676.0,11684.0,10020.0,21704.0,8743.0,7801.0,16544.0,9776.0,6768.0,"1113,0",2261.0,ogółem,,,1.5,22.0,92
LUBELSKIE,,2007,,57679.0,,,,,,,,,,,,,,,-5143.0,13244.0,10215.0,12849.0,10610.0,23459.0,9842.0,8474.0,18316.0,10329.0,7987.0,"1117,0",2803.0,ogółem,,,1.5,26.2,95
LUBELSKIE,,2008,,40540.0,,,,,,,,,,,,,,,-4118.0,10321.0,7313.0,9774.0,7860.0,17634.0,7410.0,6106.0,13516.0,7679.0,5837.0,"1137,2",3526.0,ogółem,,,1.5,34.2,100
LUBELSKIE,,2009,,37238.0,,,,,,,,,,,,,,,-4237.0,10302.0,7389.0,10022.0,7669.0,17691.0,7529.0,5925.0,13454.0,7493.0,5961.0,"1147,4",3673.0,ogółem,,,1.5,28.2,110
LUBELSKIE,,2010,,38575.0,19.9,1.81,27,1.28,18.8,2.14,24.1,1.55,61.3,32.8,10.2,2.4,22.6,1.4,-4867.0,10970.0,7768.0,10493.0,8245.0,18738.0,7610.0,6261.0,13871.0,8059.0,5812.0,"1191,1",3799.0,ogółem,,,1.6,26.0,129
LUBELSKIE,,2011,,48560.0,19.4,2.63,26.5,1.95,19.4,3.08,24.6,2.26,61.2,32.4,10.1,3.46,22.3,2.22,-4960.0,11165.0,7420.0,10321.0,8264.0,18585.0,7487.0,6138.0,13625.0,7829.0,5796.0,"1181,3",4751.0,ogółem,,,1.6,29.2,107
LUBELSKIE,,2012,,54007.0,18.4,2.73,25.6,2.25,21,3.05,24.6,2.3,60.7,31.5,10.5,3.43,21,2.52,-5018.0,10752.0,7245.0,9966.0,8031.0,17997.0,7091.0,5888.0,12979.0,7351.0,5628.0,"1216,7",4543.0,ogółem,,,1.8,33.2,114
LUBELSKIE,,2013,,59216.0,17.3,2.71,25.6,2.21,22.5,2.72,24.1,2.12,60.3,31.6,10.6,3.27,21,2.47,-4954.0,11177.0,7420.0,10166.0,8431.0,18597.0,7373.0,6270.0,13643.0,7838.0,5805.0,"1255,2",4509.0,ogółem,,,1.9,32.2,115
LUBELSKIE,"3605,03",2014,4.0,54177.0,16.8,2.73,25.5,2.29,23.7,2.57,23.9,2.29,59.4,31,10,3.57,21,2.52,-5125.0,11096.0,7464.0,10106.0,8454.0,18560.0,7289.0,6146.0,13435.0,7488.0,5947.0,"1280,2",4887.0,ogółem,0.0,0.0,2.1,26.5,114
LUBELSKIE,"3699,48",2015,3.5,47067.0,16.5,2.78,25.9,2.05,23.7,2.64,23.7,2.39,59.9,32,10.3,3.63,21.7,2.27,-4814.0,10497.0,7045.0,9494.0,8048.0,17542.0,6880.0,5848.0,12728.0,7097.0,5631.0,"1304,1",4837.0,ogółem,7406.0,15294.0,2.1,29.1,111
LUBELSKIE,"3815,95",2016,3.3,43357.0,15.4,2.9,27.9,2.3,23.6,2.65,23.5,2.53,61.1,33.3,9.7,4.12,23.6,2.65,-4452.0,10056.0,7037.0,9157.0,7936.0,17093.0,6686.0,5955.0,12641.0,7004.0,5637.0,"1324,4",3517.0,ogółem,6050.0,14607.0,2.3,32.9,109
LUBELSKIE,"4020,25",2017,2.8,35740.0,15.4,3.62,27.5,2.49,23.5,3.21,23.5,3.18,61.1,33.6,10.1,4.43,23.5,2.85,-5072.0,10984.0,7137.0,9722.0,8399.0,18121.0,6921.0,6128.0,13049.0,7270.0,5779.0,"1365,3",4145.0,ogółem,5831.0,15374.0,2.1,34.6,123
LUBELSKIE,"4260,71",2018,2.5,32411.0,15.3,3.84,26.2,2.56,25.2,2.81,22.6,3.28,59.4,33.4,10.6,4.72,22.8,2.84,-5804.0,12447.0,8138.0,11074.0,9511.0,20585.0,7854.0,6927.0,14781.0,8290.0,6491.0,"1409,5",5361.0,ogółem,4955.0,13953.0,2.3,35.4,142
LUBELSKIE,"4564,85",2019,2.3,29316.0,15,3.87,25.5,2.94,27.4,2.89,21.6,3.05,57.7,32,10.6,4.32,21.4,3.16,-6495.0,13442.0,8522.0,11725.0,10239.0,21964.0,8122.0,7347.0,15469.0,8611.0,6858.0,"1463,3",6040.0,ogółem,5308.0,12936.0,2.3,34.6,131
LUBELSKIE,"4914,95",2020,2.9,35068.0,14,3.5,25.4,3.1,29.3,3.4,20.8,3.5,56.7,31.6,10.5,5.3,21.1,3.4,-4685.0,9998.0,7252.0,9233.0,8017.0,17250.0,6711.0,5854.0,12565.0,7172.0,5393.0,"1594,7",6178.0,ogółem,4934.0,12187.0,2.5,40.9,130
LUBELSKIE,"5318,68",2021,2.8,33275.0,14.6,3.62,26.9,2.86,27,2.83,20.7,3.52,58.4,33.6,10.8,4.54,22.8,3.18,-5021.0,10976.0,8577.0,10498.0,9055.0,19553.0,7681.0,6851.0,14532.0,8246.0,6286.0,"1674,2",6287.0,ogółem,5143.0,12304.0,2.5,44.3,136
LUBELSKIE,"5909,60",2022,2.3,27351.0,14.5,4.02,26.4,3.12,25.8,3.09,22.1,3.45,59.7,33.9,11.2,4.64,22.7,3.33,-4686.0,9789.0,8267.0,9634.0,8422.0,18056.0,7087.0,6283.0,13370.0,7656.0,5714.0,"1751,9",6994.0,ogółem,5349.0,12326.0,2.3,50.9,148
LUBELSKIE,"6774,52",2023,2.1,24734.0,13.6,4.77,23.9,3.35,29.6,2.93,20.7,3.6,56.9,33,12.3,4.67,20.7,3.62,-4707.0,10500.0,7938.0,9716.0,8722.0,18438.0,7149.0,6582.0,13731.0,7817.0,5914.0,"1820,0",8839.0,ogółem,5350.0,11789.0,3.1,44.8,140
LUBELSKIE,"7771,05",2024,2.0,23382.0,12.8,4.49,23.5,3.11,31.2,2.7,19.3,3.59,56,33.5,13.2,4.67,20.3,3.38,-5194.0,11297.0,8722.0,10507.0,9512.0,20019.0,7765.0,7060.0,14825.0,8183.0,6642.0,"1882,9",8621.0,ogółem,5867.0,11279.0,3.1,48.5,132
LUBELSKIE,,2025,,25758.0,-,-,-,-,-,-,-,-,-,-,-,-,-,-,,,,,,,,,,,,,,,,,,41.1,
LUBUSKIE,,1999,,,,,,,,,,,,,,,,,-259.0,,,4650.0,4314.0,8964.0,4517.0,4188.0,8705.0,,,,,,,,,,
LUBUSKIE,,2000,,,,,,,,,,,,,,,,,-440.0,5072.0,3162.0,4343.0,3891.0,8234.0,3980.0,3814.0,7794.0,4839.0,2955.0,,2604.0,ogółem,,,,,
LUBUSKIE,,2001,,,,,,,,,,,,,,,,,-812.0,5296.0,2923.0,4268.0,3951.0,8219.0,3835.0,3572.0,7407.0,4824.0,2583.0,,2558.0,ogółem,,,,,
LUBUSKIE,,2002,,,,,,,,,,,,,,,,,-795.0,5324.0,2877.0,4293.0,3908.0,8201.0,3858.0,3548.0,7406.0,4874.0,2532.0,"1499,4",2455.0,ogółem,,,,23.6,-
LUBUSKIE,,2003,,,,,,,,,,,,,,,,,-435.0,5632.0,3374.0,4721.0,4285.0,9006.0,4479.0,4092.0,8571.0,5765.0,2806.0,"1504,3",2564.0,ogółem,,,5.9,38.1,117
LUBUSKIE,,2004,,,,,,,,,,,,,,,,,-370.0,5233.0,3779.0,4743.0,4269.0,9012.0,4475.0,4167.0,8642.0,5873.0,2769.0,"1514,1",2727.0,ogółem,,,6.3,25.5,117
LUBUSKIE,,2005,,,,,,,,,,,,,,,,,-435.0,5498.0,3595.0,4839.0,4254.0,9093.0,4516.0,4142.0,8658.0,5760.0,2898.0,"1547,0",3287.0,ogółem,,,6.8,32.6,121
LUBUSKIE,,2006,,30833.0,,,,,,,,,,,,,,,-527.0,6173.0,3999.0,5352.0,4820.0,10172.0,4970.0,4675.0,9645.0,6387.0,3258.0,"1593,4",3537.0,ogółem,,,7.1,28.9,138
LUBUSKIE,,2007,,19515.0,,,,,,,,,,,,,,,-479.0,6164.0,4519.0,5683.0,5000.0,10683.0,5317.0,4887.0,10204.0,6621.0,3583.0,"1603,9",4529.0,ogółem,,,7.9,32.0,135
LUBUSKIE,,2008,,12427.0,,,,,,,,,,,,,,,-219.0,5022.0,3748.0,4812.0,3958.0,8770.0,4590.0,3961.0,8551.0,5651.0,2900.0,"1533,1",4382.0,ogółem,,,7.7,42.2,139
LUBUSKIE,,2009,,12986.0,,,,,,,,,,,,,,,-450.0,5065.0,3719.0,4869.0,3915.0,8784.0,4538.0,3796.0,8334.0,5460.0,2874.0,"1525,9",4380.0,ogółem,,,7.6,36.9,158
LUBUSKIE,,2010,,14146.0,18.5,2.36,25.5,1.61,15.9,2.97,29.3,1.87,65.7,33.3,10.9,3.07,22.4,1.78,-474.0,5150.0,3660.0,4802.0,4008.0,8810.0,4452.0,3884.0,8336.0,5503.0,2833.0,"1577,2",7329.0,ogółem,,,7.6,32.4,175
LUBUSKIE,,2011,,16012.0,18.4,3.55,24.7,3.04,17,4.62,29,2.93,64.6,32.7,10.9,4.64,21.8,3.13,-665.0,5213.0,3764.0,4823.0,4154.0,8977.0,4416.0,3896.0,8312.0,5345.0,2967.0,"1560,7",7810.0,ogółem,,,7.9,32.4,151
LUBUSKIE,,2012,,17188.0,18.3,3.71,25.3,2.59,16.6,4.13,28.9,2.37,65.1,33.3,10.9,3.89,22.4,2.75,-441.0,4967.0,3622.0,4692.0,3897.0,8589.0,4394.0,3754.0,8148.0,5273.0,2875.0,"1620,9",5644.0,ogółem,,,7.5,31.0,164
LUBUSKIE,,2013,,18149.0,18.1,3.19,25.1,2.61,18.2,3.85,28.6,2.42,63.8,32.1,10.1,4.2,22,2.79,-743.0,5605.0,3895.0,5043.0,4457.0,9500.0,4602.0,4155.0,8757.0,5510.0,3247.0,"1670,7",5168.0,ogółem,,,7.2,30.9,152
LUBUSKIE,"3425,38",2014,2.5,16139.0,16.8,3.57,24.3,2.77,19.9,3.69,28.6,2.55,63.4,31.3,10.5,4.41,20.8,3.06,-660.0,5335.0,3344.0,4680.0,3999.0,8679.0,4221.0,3798.0,8019.0,4883.0,3136.0,"1692,2",4712.0,ogółem,0.0,0.0,7.0,32.9,146
LUBUSKIE,"3567,60",2015,1.9,12242.0,16.6,3.93,24.9,2.75,19.5,4.05,28.7,2.77,63.8,31.6,10.2,4.9,21.4,3.03,-893.0,5107.0,2922.0,4270.0,3759.0,8029.0,3719.0,3417.0,7136.0,4513.0,2623.0,"1731,5",5762.0,ogółem,252.0,4569.0,6.5,31.7,153
LUBUSKIE,"3734,90",2016,1.7,10712.0,15.9,3.5,25.2,2.62,19.5,3.82,28.9,2.58,64.5,32.5,10.4,4.51,22.1,2.86,-740.0,4712.0,2933.0,4065.0,3580.0,7645.0,3648.0,3257.0,6905.0,4203.0,2702.0,"1759,5",5573.0,ogółem,122.0,4130.0,6.6,35.2,147
LUBUSKIE,"3950,95",2017,1.2,7796.0,15.2,3.48,24.7,2.86,20.7,2.94,29,2.44,64.1,32.4,10.4,4.51,22,3.08,-788.0,5008.0,3212.0,4437.0,3783.0,8220.0,3869.0,3563.0,7432.0,4545.0,2887.0,"1800,3",5426.0,ogółem,159.0,3785.0,5.9,39.3,153
LUBUSKIE,"4239,92",2018,1.2,7197.0,15.7,3.37,24.2,2.85,21.7,3.42,27.7,2.71,62.5,32.5,10.6,4.28,21.9,3.03,-971.0,5584.0,3411.0,4678.0,4317.0,8995.0,4133.0,3891.0,8024.0,4936.0,3088.0,"1831,2",6207.0,ogółem,156.0,3020.0,6.1,41.9,169
LUBUSKIE,"4559,96",2019,0.9,5505.0,16,3.64,24.5,2.93,22.5,3.29,26.7,2.78,61.4,32.2,10.2,4.41,22,3.02,-1245.0,6096.0,3700.0,5215.0,4581.0,9796.0,4496.0,4055.0,8551.0,5193.0,3358.0,"1920,3",6252.0,ogółem,97.0,2992.0,5.4,40.8,171
LUBUSKIE,"4832,07",2020,1.2,7041.0,14.1,3.6,25.3,3,24.3,3.6,25.3,3.4,61.5,33.8,10.9,5.7,22.9,3.1,-842.0,4523.0,3284.0,4099.0,3708.0,7807.0,3578.0,3387.0,6965.0,4376.0,2589.0,"2047,8",5992.0,ogółem,148.0,2932.0,4.6,51.8,150
LUBUSKIE,"5286,50",2021,1.2,7101.0,13,4.52,25.7,3.04,25.2,3.07,23.9,3.44,61.6,35.4,12,4.96,23.4,3.28,-1068.0,4722.0,3717.0,4448.0,3991.0,8439.0,3833.0,3538.0,7371.0,4589.0,2782.0,"2147,0",8041.0,ogółem,130.0,2718.0,5.2,51.3,163
LUBUSKIE,"6014,38",2022,0.8,4704.0,13,4.62,26.5,2.92,24.9,3.31,23.6,3.55,62,36.2,11.9,4.75,24.3,3.23,-861.0,4159.0,3820.0,4134.0,3845.0,7979.0,3657.0,3461.0,7118.0,4599.0,2519.0,"2220,9",8830.0,ogółem,173.0,2709.0,5.0,59.5,162
LUBUSKIE,"6882,46",2023,0.7,4199.0,13.2,4.15,26.4,3.37,26.7,3.53,21.4,3.94,60.2,36.3,12.4,5.23,23.9,3.7,-753.0,4245.0,3523.0,4054.0,3714.0,7768.0,3660.0,3355.0,7015.0,4572.0,2443.0,"2302,0",12130.0,ogółem,176.0,2710.0,5.6,50.8,173
LUBUSKIE,"7887,19",2024,0.8,4294.0,14.5,4.05,24.5,3.15,26.8,3.17,20.8,3.5,58.6,35.6,13.3,4.25,22.3,3.36,-1034.0,4463.0,3626.0,4195.0,3894.0,8089.0,3652.0,3403.0,7055.0,4417.0,2638.0,"2388,2",10402.0,ogółem,156.0,2551.0,5.1,44.3,176
LUBUSKIE,,2025,,5421.0,-,-,-,-,-,-,-,-,-,-,-,-,-,-,,,,,,,,,,,,,,,,,,53.2,
MAZOWIECKIE,,1999,,,,,,,,,,,,,,,,,6727.0,,,22330.0,19392.0,41722.0,26100.0,22349.0,48449.0,,,,,,,,,,
MAZOWIECKIE,,2000,,,,,,,,,,,,,,,,,8825.0,24447.0,14204.0,20535.0,18116.0,38651.0,25316.0,22160.0,47476.0,31946.0,15530.0,,8223.0,ogółem,,,,,
MAZOWIECKIE,,2001,,,,,,,,,,,,,,,,,9866.0,23124.0,13195.0,19170.0,17149.0,36319.0,24796.0,21389.0,46185.0,31909.0,14276.0,,7362.0,ogółem,,,,,
MAZOWIECKIE,,2002,,,,,,,,,,,,,,,,,12166.0,25178.0,15004.0,21335.0,18847.0,40182.0,28299.0,24049.0,52348.0,36415.0,15933.0,"1742,2",5378.0,ogółem,,,,43.6,-
MAZOWIECKIE,,2003,,,,,,,,,,,,,,,,,13328.0,26254.0,16643.0,22965.0,19932.0,42897.0,30586.0,25639.0,56225.0,39443.0,16782.0,"1788,8",5021.0,ogółem,,,9.6,57.4,123
MAZOWIECKIE,,2004,,,,,,,,,,,,,,,,,13326.0,26041.0,17426.0,23142.0,20325.0,43467.0,30699.0,26094.0,56793.0,39837.0,16956.0,"1802,3",5321.0,ogółem,,,9.8,46.4,118
MAZOWIECKIE,,2005,,,,,,,,,,,,,,,,,14520.0,25952.0,16354.0,22605.0,19701.0,42306.0,30967.0,25859.0,56826.0,39946.0,16880.0,"1837,5",5634.0,ogółem,,,10.7,54.8,124
MAZOWIECKIE,,2006,,154007.0,,,,,,,,,,,,,,,16268.0,29682.0,18681.0,25984.0,22379.0,48363.0,35169.0,29462.0,64631.0,45225.0,19406.0,"1850,8",6445.0,ogółem,,,11.5,52.5,142
MAZOWIECKIE,,2007,,110453.0,,,,,,,,,,,,,,,14946.0,30750.0,21250.0,27925.0,24075.0,52000.0,36434.0,30512.0,66946.0,46574.0,20372.0,"1895,4",8007.0,ogółem,,,11.4,58.4,144
MAZOWIECKIE,,2008,,72656.0,,,,,,,,,,,,,,,11119.0,24894.0,16481.0,22515.0,18860.0,41375.0,28921.0,23573.0,52494.0,36884.0,15610.0,"1956,2",9108.0,ogółem,,,14.6,73.4,151
MAZOWIECKIE,,2009,,69101.0,,,,,,,,,,,,,,,11471.0,23384.0,16457.0,21934.0,17907.0,39841.0,28517.0,22795.0,51312.0,35856.0,15456.0,"1942,6",8723.0,ogółem,,,15.6,74.8,156
MAZOWIECKIE,,2010,,82369.0,15.9,2.18,24.2,1.43,27.2,1.91,20.2,1.85,57,33.8,12.6,1.94,21.2,1.63,12687.0,25821.0,18001.0,23885.0,19937.0,43822.0,31268.0,25241.0,56509.0,40040.0,16469.0,"2034,7",8244.0,ogółem,,,16.3,55.1,198
MAZOWIECKIE,,2011,,96367.0,14.9,3.18,23.9,2.09,27.8,2.58,21.2,2.57,57.3,32.8,12.2,3.07,20.6,2.24,13700.0,25491.0,16643.0,23048.0,19086.0,42134.0,30733.0,25101.0,55834.0,39183.0,16651.0,"2019,2",8680.0,ogółem,,,17.9,47.6,172
MAZOWIECKIE,,2012,,107679.0,14.6,2.65,23.1,1.94,29.2,2.27,21,2.38,56.2,31.8,12.1,2.74,19.7,2.15,12802.0,23811.0,15581.0,21394.0,17998.0,39392.0,28638.0,23556.0,52194.0,36038.0,16156.0,"2097,3",8781.0,ogółem,,,18.8,57.7,182
MAZOWIECKIE,,2013,,121570.0,14.8,2.87,22.2,2.21,30.7,2.23,20.1,2.28,54.4,31.3,12.1,2.98,19.2,2.44,13457.0,25795.0,16449.0,22740.0,19504.0,42244.0,30124.0,25577.0,55701.0,38103.0,17598.0,"2183,8",8908.0,ogółem,,,19.0,55.1,197
MAZOWIECKIE,"4927,34",2014,3.5,114606.0,14,3.03,21,2.18,33,2.03,20.2,2.48,53.1,30,11.9,2.91,18.1,2.41,13141.0,25801.0,15835.0,22557.0,19079.0,41636.0,29910.0,24867.0,54777.0,37042.0,17735.0,"2245,8",10316.0,ogółem,0.0,0.0,19.3,57.6,194
MAZOWIECKIE,"5098,55",2015,2.9,96044.0,13.5,3.05,21.5,2.18,33.5,2,20.2,2.48,53,30,11.3,3.19,18.7,2.33,12385.0,23960.0,14770.0,20929.0,17801.0,38730.0,27665.0,23450.0,51115.0,34405.0,16710.0,"2333,5",10868.0,ogółem,24921.0,45402.0,18.8,54.7,208
MAZOWIECKIE,"5240,86",2016,2.6,85693.0,12.9,2.33,21.8,2.15,34,1.74,20,2.4,53.1,30.5,11.3,2.8,19.2,2.27,11167.0,22395.0,14248.0,19829.0,16814.0,36643.0,26031.0,21779.0,47810.0,32190.0,15620.0,"2418,2",10533.0,ogółem,22504.0,44121.0,18.3,67.3,208
MAZOWIECKIE,"5523,65",2017,2.1,68269.0,12.3,2.44,22.1,2.26,35.7,1.68,18.7,2.78,52,30.6,11.2,2.82,19.4,2.47,12029.0,24174.0,15257.0,21107.0,18324.0,39431.0,27793.0,23667.0,51460.0,34677.0,16783.0,"2501,4",10802.0,ogółem,22017.0,48316.0,15.7,69.4,207
MAZOWIECKIE,"5888,90",2018,1.8,58124.0,12.1,2.61,22.1,2.31,37.1,1.77,17.4,2.82,50.8,30.7,11.3,3.19,19.4,2.47,14686.0,28020.0,17401.0,24463.0,20958.0,45421.0,32418.0,27689.0,60107.0,40651.0,19456.0,"2538,5",12601.0,ogółem,19201.0,41594.0,20.8,76.2,225
MAZOWIECKIE,"6248,47",2019,1.6,50832.0,11.6,2.66,21.2,2.52,38.7,1.69,16.9,2.68,49.7,29.8,11.6,3.37,18.2,2.73,15777.0,29286.0,18685.0,25741.0,22230.0,47971.0,34469.0,29279.0,63748.0,43231.0,20517.0,"2671,5",13477.0,ogółem,17793.0,40465.0,18.0,79.8,221
MAZOWIECKIE,"6581,81",2020,1.9,63586.0,11.8,2.8,20.9,2.6,39.2,1.8,17.2,2.9,48.9,28.8,10.8,3.5,18,2.8,10448.0,22318.0,16991.0,21056.0,18253.0,39309.0,26590.0,23167.0,49757.0,33712.0,16045.0,"2715,3",12738.0,ogółem,18871.0,37119.0,17.9,84.5,189
MAZOWIECKIE,"7108,20",2021,2.0,65791.0,11,3.15,21.2,2.5,40,1.64,15.6,2.79,49,30.5,12.2,3.28,18.3,2.73,10834.0,24835.0,20006.0,23724.0,21117.0,44841.0,29485.0,26190.0,55675.0,38007.0,17668.0,"2853,6",14828.0,ogółem,21253.0,36449.0,17.2,80.5,218
MAZOWIECKIE,"7913,14",2022,1.6,51281.0,10.8,3.34,21.2,2.63,40.6,1.65,14.6,3.04,48.5,31.3,12.7,3.34,18.6,2.84,9368.0,23352.0,19691.0,22798.0,20245.0,43043.0,27908.0,24503.0,52411.0,35762.0,16649.0,"2993,8",17804.0,ogółem,22716.0,32988.0,16.6,78.3,243
MAZOWIECKIE,"8928,60",2023,1.4,45695.0,10.2,3.1,19.6,2.79,43.7,1.62,12.7,3.15,46,31.2,13.7,3.72,17.5,3.02,10217.0,24822.0,20407.0,23714.0,21515.0,45229.0,29058.0,26388.0,55446.0,38050.0,17396.0,"3134,0",20631.0,ogółem,24085.0,32172.0,19.2,78.9,250
MAZOWIECKIE,"10018,71",2024,1.4,44914.0,9.9,3.35,18.8,2.76,45.2,1.43,12.7,3.05,44.8,29.9,13.3,3.45,16.6,2.83,10289.0,26352.0,20940.0,24680.0,22612.0,47292.0,30017.0,27564.0,57581.0,39227.0,18354.0,"3264,2",20911.0,ogółem,27383.0,31296.0,21.1,69.9,246
MAZOWIECKIE,,2025,,48585.0,-,-,-,-,-,-,-,-,-,-,-,-,-,-,,,,,,,,,,,,,,,,,,81.8,
MAŁOPOLSKIE,,1999,,,,,,,,,,,,,,,,,1944.0,,,11019.0,9658.0,20677.0,12170.0,10451.0,22621.0,,,,,,,,,,
MAŁOPOLSKIE,,2000,,,,,,,,,,,,,,,,,2376.0,9884.0,8426.0,9725.0,8585.0,18310.0,11127.0,9559.0,20686.0,12884.0,7802.0,,2931.0,ogółem,,,,,
MAŁOPOLSKIE,,2001,,,,,,,,,,,,,,,,,2644.0,9477.0,7733.0,9181.0,8029.0,17210.0,10740.0,9114.0,19854.0,12496.0,7358.0,,2462.0,ogółem,,,,,
MAŁOPOLSKIE,,2002,,,,,,,,,,,,,,,,,2986.0,9869.0,8335.0,9604.0,8600.0,18204.0,11292.0,9898.0,21190.0,14155.0,7035.0,"1406,8",2558.0,ogółem,,,,30.1,-
MAŁOPOLSKIE,,2003,,,,,,,,,,,,,,,,,3298.0,10736.0,9712.0,10901.0,9547.0,20448.0,12826.0,10920.0,23746.0,16000.0,7746.0,"1433,3",2856.0,ogółem,,,2.5,71.9,101
MAŁOPOLSKIE,,2004,,,,,,,,,,,,,,,,,3255.0,10181.0,9894.0,10623.0,9452.0,20075.0,12523.0,10807.0,23330.0,15411.0,7919.0,"1423,5",2834.0,ogółem,,,2.6,33.2,92
MAŁOPOLSKIE,,2005,,,,,,,,,,,,,,,,,3153.0,10413.0,9149.0,10452.0,9110.0,19562.0,12420.0,10295.0,22715.0,15019.0,7696.0,"1415,6",3082.0,ogółem,,,2.8,32.8,100
MAŁOPOLSKIE,,2006,,72272.0,,,,,,,,,,,,,,,3309.0,10828.0,10207.0,11151.0,9884.0,21035.0,13063.0,11281.0,24344.0,15962.0,8382.0,"1403,8",3967.0,ogółem,,,3.3,38.0,118
MAŁOPOLSKIE,,2007,,51660.0,,,,,,,,,,,,,,,3323.0,10963.0,11378.0,11843.0,10498.0,22341.0,13688.0,11976.0,25664.0,17061.0,8603.0,"1415,0",4631.0,ogółem,,,3.4,37.8,116
MAŁOPOLSKIE,,2008,,33322.0,,,,,,,,,,,,,,,2801.0,9127.0,8899.0,9778.0,8248.0,18026.0,11417.0,9410.0,20827.0,14068.0,6759.0,"1444,6",4905.0,ogółem,,,3.8,48.8,130
MAŁOPOLSKIE,,2009,,34674.0,,,,,,,,,,,,,,,3643.0,9353.0,9430.0,10261.0,8522.0,18783.0,12542.0,9884.0,22426.0,15073.0,7353.0,"1495,8",4526.0,ogółem,,,4.2,57.0,150
MAŁOPOLSKIE,,2010,,42172.0,15.7,2.01,24.2,1.43,19.4,2.19,27.8,1.48,64.9,33.9,12.9,2.33,21,1.58,3673.0,9647.0,9951.0,10582.0,9016.0,19598.0,12771.0,10500.0,23271.0,15993.0,7278.0,"1561,1",4811.0,ogółem,,,4.4,36.8,171
MAŁOPOLSKIE,,2011,,49797.0,16.1,3.02,23.5,2.21,20.6,3.07,27.9,2.06,63.3,32.1,11.9,3.33,20.2,2.55,3783.0,9970.0,9865.0,10767.0,9068.0,19835.0,12996.0,10622.0,23618.0,15792.0,7826.0,"1559,6",5431.0,ogółem,,,4.7,37.8,143
MAŁOPOLSKIE,,2012,,56137.0,15.1,3.11,24,2,22.4,2.74,27.3,1.94,62.4,31.8,11.1,3.71,20.7,2.21,3354.0,9133.0,9281.0,9880.0,8534.0,18414.0,11856.0,9912.0,21768.0,14474.0,7294.0,"1615,9",5468.0,ogółem,,,4.9,45.6,151
MAŁOPOLSKIE,,2013,,62935.0,13.9,2.86,23.8,2.37,23.1,2.52,27.3,2.04,62.9,32.6,11.8,3.06,20.8,2.5,3775.0,10262.0,10196.0,10896.0,9562.0,20458.0,12956.0,11277.0,24233.0,15872.0,8361.0,"1655,7",5231.0,ogółem,,,4.9,46.1,147
MAŁOPOLSKIE,"3700,06",2014,2.7,57643.0,13.7,3.01,22.4,2.6,23.9,2.65,28.3,2.09,62.4,31,11.7,3.34,19.3,2.74,3572.0,10132.0,9371.0,10456.0,9047.0,19503.0,12539.0,10536.0,23075.0,14971.0,8104.0,"1686,2",5554.0,ogółem,0.0,0.0,5.2,46.5,151
MAŁOPOLSKIE,"3906,96",2015,2.3,48127.0,13.7,3.5,22.7,2.41,24.9,2.72,27.6,2.17,61.6,31,11.3,3.57,19.7,2.73,3770.0,9868.0,8973.0,10021.0,8820.0,18841.0,12040.0,10571.0,22611.0,14434.0,8177.0,"1727,8",6277.0,ogółem,9246.0,41112.0,5.2,43.3,158
MAŁOPOLSKIE,"4077,91",2016,1.8,38479.0,13.4,3.5,23.6,2.61,26.5,2.9,26.2,2.64,60.2,31.3,10.4,4.3,20.9,2.83,3376.0,9495.0,8833.0,9807.0,8521.0,18328.0,11652.0,10052.0,21704.0,13672.0,8032.0,"1769,6",5430.0,ogółem,7210.0,41382.0,5.8,51.5,155
MAŁOPOLSKIE,"4347,10",2017,1.5,31352.0,12.8,3.75,23.1,3,29.1,2.97,25.2,3.27,58.1,30.3,9.8,4.68,20.5,3.32,3760.0,10347.0,9447.0,10466.0,9328.0,19794.0,12612.0,10942.0,23554.0,14830.0,8724.0,"1821,8",5669.0,ogółem,7089.0,46592.0,5.3,59.0,163
MAŁOPOLSKIE,"4678,95",2018,1.4,28531.0,11.3,3.75,24,3.66,29,3.4,25.6,3.81,59.7,31.7,10.1,6.42,21.6,3.96,4842.0,12450.0,9920.0,11951.0,10419.0,22370.0,14602.0,12610.0,27212.0,16720.0,10492.0,"1886,8",6627.0,ogółem,5853.0,37721.0,6.6,53.7,179
MAŁOPOLSKIE,"5098,26",2019,1.1,23626.0,12,4.37,23.2,3.96,29.8,3.27,23.4,3.73,58.3,32.1,11.7,5.31,20.4,4.35,5914.0,14133.0,10525.0,13231.0,11427.0,24658.0,16556.0,14016.0,30572.0,18687.0,11885.0,"1984,0",7114.0,ogółem,5321.0,35625.0,6.0,63.9,178
MAŁOPOLSKIE,"5536,07",2020,1.5,30571.0,12,4.6,23.4,4,30,3.5,23.3,3.9,58.1,31.7,11.4,5.7,20.3,4.3,3412.0,10278.0,9552.0,10418.0,9412.0,19830.0,12277.0,10965.0,23242.0,14300.0,8942.0,"2059,9",7029.0,ogółem,5239.0,31469.0,5.8,57.7,149
MAŁOPOLSKIE,"6046,95",2021,1.6,33548.0,13.1,4.71,23.4,3.45,31.5,2.89,22.7,3.33,55.4,29.6,9.3,5.04,20.3,3.8,4112.0,11570.0,11359.0,12118.0,10811.0,22929.0,14274.0,12767.0,27041.0,16539.0,10502.0,"2163,7",7887.0,ogółem,6006.0,31638.0,5.4,63.9,174
MAŁOPOLSKIE,"6824,68",2022,1.2,25519.0,12.5,4.73,24.1,3.47,31.4,2.68,23.3,3.35,56.1,29.9,8.7,5.86,21.2,3.74,3553.0,11118.0,11277.0,11829.0,10566.0,22395.0,13709.0,12239.0,25948.0,15834.0,10114.0,"2263,4",9255.0,ogółem,6249.0,30667.0,5.0,69.6,183
MAŁOPOLSKIE,"7736,56",2023,1.1,21784.0,10.9,4.4,22.3,3.64,35.4,2.59,20.1,4.32,53.6,30.8,11.2,5.79,19.6,4.05,3800.0,11560.0,10898.0,11808.0,10650.0,22458.0,13896.0,12362.0,26258.0,15863.0,10395.0,"2361,3",10186.0,ogółem,6988.0,29842.0,5.6,62.8,183
MAŁOPOLSKIE,"8818,71",2024,1.1,21433.0,9.7,4.49,22,3.37,36.5,2.32,19.8,3.81,53.9,31.5,12.1,4.6,19.4,3.57,4043.0,11933.0,11183.0,12065.0,11051.0,23116.0,14208.0,12951.0,27159.0,16447.0,10712.0,"2458,9",9636.0,ogółem,7349.0,29280.0,5.7,59.4,184
MAŁOPOLSKIE,,2025,,24609.0,-,-,-,-,-,-,-,-,-,-,-,-,-,-,,,,,,,,,,,,,,,,,,59.2,
OPOLSKIE,,1999,,,,,,,,,,,,,,,,,-22.0,,,3900.0,3598.0,7498.0,3882.0,3594.0,7476.0,,,,,,,,,,
OPOLSKIE,,2000,,,,,,,,,,,,,,,,,-88.0,4016.0,2733.0,3491.0,3258.0,6749.0,3448.0,3213.0,6661.0,3927.0,2734.0,,2448.0,ogółem,,,,,
OPOLSKIE,,2001,,,,,,,,,,,,,,,,,-247.0,3673.0,2629.0,3314.0,2988.0,6302.0,3165.0,2890.0,6055.0,3761.0,2294.0,,2076.0,ogółem,,,,,
OPOLSKIE,,2002,,,,,,,,,,,,,,,,,-682.0,4007.0,2780.0,3522.0,3265.0,6787.0,3151.0,2954.0,6105.0,3682.0,2423.0,"1275,1",1873.0,ogółem,,,,11.7,-
OPOLSKIE,,2003,,,,,,,,,,,,,,,,,-540.0,3963.0,2963.0,3603.0,3323.0,6926.0,3374.0,3012.0,6386.0,4025.0,2361.0,"1303,6",2011.0,ogółem,,,4.0,25.7,83
OPOLSKIE,,2004,,,,,,,,,,,,,,,,,-421.0,4170.0,2909.0,3676.0,3403.0,7079.0,3512.0,3146.0,6658.0,4133.0,2525.0,"1311,8",2213.0,ogółem,,,3.9,11.7,75
OPOLSKIE,,2005,,,,,,,,,,,,,,,,,-633.0,4006.0,2670.0,3490.0,3186.0,6676.0,3169.0,2874.0,6043.0,3822.0,2221.0,"1337,4",2553.0,ogółem,,,4.0,11.0,80
OPOLSKIE,,2006,,27938.0,,,,,,,,,,,,,,,-837.0,4384.0,3054.0,3862.0,3576.0,7438.0,3531.0,3070.0,6601.0,4055.0,2546.0,"1369,9",2773.0,ogółem,,,4.1,12.8,89
OPOLSKIE,,2007,,17412.0,,,,,,,,,,,,,,,-745.0,4436.0,3513.0,4151.0,3798.0,7949.0,3831.0,3373.0,7204.0,4462.0,2742.0,"1399,9",3590.0,ogółem,,,4.4,13.0,87
OPOLSKIE,,2008,,9449.0,,,,,,,,,,,,,,,-439.0,3574.0,2944.0,3521.0,2997.0,6518.0,3307.0,2772.0,6079.0,3770.0,2309.0,"1420,4",3778.0,ogółem,,,4.5,17.7,103
OPOLSKIE,,2009,,9505.0,,,,,,,,,,,,,,,-616.0,3770.0,3010.0,3669.0,3111.0,6780.0,3347.0,2817.0,6164.0,3710.0,2454.0,"1408,6",4409.0,ogółem,,,4.5,17.1,115
OPOLSKIE,,2010,,11704.0,17.8,1.87,24.9,1.34,15.8,2.45,31.8,1.3,66.6,31.6,9.9,2.47,21.7,1.46,-671.0,3955.0,2987.0,3678.0,3264.0,6942.0,3316.0,2955.0,6271.0,3805.0,2466.0,"1486,2",4590.0,ogółem,,,4.6,21.1,128
OPOLSKIE,,2011,,14652.0,17.4,2.7,25,2.1,16.1,3.59,32.1,2.2,66.7,31.5,9.6,3.72,21.9,2.22,-664.0,3888.0,2902.0,3661.0,3129.0,6790.0,3328.0,2798.0,6126.0,3723.0,2403.0,"1470,7",4628.0,ogółem,,,4.9,16.9,104
OPOLSKIE,,2012,,16275.0,16.6,2.63,24.4,1.97,17.7,3.29,31.6,2.1,65.7,30.9,9.7,3.42,21.2,2.16,-437.0,3625.0,2699.0,3394.0,2930.0,6324.0,3186.0,2701.0,5887.0,3563.0,2324.0,"1500,7",4266.0,ogółem,,,5.0,18.0,105
OPOLSKIE,,2013,,16345.0,16.6,2.57,24.4,1.97,18.5,2.96,31.4,1.77,65,30.3,9.2,3.44,21.1,2.13,-892.0,4096.0,2965.0,3649.0,3412.0,7061.0,3226.0,2943.0,6169.0,3626.0,2543.0,"1538,7",4746.0,ogółem,,,4.9,17.3,114
OPOLSKIE,"3632,84",2014,2.4,15656.0,15.9,2.83,23.3,2.1,20.7,2.69,30.9,1.89,63.6,29.5,9.4,3.53,20.1,2.29,-691.0,3838.0,2689.0,3371.0,3156.0,6527.0,3075.0,2761.0,5836.0,3474.0,2362.0,"1555,7",5717.0,ogółem,0.0,0.0,4.7,19.3,107
OPOLSKIE,"3793,28",2015,2.0,12459.0,15.5,2.89,23.7,2.28,21.9,2.74,29.5,1.92,62.7,29.9,9.5,3.98,20.4,2.5,-810.0,3589.0,2449.0,3174.0,2864.0,6038.0,2797.0,2431.0,5228.0,2977.0,2251.0,"1580,2",8062.0,ogółem,1747.0,6677.0,4.4,17.2,106
OPOLSKIE,"3927,04",2016,1.9,12091.0,14.5,2.58,24,2.28,21.7,2.73,29.8,2.1,63.7,30.7,9.9,3.87,20.8,2.49,-726.0,3614.0,2445.0,3210.0,2849.0,6059.0,2829.0,2504.0,5333.0,3067.0,2266.0,"1597,5",8292.0,ogółem,1561.0,5828.0,4.3,17.8,100
OPOLSKIE,"4144,91",2017,1.6,10142.0,14,3.22,23.6,2.71,22.8,2.86,30.4,2.61,63.1,29.5,9.1,4.53,20.4,2.98,-745.0,3745.0,2511.0,3215.0,3041.0,6256.0,2875.0,2636.0,5511.0,3251.0,2260.0,"1622,4",6809.0,ogółem,1518.0,6197.0,4.2,20.2,104
OPOLSKIE,"4379,25",2018,1.3,8236.0,13,3.05,24.4,2.71,22.9,3.27,29.6,2.47,63.9,30.9,9.9,4.89,21,2.92,-691.0,4251.0,2657.0,3594.0,3314.0,6908.0,3291.0,2926.0,6217.0,3605.0,2612.0,"1649,7",7251.0,ogółem,1260.0,4788.0,4.0,24.2,117
OPOLSKIE,"4712,47",2019,1.2,7207.0,11.8,3.07,25.8,2.58,23.2,3.15,29.2,2.94,64.8,32.8,9.8,5.34,23,2.77,-1007.0,4431.0,2893.0,3902.0,3422.0,7324.0,3351.0,2966.0,6317.0,3626.0,2691.0,"1712,2",7958.0,ogółem,1088.0,4646.0,4.3,27.7,120
OPOLSKIE,"5078,51",2020,1.7,9706.0,12.2,4,25,3.6,24.3,3.9,28.7,3.5,63.6,32,9.9,5.6,22.1,3.9,-747.0,3617.0,2543.0,3241.0,2919.0,6160.0,2876.0,2537.0,5413.0,3166.0,2247.0,"1829,6",6939.0,ogółem,1213.0,3929.0,3.6,27.3,104
OPOLSKIE,"5492,82",2021,1.8,10179.0,12.1,4.21,24.9,3.38,24.4,3.34,28.3,3.12,63.6,32.2,10.4,5.93,21.8,3.64,-764.0,3697.0,2880.0,3391.0,3186.0,6577.0,3036.0,2777.0,5813.0,3400.0,2413.0,"1904,3",7588.0,ogółem,1352.0,4033.0,3.8,35.8,118
OPOLSKIE,"6134,18",2022,1.5,8498.0,12.7,4.56,26.2,3.39,24.6,3.36,27,3.21,62.7,32.7,9.5,6.14,23.2,3.77,-732.0,3397.0,2761.0,3165.0,2993.0,6158.0,2805.0,2621.0,5426.0,3229.0,2197.0,"1973,1",9158.0,ogółem,1376.0,4143.0,3.6,34.9,122
OPOLSKIE,"6975,81",2023,1.4,7929.0,12.5,5.04,25.9,3.47,26.6,3.66,23.8,4.07,61.1,34.3,11.4,5.55,22.9,3.83,-954.0,3632.0,2642.0,3247.0,3027.0,6274.0,2779.0,2541.0,5320.0,3232.0,2088.0,"2037,6",11626.0,ogółem,1383.0,3636.0,3.8,33.8,125
OPOLSKIE,"7958,35",2024,1.4,7907.0,12.5,5.18,23.9,3.77,28.6,3.46,24.1,3.91,58.9,32.5,10.9,6.15,21.6,4.11,-783.0,3646.0,2975.0,3517.0,3104.0,6621.0,3109.0,2729.0,5838.0,3508.0,2330.0,"2101,9",11362.0,ogółem,1438.0,3626.0,3.6,29.3,122
OPOLSKIE,,2025,,8421.0,-,-,-,-,-,-,-,-,-,-,-,-,-,-,,,,,,,,,,,,,,,,,,25.9,
PODKARPACKIE,,1999,,,,,,,,,,,,,,,,,-1528.0,,,7974.0,6920.0,14894.0,7041.0,6325.0,13366.0,,,,,,,,,,
PODKARPACKIE,,2000,,,,,,,,,,,,,,,,,-1730.0,7413.0,6120.0,7171.0,6362.0,13533.0,6159.0,5644.0,11803.0,6089.0,5714.0,,1859.0,ogółem,,,,,
PODKARPACKIE,,2001,,,,,,,,,,,,,,,,,-1791.0,7594.0,6166.0,7271.0,6489.0,13760.0,6278.0,5691.0,11969.0,6284.0,5685.0,,1743.0,ogółem,,,,,
PODKARPACKIE,,2002,,,,,,,,,,,,,,,,,-2431.0,8127.0,6572.0,7663.0,7036.0,14699.0,6338.0,5930.0,12268.0,6493.0,5775.0,"1101,1",1938.0,ogółem,,,,19.3,-
PODKARPACKIE,,2003,,,,,,,,,,,,,,,,,-2192.0,8376.0,6860.0,8056.0,7180.0,15236.0,6731.0,6313.0,13044.0,7300.0,5744.0,"1120,8",2157.0,ogółem,,,1.2,50.8,82
PODKARPACKIE,,2004,,,,,,,,,,,,,,,,,-2073.0,8311.0,7050.0,8126.0,7235.0,15361.0,6923.0,6365.0,13288.0,7308.0,5980.0,"1083,3",2334.0,ogółem,,,1.2,21.8,69
PODKARPACKIE,,2005,,,,,,,,,,,,,,,,,-2001.0,7801.0,6365.0,7593.0,6573.0,14166.0,6417.0,5748.0,12165.0,6710.0,5455.0,"1068,4",2440.0,ogółem,,,1.3,19.4,74
PODKARPACKIE,,2006,,76679.0,,,,,,,,,,,,,,,-1907.0,8276.0,6596.0,7987.0,6885.0,14872.0,6866.0,6099.0,12965.0,7082.0,5883.0,"1071,6",2817.0,ogółem,,,1.4,22.2,86
PODKARPACKIE,,2007,,62389.0,,,,,,,,,,,,,,,-2169.0,10006.0,7732.0,9207.0,8531.0,17738.0,8044.0,7525.0,15569.0,7719.0,7850.0,"1073,7",3351.0,ogółem,,,1.4,25.4,84
PODKARPACKIE,,2008,,46059.0,,,,,,,,,,,,,,,-1539.0,7014.0,5665.0,6951.0,5728.0,12679.0,5972.0,5168.0,11140.0,6116.0,5024.0,"1082,1",3759.0,ogółem,,,1.5,26.9,88
PODKARPACKIE,,2009,,47692.0,,,,,,,,,,,,,,,-1986.0,7111.0,5749.0,7065.0,5795.0,12860.0,5850.0,5024.0,10874.0,5824.0,5050.0,"1080,8",4064.0,ogółem,,,1.6,26.0,106
PODKARPACKIE,,2010,,53194.0,18.8,1.84,25.2,1.43,17.8,2.18,28.2,1.63,63.3,31.9,9.9,2.65,22,1.51,-1973.0,7733.0,5851.0,7397.0,6187.0,13584.0,6195.0,5416.0,11611.0,6436.0,5175.0,"1123,1",4837.0,ogółem,,,1.6,23.3,117
PODKARPACKIE,,2011,,60886.0,19.3,2.88,24.8,2.27,17.5,3.55,28.6,2.28,63.2,31.4,9.8,3.68,21.6,2.44,-2212.0,7940.0,5965.0,7635.0,6270.0,13905.0,6318.0,5375.0,11693.0,6384.0,5309.0,"1110,8",6306.0,ogółem,,,1.8,26.8,101
PODKARPACKIE,,2012,,64089.0,18.7,2.56,24.7,2.14,18.7,3.1,28.2,2.01,62.6,31.3,9.7,3.26,21.6,2.41,-1947.0,7444.0,5563.0,7077.0,5930.0,13007.0,5948.0,5112.0,11060.0,5887.0,5173.0,"1140,3",5902.0,ogółem,,,2.0,30.7,104
PODKARPACKIE,,2013,,66071.0,17,3,24.9,2.16,20,3.12,27.9,1.96,63,32.1,10.2,3.4,21.9,2.38,-2273.0,8011.0,6047.0,7505.0,6553.0,14058.0,6175.0,5610.0,11785.0,6231.0,5554.0,"1177,6",5643.0,ogółem,,,2.2,29.1,113
PODKARPACKIE,"3412,30",2014,4.6,61900.0,17,3.17,25.3,2.37,20.6,3.26,27.8,2.1,62.4,31.5,9.3,3.88,22.2,2.63,-1941.0,7831.0,5607.0,7308.0,6130.0,13438.0,6153.0,5344.0,11497.0,6099.0,5398.0,"1202,9",5339.0,ogółem,0.0,0.0,2.3,30.2,110
PODKARPACKIE,"3527,62",2015,4.1,54756.0,16.3,3.07,25.2,2.38,22,3.28,27.8,2.36,61.7,30.9,8.7,4.3,22.2,2.59,-2400.0,8207.0,5900.0,7560.0,6547.0,14107.0,6211.0,5496.0,11707.0,6107.0,5600.0,"1227,6",5172.0,ogółem,5518.0,13452.0,2.5,35.9,106
PODKARPACKIE,"3653,67",2016,3.6,48622.0,14,2.58,26,2.21,23.7,2.6,27.1,2.24,62.3,32.2,9.2,4.3,23,2.46,-2047.0,8052.0,5717.0,7434.0,6335.0,13769.0,6169.0,5553.0,11722.0,6003.0,5719.0,"1254,0",4659.0,ogółem,4735.0,13283.0,2.7,37.0,107
PODKARPACKIE,"3837,17",2017,3.2,41977.0,13.2,2.62,27.1,2.12,24.3,2.64,25.7,2.33,62.5,34,9.7,3.99,24.3,2.36,-2140.0,8885.0,6137.0,8043.0,6979.0,15022.0,6776.0,6106.0,12882.0,6603.0,6279.0,"1287,2",5136.0,ogółem,4148.0,12532.0,2.4,38.2,117
PODKARPACKIE,"4089,81",2018,2.9,37663.0,13.3,2.71,26.8,2.18,24.5,2.57,25.1,2.49,62.2,34.1,10.3,4,23.8,2.35,-3119.0,10169.0,6370.0,8823.0,7716.0,16539.0,7048.0,6372.0,13420.0,7040.0,6380.0,"1325,1",6407.0,ogółem,3457.0,11360.0,3.5,36.5,125
PODKARPACKIE,"4388,16",2019,2.6,33463.0,13.3,3.76,25.5,2.76,25.7,2.63,24.8,3.02,60.9,33.1,10.6,4.59,22.5,3.03,-3462.0,11027.0,7061.0,9660.0,8428.0,18088.0,7696.0,6930.0,14626.0,7313.0,7313.0,"1385,5",6773.0,ogółem,3021.0,11024.0,3.1,43.3,116
PODKARPACKIE,"4707,81",2020,3.2,40554.0,13.4,4.1,24.6,3,26.2,2.9,24.9,3.2,60.3,32.8,10.8,5.4,22,3.3,-2226.0,8101.0,6095.0,7556.0,6640.0,14196.0,6240.0,5730.0,11970.0,6093.0,5877.0,"1492,7",6291.0,ogółem,2698.0,10665.0,2.8,47.8,112
PODKARPACKIE,"5172,11",2021,3.3,40662.0,13.5,4.06,25.1,3.16,26.2,3.22,24.1,3.35,60.2,32.7,11,4.59,21.7,3.32,-2197.0,9012.0,6695.0,8208.0,7499.0,15707.0,6903.0,6607.0,13510.0,7023.0,6487.0,"1573,6",7111.0,ogółem,2752.0,10481.0,2.4,47.4,132
PODKARPACKIE,"5662,53",2022,2.7,33008.0,12.6,4.63,27.2,3.08,26.2,3.03,22.7,3.24,61.2,35.1,11.3,4.68,23.8,3.43,-2228.0,8366.0,6802.0,8086.0,7082.0,15168.0,6884.0,6056.0,12940.0,6608.0,6332.0,"1641,8",7365.0,ogółem,3107.0,10202.0,2.2,53.9,133
PODKARPACKIE,"6436,15",2023,2.5,30235.0,11.1,5.48,26.3,3.69,28.4,3.01,22.2,3.9,60.6,35.8,12.1,5.54,23.7,4.03,-2664.0,8656.0,6360.0,7953.0,7063.0,15016.0,6453.0,5899.0,12352.0,6335.0,6017.0,"1705,2",9751.0,ogółem,2774.0,9605.0,2.5,41.6,129
PODKARPACKIE,"7514,69",2024,2.5,30156.0,11.5,4.52,25.9,3.14,28.3,2.87,22.2,3.73,60.2,35.5,12.1,5.23,23.4,3.24,-2829.0,9031.0,6717.0,8164.0,7584.0,15748.0,6558.0,6361.0,12919.0,6431.0,6488.0,"1761,8",9442.0,ogółem,2809.0,9258.0,2.5,41.2,125
PODKARPACKIE,,2025,,32606.0,-,-,-,-,-,-,-,-,-,-,-,-,-,-,,,,,,,,,,,,,,,,,,46.9,
PODLASKIE,,1999,,,,,,,,,,,,,,,,,-882.0,,,6881.0,5584.0,12465.0,6317.0,5266.0,11583.0,,,,,,,,,,
PODLASKIE,,2000,,,,,,,,,,,,,,,,,-1255.0,7799.0,3673.0,6197.0,5275.0,11472.0,5512.0,4705.0,10217.0,5566.0,4651.0,,1878.0,ogółem,,,,,
PODLASKIE,,2001,,,,,,,,,,,,,,,,,-1100.0,7384.0,3332.0,5821.0,4895.0,10716.0,5160.0,4456.0,9616.0,5389.0,4227.0,,1661.0,ogółem,,,,,
PODLASKIE,,2002,,,,,,,,,,,,,,,,,-1481.0,7963.0,3811.0,6425.0,5349.0,11774.0,5551.0,4742.0,10293.0,5712.0,4581.0,"1314,7",1808.0,ogółem,,,,21.6,-
PODLASKIE,,2003,,,,,,,,,,,,,,,,,-1589.0,7604.0,4003.0,6301.0,5306.0,11607.0,5417.0,4601.0,10018.0,6084.0,3934.0,"1332,8",2048.0,ogółem,,,0.7,34.9,92
PODLASKIE,,2004,,,,,,,,,,,,,,,,,-1508.0,7213.0,4202.0,6135.0,5280.0,11415.0,5361.0,4546.0,9907.0,6137.0,3770.0,"1238,9",2314.0,ogółem,,,0.8,28.0,78
PODLASKIE,,2005,,,,,,,,,,,,,,,,,-1838.0,7096.0,4054.0,6091.0,5059.0,11150.0,5035.0,4277.0,9312.0,5753.0,3559.0,"1201,0",2720.0,ogółem,,,0.8,26.3,96
PODLASKIE,,2006,,28675.0,,,,,,,,,,,,,,,-1994.0,8174.0,4290.0,6817.0,5647.0,12464.0,5643.0,4827.0,10470.0,6192.0,4278.0,"1194,3",3064.0,ogółem,,,0.9,25.4,103
PODLASKIE,,2007,,21240.0,,,,,,,,,,,,,,,-2182.0,7709.0,4748.0,6894.0,5563.0,12457.0,5639.0,4636.0,10275.0,6289.0,3986.0,"1185,8",3577.0,ogółem,,,1.0,33.1,95
PODLASKIE,,2008,,14923.0,,,,,,,,,,,,,,,-1440.0,6301.0,3614.0,5641.0,4274.0,9915.0,4782.0,3693.0,8475.0,5212.0,3263.0,"1200,8",4046.0,ogółem,,,1.1,41.7,106
PODLASKIE,,2009,,17011.0,,,,,,,,,,,,,,,-1652.0,6255.0,3642.0,5544.0,4353.0,9897.0,4601.0,3644.0,8245.0,5169.0,3076.0,"1187,9",3892.0,ogółem,,,1.1,35.5,119
PODLASKIE,,2010,,21702.0,22,1.71,25.9,1.44,19.2,2.26,21.6,1.79,58.9,33.7,11.4,2.48,22.3,1.55,-1616.0,6634.0,4046.0,6063.0,4617.0,10680.0,5093.0,3971.0,9064.0,5733.0,3331.0,"1201,2",4194.0,ogółem,,,1.2,35.9,133
PODLASKIE,,2011,,25783.0,20.7,3.34,25.5,2.34,20.7,3.22,22.3,2.74,58.5,32.3,10.7,3.59,21.6,2.63,-1898.0,6964.0,3938.0,5977.0,4925.0,10902.0,4881.0,4123.0,9004.0,5551.0,3453.0,"1199,6",5423.0,ogółem,,,1.3,36.9,116
PODLASKIE,,2012,,28144.0,19.7,2.92,25.2,2.14,21.6,2.93,22.9,2.59,58.8,31.9,10.7,3.5,21.2,2.41,-1745.0,6683.0,3663.0,5741.0,4605.0,10346.0,4729.0,3872.0,8601.0,5216.0,3385.0,"1241,0",4585.0,ogółem,,,1.5,37.7,124
PODLASKIE,,2013,,30222.0,19.3,2.8,26,2.07,22.8,2.88,21.2,2.45,58.1,33.2,10.9,3.59,22.3,2.33,-2053.0,6918.0,3724.0,5852.0,4790.0,10642.0,4705.0,3884.0,8589.0,5197.0,3392.0,"1270,6",4610.0,ogółem,,,1.5,35.0,116
PODLASKIE,"3530,17",2014,3.7,28024.0,18.3,3.19,25.1,2.29,24.3,2.91,20.9,2.39,57.3,32.6,11.3,3.54,21.3,2.48,-1912.0,6960.0,3528.0,5859.0,4629.0,10488.0,4740.0,3836.0,8576.0,5203.0,3373.0,"1301,5",5758.0,ogółem,0.0,0.0,1.5,35.2,121
PODLASKIE,"3647,08",2015,3.3,24449.0,17.9,3.4,24.7,2.15,24.4,3.08,21.8,2.64,57.8,32.1,11.3,3.65,20.8,2.4,-1907.0,6454.0,3453.0,5556.0,4351.0,9907.0,4423.0,3577.0,8000.0,4834.0,3166.0,"1323,5",5754.0,ogółem,2314.0,8541.0,1.6,40.0,113
PODLASKIE,"3767,20",2016,3.0,22253.0,16.3,2.79,25.8,2.24,25.5,2.83,21.9,2.81,58.2,32,10.5,3.56,21.5,2.58,-1565.0,6410.0,3497.0,5452.0,4455.0,9907.0,4609.0,3733.0,8342.0,5024.0,3318.0,"1343,0",4174.0,ogółem,1567.0,7859.0,1.8,39.6,109
PODLASKIE,"4005,94",2017,2.5,18161.0,15.7,2.99,25.8,2.44,26.7,2.68,21,3.05,57.6,32.7,10.8,4.04,21.9,2.7,-1866.0,6899.0,3691.0,5854.0,4736.0,10590.0,4744.0,3980.0,8724.0,5256.0,3468.0,"1373,7",5381.0,ogółem,1569.0,8422.0,1.6,42.4,116
PODLASKIE,"4264,04",2018,2.2,15937.0,15.6,3.21,25.2,2.55,28.3,2.62,20.4,3.02,56.2,32.2,10.6,3.89,21.6,2.65,-2281.0,7860.0,4219.0,6595.0,5484.0,12079.0,5251.0,4547.0,9798.0,6043.0,3755.0,"1414,5",6565.0,ogółem,1045.0,7848.0,2.2,41.9,135
PODLASKIE,"4575,88",2019,2.0,14327.0,15,2.91,25.9,2.7,29.1,2.57,20,3.41,55.7,32.1,9.8,4.04,22.3,2.9,-2459.0,7861.0,4569.0,6747.0,5683.0,12430.0,5412.0,4559.0,9971.0,6110.0,3861.0,"1468,0",7157.0,ogółem,1064.0,7319.0,2.0,51.6,136
PODLASKIE,"4929,64",2020,2.4,16934.0,15,3.2,25.9,2.6,28,2.7,20.9,3.1,57,32.6,10.2,4.6,22.4,2.8,-1702.0,6014.0,4145.0,5568.0,4591.0,10159.0,4640.0,3817.0,8457.0,5406.0,3051.0,"1582,8",7300.0,ogółem,1282.0,6573.0,2.0,55.4,122
PODLASKIE,"5412,89",2021,2.5,17369.0,14.7,3.6,25.4,2.49,28.8,2.48,19.8,2.81,56.5,33.5,11.3,4.15,22.2,2.74,-1657.0,6499.0,4601.0,6028.0,5072.0,11100.0,5050.0,4393.0,9443.0,6019.0,3424.0,"1659,4",8432.0,ogółem,1024.0,6309.0,2.5,67.1,129
PODLASKIE,"6012,94",2022,2.1,14023.0,13.9,3.81,26.2,2.71,30.4,2.56,18.2,2.96,55.9,34.7,11.5,4.26,23.2,2.89,-1526.0,6045.0,4479.0,5623.0,4901.0,10524.0,4790.0,4208.0,8998.0,5742.0,3256.0,"1735,7",10039.0,ogółem,1051.0,5957.0,2.4,57.0,143
PODLASKIE,"6805,04",2023,2.0,13480.0,14.5,4.14,24.7,2.95,31.5,2.87,17.3,3.47,54,34.2,12,4.45,22.2,3.22,-1844.0,6293.0,4594.0,5809.0,5078.0,10887.0,4792.0,4251.0,9043.0,5835.0,3208.0,"1814,0",11425.0,ogółem,1445.0,5986.0,3.2,60.4,144
PODLASKIE,"7850,16",2024,2.1,13616.0,14.4,4.45,22.4,3.53,32.6,2.86,18.3,3.71,53,32.5,12.3,5.01,20.2,3.83,-1858.0,6612.0,4849.0,6016.0,5445.0,11461.0,5013.0,4590.0,9603.0,6100.0,3503.0,"1880,5",10553.0,ogółem,1180.0,5968.0,3.8,55.8,132
PODLASKIE,,2025,,14543.0,-,-,-,-,-,-,-,-,-,-,-,-,-,-,,,,,,,,,,,,,,,,,,53.2,
POLSKA,,1999,,,,,,,,,,,,,,,,,0.0,,,164214.0,146866.0,311080.0,164214.0,146866.0,311080.0,,,,,,,,,,
POLSKA,,2000,,,,,,,,,,,,,,,,,0.0,177525.0,106931.0,149612.0,134844.0,284456.0,149612.0,134844.0,284456.0,182987.0,101469.0,,,,,,,,
POLSKA,,2001,,,,,,,,,,,,,,,,,0.0,169913.0,99369.0,141726.0,127556.0,269282.0,141726.0,127556.0,269282.0,176917.0,92365.0,,,,,,,,
POLSKA,,2002,,,,,,,,,,,,,,,,,0.0,183059.0,110176.0,154308.0,138927.0,293235.0,154308.0,138927.0,293235.0,196450.0,96785.0,,,,,,,25.5,-
POLSKA,,2003,,,,,,,,,,,,,,,,,0.0,190228.0,120650.0,165107.0,145771.0,310878.0,165107.0,145771.0,310878.0,212991.0,97887.0,,,,,,4.0,42.6,105
POLSKA,,2004,,,,,,,,,,,,,,,,,0.0,186057.0,126384.0,164759.0,147682.0,312441.0,164759.0,147682.0,312441.0,215121.0,97320.0,,,,,,4.1,28.3,96
POLSKA,,2005,,,,,,,,,,,,,,,,,0.0,186950.0,119895.0,163489.0,143356.0,306845.0,163489.0,143356.0,306845.0,210281.0,96564.0,,,,,,4.4,29.9,107
POLSKA,,2006,,1139446.0,,,,,,,,,,,,,,,0.0,204387.0,134112.0,179572.0,158927.0,338499.0,179572.0,158927.0,338499.0,230641.0,107858.0,,,,,,4.7,30.3,121
POLSKA,,2007,,787243.0,,,,,,,,,,,,,,,0.0,209034.0,151851.0,191385.0,169500.0,360885.0,191385.0,169500.0,360885.0,243957.0,116928.0,,,,,,4.9,35.1,120
POLSKA,,2008,,501339.0,,,,,,,,,,,,,,,0.0,170910.0,120537.0,157924.0,133523.0,291447.0,157924.0,133523.0,291447.0,199555.0,91892.0,,,,,,5.5,43.3,129
POLSKA,,2009,,488898.0,,,,,,,,,,,,,,,0.0,168284.0,121800.0,158419.0,131665.0,290084.0,158419.0,131665.0,290084.0,197882.0,92202.0,,,,,,5.8,41.9,142
POLSKA,,2010,,568687.0,18,0.56,24.6,0.41,19.4,0.52,26.8,0.37,62.6,32.6,11.2,0,21.4,0.47,0.0,177877.0,127106.0,164863.0,140120.0,304983.0,164863.0,140120.0,304983.0,210733.0,94250.0,,,,,,6.0,35.3,162
POLSKA,,2011,,685237.0,17.5,0.82,24.3,0.58,20.3,0.83,26.9,0.65,62.2,32.2,11,0.91,21.2,0.67,0.0,179260.0,123219.0,163620.0,138859.0,302479.0,163620.0,138859.0,302479.0,206846.0,95633.0,,,,,,6.5,34.0,140
POLSKA,,2012,,757239.0,16.7,0.6,24.2,0.58,21.5,0.81,26.7,0.65,61.8,31.9,10.9,0.92,21,0.67,0.0,167800.0,115858.0,153205.0,130453.0,283658.0,153205.0,130453.0,283658.0,191758.0,91900.0,,,,,,6.7,39.7,146
POLSKA,,2013,,827080.0,16.1,0.62,24.2,0.58,22.6,0.63,26.1,0.66,61.2,32.1,10.9,0.92,21.2,0.67,0.0,181869.0,125263.0,163047.0,144085.0,307132.0,163047.0,144085.0,307132.0,206423.0,100709.0,,,,,,6.8,37.7,150
POLSKA,,2014,3.1,760056.0,15.5,0.65,23.8,0.59,23.8,0.73,26,0.54,60.7,31.6,10.9,0.92,20.7,0.68,0.0,176312.0,117322.0,157387.0,136247.0,293634.0,157387.0,136247.0,293634.0,194982.0,98652.0,,,,,,6.9,37.2,147
POLSKA,,2015,2.6,620855.0,15.2,0.93,24.1,0.59,24.4,0.71,25.6,0.68,60.4,31.7,10.7,0.93,21,0.67,0.0,167935.0,111391.0,149242.0,130084.0,279326.0,149242.0,130084.0,279326.0,183667.0,95659.0,,,,,,6.8,38.4,150
POLSKA,,2016,2.3,542843.0,14.6,0.68,24.5,0.71,25.2,0.69,25.3,0.68,60.2,31.9,10.4,0.96,21.5,0.66,0.0,160565.0,110629.0,145052.0,126142.0,271194.0,145052.0,126142.0,271194.0,177800.0,93394.0,,,,,,6.8,42.5,147
POLSKA,,2017,1.9,438404.0,13.9,1.02,24.4,0.71,26.3,0.76,25,0.8,59.9,31.9,10.5,1.35,21.4,0.81,0.0,170716.0,116984.0,153274.0,134426.0,287700.0,153274.0,134426.0,287700.0,188784.0,98916.0,,,,,,6.0,46.4,154
POLSKA,,2018,1.6,383301.0,13.5,1.05,24.3,0.82,27.2,0.82,24.5,0.91,59.3,32,10.5,1.35,21.5,0.81,0.0,195466.0,130703.0,173426.0,152743.0,326169.0,173426.0,152743.0,326169.0,214342.0,111827.0,,,,,,7.3,48.2,169
POLSKA,,2019,1.4,328880.0,13.2,1.06,24,0.83,28.5,0.87,23.6,0.84,58.3,31.8,10.7,1.33,21.1,0.93,0.0,205755.0,138184.0,183007.0,160932.0,343939.0,183007.0,160932.0,343939.0,224952.0,118987.0,,,,,,6.6,54.0,165
POLSKA,,2020,1.8,415520.0,12.9,1.1,24.3,0.9,29.2,0.9,23,1,57.9,32,10.6,1.4,21.4,0.9,0.0,156526.0,121327.0,147114.0,130739.0,277853.0,147114.0,130739.0,277853.0,183419.0,94434.0,,,,,,6.3,57.8,145
POLSKA,,2021,1.9,427531.0,12.9,1.1,24.6,0.81,29.3,0.97,22.1,1.01,57.8,32.7,11.1,1.27,21.6,0.93,0.0,171751.0,138276.0,163248.0,146779.0,310027.0,163248.0,146779.0,310027.0,204341.0,105686.0,,,,,,6.3,61.8,165
POLSKA,,2022,1.5,328664.0,12.7,1.11,24.6,0.91,30,0.82,21.7,1.03,57.3,32.6,11,1.29,21.6,0.93,0.0,156707.0,134553.0,153299.0,137961.0,291260.0,153299.0,137961.0,291260.0,191070.0,100190.0,,,,,,6.1,63.0,174
POLSKA,,2023,1.4,299738.0,12,1.18,23,0.97,33.2,0.74,19.8,1.01,54.9,32.4,12.1,1.43,20.3,0.99,0.0,165935.0,132346.0,156501.0,141780.0,298281.0,156501.0,141780.0,298281.0,197593.0,100688.0,,,,,,6.8,58.7,175
POLSKA,,2024,1.4,298052.0,11.8,0.85,22.3,0.9,34.2,0.72,19.2,1.04,54,32.2,12.5,1.13,19.7,1.02,0.0,174316.0,137339.0,162378.0,149277.0,311655.0,162378.0,149277.0,311655.0,202960.0,108695.0,,,,,,7.1,53.3,173
POLSKA,,2025,,334365.0,-,-,-,-,-,-,-,-,-,-,-,-,-,-,,,,,,,,,,,,,,,,,,55.7,
POMORSKIE,,1999,,,,,,,,,,,,,,,,,2120.0,,,9733.0,8856.0,18589.0,10810.0,9899.0,20709.0,,,,,,,,,,
POMORSKIE,,2000,,,,,,,,,,,,,,,,,1651.0,11800.0,5306.0,8852.0,8254.0,17106.0,9821.0,8936.0,18757.0,13588.0,5169.0,,3347.0,ogółem,,,,,
POMORSKIE,,2001,,,,,,,,,,,,,,,,,2074.0,11313.0,5041.0,8580.0,7774.0,16354.0,9564.0,8864.0,18428.0,13613.0,4815.0,,2734.0,ogółem,,,,,
POMORSKIE,,2002,,,,,,,,,,,,,,,,,1982.0,12052.0,5738.0,9360.0,8430.0,17790.0,10395.0,9377.0,19772.0,14135.0,5637.0,"1578,2",2810.0,ogółem,,,,38.7,-
POMORSKIE,,2003,,,,,,,,,,,,,,,,,2000.0,12564.0,6820.0,10294.0,9090.0,19384.0,11340.0,10044.0,21384.0,15450.0,5934.0,"1631,1",2654.0,ogółem,,,4.1,63.3,124
POMORSKIE,,2004,,,,,,,,,,,,,,,,,2316.0,12470.0,7400.0,10324.0,9546.0,19870.0,11546.0,10640.0,22186.0,16509.0,5677.0,"1591,2",3050.0,ogółem,,,4.3,38.9,107
POMORSKIE,,2005,,,,,,,,,,,,,,,,,2270.0,12695.0,6854.0,10311.0,9238.0,19549.0,11619.0,10200.0,21819.0,15776.0,6043.0,"1600,2",3370.0,ogółem,,,4.7,44.8,132
POMORSKIE,,2006,,60873.0,,,,,,,,,,,,,,,2341.0,14369.0,8154.0,11959.0,10564.0,22523.0,13191.0,11673.0,24864.0,18404.0,6460.0,"1610,3",4036.0,ogółem,,,5.1,45.5,149
POMORSKIE,,2007,,37514.0,,,,,,,,,,,,,,,2586.0,14243.0,9478.0,12391.0,11330.0,23721.0,13769.0,12538.0,26307.0,19346.0,6961.0,"1629,7",5616.0,ogółem,,,5.4,52.9,159
POMORSKIE,,2008,,19052.0,,,,,,,,,,,,,,,2151.0,11765.0,7233.0,10177.0,8821.0,18998.0,11411.0,9738.0,21149.0,15327.0,5822.0,"1677,7",6310.0,ogółem,,,5.5,64.9,171
POMORSKIE,,2009,,18543.0,,,,,,,,,,,,,,,2582.0,11071.0,7575.0,9981.0,8665.0,18646.0,11467.0,9761.0,21228.0,15549.0,5679.0,"1731,6",7903.0,ogółem,,,5.7,64.6,174
POMORSKIE,,2010,,25145.0,19,1.97,23.3,1.78,19.5,2.51,26.6,1.8,61.5,32,11.6,2.42,20.4,1.97,2749.0,11694.0,7808.0,10403.0,9099.0,19502.0,11940.0,10311.0,22251.0,16395.0,5856.0,"1771,1",5753.0,ogółem,,,5.5,52.0,187
POMORSKIE,,2011,,31452.0,18.6,3.59,22,2.79,20.7,3.83,26.8,2.78,60.6,31.1,11.8,3.66,19.3,2.93,2618.0,11226.0,7752.0,10170.0,8808.0,18978.0,11612.0,9984.0,21596.0,15833.0,5763.0,"1759,8",6118.0,ogółem,,,5.9,52.2,169
POMORSKIE,,2012,,35774.0,17.9,3.31,21.5,2.55,22.4,3.33,25.9,2.46,59.6,30.9,12.2,3.48,18.7,2.81,2437.0,10318.0,6989.0,9237.0,8070.0,17307.0,10577.0,9167.0,19744.0,14266.0,5478.0,"1812,6",6496.0,ogółem,,,6.1,62.1,173
POMORSKIE,,2013,,39747.0,17.8,3.37,21.6,2.27,23.2,3.03,25.9,2.22,59.1,30.7,11.6,3.55,19.1,2.56,3240.0,11345.0,8066.0,10183.0,9228.0,19411.0,11917.0,10734.0,22651.0,16221.0,6430.0,"1868,0",6031.0,ogółem,,,6.2,51.9,178
POMORSKIE,"4011,59",2014,2.6,37583.0,17.7,3.25,21.2,2.44,22.8,3.01,26.5,2.23,59.4,30.4,11.7,3.08,18.7,2.62,3059.0,10799.0,7409.0,9622.0,8586.0,18208.0,11363.0,9904.0,21267.0,15090.0,6177.0,"1908,5",6574.0,ogółem,0.0,0.0,6.2,47.4,179
POMORSKIE,"4132,13",2015,1.9,27795.0,15.8,3.69,21.8,2.71,24.3,3.08,25.7,2.33,59.9,31.2,12.4,3.52,18.8,2.96,3344.0,10576.0,7325.0,9408.0,8493.0,17901.0,11345.0,9900.0,21245.0,15005.0,6240.0,"1962,5",7277.0,ogółem,6543.0,17884.0,5.9,57.2,183
POMORSKIE,"4274,73",2016,1.6,22852.0,15.1,2.81,21.2,2.63,26.3,2.88,25.3,2.47,58.5,30.1,12,3.44,18.1,2.92,3485.0,9861.0,7468.0,9096.0,8233.0,17329.0,11097.0,9717.0,20814.0,14768.0,6046.0,"2011,1",6882.0,ogółem,5971.0,17387.0,5.8,56.9,180
POMORSKIE,"4496,64",2017,1.1,16177.0,14.4,3.11,20.2,2.74,28.5,2.67,24.5,2.68,57.1,29.7,12.4,3.78,17.3,3.09,3625.0,10271.0,8085.0,9691.0,8665.0,18356.0,11757.0,10224.0,21981.0,15613.0,6368.0,"2074,5",7399.0,ogółem,6393.0,19801.0,5.2,68.2,195
POMORSKIE,"4794,74",2018,1.0,14577.0,14.6,3.01,20.6,2.87,28.7,3.02,24,2.93,56.9,30.2,12.3,4.02,17.9,3.26,4920.0,12110.0,8769.0,11069.0,9810.0,20879.0,13856.0,11943.0,25799.0,17985.0,7814.0,"2107,6",8372.0,ogółem,5768.0,15886.0,5.9,71.6,206
POMORSKIE,"5142,01",2019,1.0,13472.0,12.8,3.35,22.1,3.07,30.1,3.1,22.8,3.41,57.1,31.5,12.2,4.33,19.3,3.48,5953.0,12292.0,8863.0,11107.0,10048.0,21155.0,14366.0,12742.0,27108.0,18983.0,8125.0,"2193,3",7336.0,ogółem,5936.0,15371.0,5.5,78.5,193
POMORSKIE,"5484,46",2020,1.4,19132.0,12.7,4.2,23.7,3.3,30.6,3.6,21.6,4.2,56.7,32.3,11.4,5.6,20.9,3.8,3825.0,8997.0,8281.0,9044.0,8234.0,17278.0,11198.0,9905.0,21103.0,14752.0,6351.0,"2264,4",7411.0,ogółem,6133.0,14186.0,4.8,80.9,171
POMORSKIE,"5994,33",2021,1.6,21738.0,13,5.65,22.6,3.59,30.4,3.28,22.2,4.15,56.5,31.8,11.7,5.36,20.1,4.04,4591.0,10034.0,9068.0,9884.0,9218.0,19102.0,12473.0,11220.0,23693.0,16512.0,7181.0,"2373,5",8485.0,ogółem,6098.0,14123.0,5.0,92.3,197
POMORSKIE,"6696,84",2022,1.1,14965.0,12.9,6.25,20.4,4.13,33.3,3.14,20.7,4.78,53.8,30.6,12.7,5.16,17.9,4.74,4047.0,9161.0,8868.0,9367.0,8662.0,18029.0,11597.0,10479.0,22076.0,15223.0,6853.0,"2476,2",9497.0,ogółem,6953.0,13066.0,4.9,87.4,206
POMORSKIE,"7550,99",2023,1.1,14598.0,12.2,5.5,18.8,4.48,36.9,3.09,18.6,5.35,50.9,29.7,13.5,5.69,16.2,4.83,4382.0,10110.0,8979.0,9939.0,9150.0,19089.0,12408.0,11063.0,23471.0,16600.0,6871.0,"2577,4",12138.0,ogółem,8370.0,12513.0,5.5,81.9,213
POMORSKIE,"8620,28",2024,1.1,14596.0,11.9,4.86,17.8,4.05,37,2.72,19,3.8,51.1,29.6,14.3,4.53,15.3,4.34,4869.0,10579.0,9438.0,10493.0,9524.0,20017.0,13045.0,11841.0,24886.0,17092.0,7794.0,"2668,4",12336.0,ogółem,8781.0,12069.0,5.7,77.2,206
POMORSKIE,,2025,,16416.0,-,-,-,-,-,-,-,-,-,-,-,-,-,-,,,,,,,,,,,,,,,,,,73.6,
WARMIŃSKO-MAZURSKIE,,1999,,,,,,,,,,,,,,,,,-1995.0,,,7264.0,6332.0,13596.0,6127.0,5474.0,11601.0,,,,,,,,,,
WARMIŃSKO-MAZURSKIE,,2000,,,,,,,,,,,,,,,,,-2002.0,8270.0,4212.0,6695.0,5787.0,12482.0,5491.0,4989.0,10480.0,6038.0,4442.0,,1845.0,ogółem,,,,,
WARMIŃSKO-MAZURSKIE,,2001,,,,,,,,,,,,,,,,,-2176.0,8082.0,3716.0,6210.0,5588.0,11798.0,4986.0,4636.0,9622.0,5570.0,4052.0,,1742.0,ogółem,,,,,
WARMIŃSKO-MAZURSKIE,,2002,,,,,,,,,,,,,,,,,-2136.0,8626.0,4302.0,6869.0,6059.0,12928.0,5543.0,5249.0,10792.0,6604.0,4188.0,"1220,4",1889.0,ogółem,,,,20.5,-
WARMIŃSKO-MAZURSKIE,,2003,,,,,,,,,,,,,,,,,-1580.0,8661.0,4603.0,7061.0,6203.0,13264.0,6099.0,5585.0,11684.0,7270.0,4414.0,"1231,4",1994.0,ogółem,,,2.0,36.3,102
WARMIŃSKO-MAZURSKIE,,2004,,,,,,,,,,,,,,,,,-1976.0,8625.0,4592.0,7025.0,6192.0,13217.0,5760.0,5481.0,11241.0,7088.0,4153.0,"1201,3",2157.0,ogółem,,,1.9,29.0,96
WARMIŃSKO-MAZURSKIE,,2005,,,,,,,,,,,,,,,,,-2261.0,8693.0,4588.0,7063.0,6218.0,13281.0,5822.0,5198.0,11020.0,6938.0,4082.0,"1202,8",2735.0,ogółem,,,1.9,31.2,109
WARMIŃSKO-MAZURSKIE,,2006,,60111.0,,,,,,,,,,,,,,,-3128.0,9724.0,5023.0,7820.0,6927.0,14747.0,6040.0,5579.0,11619.0,7074.0,4545.0,"1209,1",3312.0,ogółem,,,1.9,31.3,117
WARMIŃSKO-MAZURSKIE,,2007,,42260.0,,,,,,,,,,,,,,,-2741.0,9880.0,5680.0,8284.0,7276.0,15560.0,6713.0,6106.0,12819.0,7722.0,5097.0,"1223,3",3770.0,ogółem,,,1.7,40.9,113
WARMIŃSKO-MAZURSKIE,,2008,,27573.0,,,,,,,,,,,,,,,-2360.0,8289.0,4956.0,7320.0,5925.0,13245.0,5862.0,5023.0,10885.0,6682.0,4203.0,"1248,2",4140.0,ogółem,,,2.0,47.9,122
WARMIŃSKO-MAZURSKIE,,2009,,28543.0,,,,,,,,,,,,,,,-2714.0,7890.0,4567.0,6763.0,5694.0,12457.0,5186.0,4557.0,9743.0,6052.0,3691.0,"1234,8",4101.0,ogółem,,,2.2,34.0,137
WARMIŃSKO-MAZURSKIE,,2010,,29726.0,24.6,1.87,21.8,1.65,17,2.82,27,1.66,58.5,29.2,9.7,2.73,19.5,1.86,-2721.0,8292.0,4966.0,7267.0,5991.0,13258.0,5569.0,4968.0,10537.0,6648.0,3889.0,"1252,0",4503.0,ogółem,,,2.1,32.7,144
WARMIŃSKO-MAZURSKIE,,2011,,35099.0,24.7,2.91,22.4,2.91,16.9,4.36,26.2,2.53,58.6,29.8,10,4.08,19.8,3.03,-2952.0,8470.0,4663.0,7142.0,5991.0,13133.0,5452.0,4729.0,10181.0,6335.0,3846.0,"1236,1",5334.0,ogółem,,,2.2,31.5,117
WARMIŃSKO-MAZURSKIE,,2012,,38981.0,24,2.89,23,2.37,16.3,4.21,25.5,2.19,59.8,31.7,11.3,3.65,20.4,2.45,-2413.0,7873.0,4016.0,6386.0,5503.0,11889.0,4995.0,4481.0,9476.0,5841.0,3635.0,"1271,8",5190.0,ogółem,,,2.2,37.9,123
WARMIŃSKO-MAZURSKIE,,2013,,41618.0,23.3,2.54,22.4,2.49,17.9,3.71,25.2,2.24,58.8,31.1,11.2,3.68,19.9,2.61,-2707.0,8568.0,4340.0,6861.0,6047.0,12908.0,5357.0,4844.0,10201.0,6114.0,4087.0,"1306,2",4275.0,ogółem,,,2.1,33.1,127
WARMIŃSKO-MAZURSKIE,"3386,96",2014,4.2,38802.0,22.7,2.72,22,2.36,19.1,3.74,25.4,2.39,58.3,30.3,10.9,4,19.4,2.56,-2794.0,8285.0,4399.0,6866.0,5818.0,12684.0,5216.0,4674.0,9890.0,5879.0,4011.0,"1330,1",4634.0,ogółem,0.0,0.0,2.1,29.9,123
WARMIŃSKO-MAZURSKIE,"3495,02",2015,3.4,31597.0,22.1,2.97,22.8,2.48,19.7,3.42,25,2.26,58.3,30.5,10.5,4.08,20,2.69,-2609.0,7873.0,4053.0,6480.0,5446.0,11926.0,4928.0,4389.0,9317.0,5355.0,3962.0,"1350,3",5587.0,ogółem,1956.0,8258.0,1.9,29.9,116
WARMIŃSKO-MAZURSKIE,"3619,16",2016,3.1,28422.0,21.9,3.4,22.1,2.8,20.1,3.59,25.5,2.91,58,29.7,10.4,4.85,19.3,3.07,-2703.0,7512.0,4067.0,6309.0,5270.0,11579.0,4689.0,4187.0,8876.0,5126.0,3750.0,"1370,3",4941.0,ogółem,1514.0,7671.0,1.8,31.8,114
WARMIŃSKO-MAZURSKIE,"3802,98",2017,2.7,23837.0,20.6,3.57,22.5,3.14,20.3,3.91,26.2,3.22,59.1,30,10.4,5.27,19.6,3.23,-2443.0,7996.0,4272.0,6606.0,5662.0,12268.0,5224.0,4601.0,9825.0,5675.0,4150.0,"1398,7",5075.0,ogółem,1623.0,7952.0,1.6,33.3,120
WARMIŃSKO-MAZURSKIE,"4028,33",2018,2.2,19795.0,19.8,3.31,23,2.88,20.4,3.82,26.8,2.96,60,30.9,10.2,5.05,20.7,3.13,-3397.0,9386.0,5071.0,7712.0,6745.0,14457.0,5844.0,5216.0,11060.0,6443.0,4617.0,"1437,5",6572.0,ogółem,1492.0,6770.0,1.7,36.3,140
WARMIŃSKO-MAZURSKIE,"4319,51",2019,1.8,15611.0,20.1,3.77,23.5,3.32,21.1,4.27,25.6,3.66,58.9,30.9,9.8,5.53,21.1,3.45,-3771.0,9624.0,5439.0,8119.0,6944.0,15063.0,5952.0,5340.0,11292.0,6648.0,4644.0,"1513,9",5882.0,ogółem,1256.0,6484.0,1.5,40.7,137
WARMIŃSKO-MAZURSKIE,"4709,12",2020,2.3,19158.0,19.6,4.8,23.8,4.5,20.9,4.7,24.9,4.3,59.5,31.9,10.8,6.1,21.1,4.7,-2113.0,7221.0,4611.0,6324.0,5508.0,11832.0,5147.0,4572.0,9719.0,5838.0,3881.0,"1641,1",5981.0,ogółem,1527.0,6024.0,1.1,46.5,126
WARMIŃSKO-MAZURSKIE,"5126,75",2021,2.1,17095.0,20.3,4.27,22.8,3.74,21.8,3.87,24,3.85,57.9,31.3,11.1,5.7,20.2,3.9,-2391.0,7458.0,4843.0,6527.0,5774.0,12301.0,5202.0,4708.0,9910.0,5746.0,4164.0,"1719,3",6925.0,ogółem,1302.0,5735.0,1.3,42.6,136
WARMIŃSKO-MAZURSKIE,"5674,89",2022,1.8,14210.0,18.8,4.33,23,4.17,24.3,3.42,22.9,4.43,56.9,31.5,11,6.1,20.5,4.52,-2067.0,6521.0,4618.0,5900.0,5239.0,11139.0,4799.0,4273.0,9072.0,5339.0,3733.0,"1781,2",7894.0,ogółem,1259.0,5302.0,1.2,56.4,133
WARMIŃSKO-MAZURSKIE,"6447,09",2023,1.7,13497.0,17.5,4.81,21.7,4.27,26.7,4,21.1,4.64,55.9,32.4,13.1,5.61,19.3,4.4,-2203.0,6955.0,4659.0,6161.0,5453.0,11614.0,4929.0,4482.0,9411.0,5739.0,3672.0,"1845,2",9023.0,ogółem,1177.0,4923.0,1.2,43.8,138
WARMIŃSKO-MAZURSKIE,"7529,41",2024,1.7,13481.0,16.9,4.7,22.1,3.68,26.5,3.58,21.5,4.34,56.5,32.5,12.9,5.26,19.6,4.08,-2433.0,7541.0,5218.0,6672.0,6087.0,12759.0,5415.0,4911.0,10326.0,6017.0,4309.0,"1903,3",7741.0,ogółem,1338.0,4779.0,1.3,40.5,134
WARMIŃSKO-MAZURSKIE,,2025,,15512.0,-,-,-,-,-,-,-,-,-,-,-,-,-,-,,,,,,,,,,,,,,,,,,38.0,
WIELKOPOLSKIE,,1999,,,,,,,,,,,,,,,,,1792.0,,,12698.0,11531.0,24229.0,13736.0,12285.0,26021.0,,,,,,,,,,
WIELKOPOLSKIE,,2000,,,,,,,,,,,,,,,,,1595.0,13349.0,9542.0,12052.0,10839.0,22891.0,13005.0,11481.0,24486.0,15665.0,8821.0,,3557.0,ogółem,,,,,
WIELKOPOLSKIE,,2001,,,,,,,,,,,,,,,,,2430.0,13177.0,9395.0,11843.0,10729.0,22572.0,13351.0,11651.0,25002.0,16667.0,8335.0,,3449.0,ogółem,,,,,
WIELKOPOLSKIE,,2002,,,,,,,,,,,,,,,,,2306.0,13265.0,10210.0,12255.0,11220.0,23475.0,13531.0,12250.0,25781.0,17434.0,8347.0,"1539,6",3082.0,ogółem,,,,27.9,-
WIELKOPOLSKIE,,2003,,,,,,,,,,,,,,,,,2239.0,14208.0,11365.0,13529.0,12044.0,25573.0,14761.0,13051.0,27812.0,19221.0,8591.0,"1574,4",3658.0,ogółem,,,3.9,37.9,108
WIELKOPOLSKIE,,2004,,,,,,,,,,,,,,,,,2453.0,14086.0,11934.0,13617.0,12403.0,26020.0,14914.0,13559.0,28473.0,19672.0,8801.0,"1550,7",3805.0,ogółem,,,4.0,33.0,99
WIELKOPOLSKIE,,2005,,,,,,,,,,,,,,,,,2523.0,14100.0,12072.0,13837.0,12335.0,26172.0,15192.0,13503.0,28695.0,19893.0,8802.0,"1566,0",3792.0,ogółem,,,4.1,35.4,116
WIELKOPOLSKIE,,2006,,79347.0,,,,,,,,,,,,,,,2416.0,15381.0,13198.0,15074.0,13505.0,28579.0,16381.0,14614.0,30995.0,20986.0,10009.0,"1579,7",4176.0,ogółem,,,4.3,31.3,134
WIELKOPOLSKIE,,2007,,46799.0,,,,,,,,,,,,,,,3126.0,16225.0,15634.0,16862.0,14997.0,31859.0,18538.0,16447.0,34985.0,23809.0,11176.0,"1602,5",4873.0,ogółem,,,4.4,42.1,133
WIELKOPOLSKIE,,2008,,24579.0,,,,,,,,,,,,,,,2004.0,13111.0,12768.0,13911.0,11968.0,25879.0,14989.0,12894.0,27883.0,19174.0,8709.0,"1635,9",5939.0,ogółem,,,5.7,48.2,143
WIELKOPOLSKIE,,2009,,26319.0,,,,,,,,,,,,,,,1852.0,12733.0,13126.0,14125.0,11734.0,25859.0,15051.0,12660.0,27711.0,18799.0,8912.0,"1622,7",5390.0,ogółem,,,5.8,42.0,151
WIELKOPOLSKIE,,2010,,32622.0,17.8,1.86,23.4,1.42,17.6,2.13,31.6,1.34,64.6,30,9.6,2.55,20.4,1.63,1706.0,12979.0,13197.0,14178.0,11998.0,26176.0,15154.0,12728.0,27882.0,18746.0,9136.0,"1679,7",5487.0,ogółem,,,6.0,39.2,171
WIELKOPOLSKIE,,2011,,39323.0,16.3,2.88,24.2,2.17,18.9,3.24,30.4,2.22,64.8,31.2,10.2,3.53,21,2.36,1887.0,13112.0,12817.0,14117.0,11812.0,25929.0,15147.0,12669.0,27816.0,18976.0,8840.0,"1689,4",6038.0,ogółem,,,6.4,40.0,152
WIELKOPOLSKIE,,2012,,42836.0,15.5,2.81,24.4,1.97,19.8,2.86,30.1,1.82,64.7,31.8,10.2,3.1,21.6,2.02,1361.0,12298.0,12590.0,13597.0,11291.0,24888.0,14246.0,12003.0,26249.0,17678.0,8571.0,"1748,4",6093.0,ogółem,,,6.6,42.8,159
WIELKOPOLSKIE,,2013,,47683.0,15,2.83,24.6,2.11,20.8,2.63,29.8,1.83,64.1,31.7,9.7,3.42,22,2.27,1645.0,13725.0,13864.0,14628.0,12961.0,27589.0,15568.0,13666.0,29234.0,19611.0,9623.0,"1803,2",5450.0,ogółem,,,6.6,39.2,161
WIELKOPOLSKIE,"3597,69",2014,2.0,43052.0,14.5,3.08,25,2.15,22,3.05,29,1.95,63.5,32,9.5,3.65,22.5,2.28,1381.0,13007.0,12470.0,13655.0,11822.0,25477.0,14266.0,12592.0,26858.0,17691.0,9167.0,"1844,8",6452.0,ogółem,0.0,0.0,6.7,42.2,161
WIELKOPOLSKIE,"3723,69",2015,1.5,31722.0,13.9,3.37,24.8,2.39,22.9,2.93,29.1,2.25,63.1,31.6,9.2,4.35,22.4,2.49,1207.0,12345.0,12514.0,13270.0,11589.0,24859.0,13872.0,12194.0,26066.0,16967.0,9099.0,"1883,8",7291.0,ogółem,9952.0,28110.0,6.6,46.3,164
WIELKOPOLSKIE,"3894,10",2016,1.3,27187.0,14.2,3.38,24.7,2.5,22.6,3.07,29.9,2.43,63.2,31.1,8.6,4.93,22.5,2.78,983.0,11785.0,12521.0,12987.0,11319.0,24306.0,13522.0,11767.0,25289.0,16456.0,8833.0,"1921,6",6770.0,ogółem,8346.0,25828.0,6.6,47.2,156
WIELKOPOLSKIE,"4124,13",2017,1.0,20374.0,13.1,3.24,24.6,2.65,22.4,3.09,30.8,2.75,64.4,31.3,9,4.71,22.3,2.97,1015.0,12189.0,13068.0,13420.0,11837.0,25257.0,13870.0,12402.0,26272.0,16873.0,9399.0,"1973,0",6960.0,ogółem,7893.0,28707.0,5.9,54.1,163
WIELKOPOLSKIE,"4382,96",2018,0.7,15733.0,13,4.1,24.5,3.08,23.6,3.61,30.6,3.12,63.6,30.5,8.5,5.13,22,3.08,1121.0,13646.0,14747.0,14902.0,13491.0,28393.0,15544.0,13970.0,29514.0,19306.0,10208.0,"2025,2",7985.0,ogółem,6562.0,24133.0,6.6,57.0,183
WIELKOPOLSKIE,"4687,39",2019,0.6,12739.0,12.8,3.83,24.8,2.86,25.3,3.72,28.2,3.03,61.9,31.6,8.9,5.51,22.7,3.06,1203.0,14523.0,15424.0,15880.0,14067.0,29947.0,16555.0,14595.0,31150.0,20132.0,11018.0,"2120,3",8522.0,ogółem,6091.0,22203.0,6.1,63.4,176
WIELKOPOLSKIE,"4985,75",2020,0.9,19084.0,12.3,3.5,25.6,3,25.7,3.8,26.6,3.6,62.1,33.2,9.9,5.5,23.3,3.3,1491.0,11082.0,12933.0,12591.0,11424.0,24015.0,13393.0,12113.0,25506.0,16528.0,8978.0,"2200,9",7900.0,ogółem,7041.0,20891.0,5.7,62.7,154
WIELKOPOLSKIE,"5379,43",2021,0.9,19026.0,10.9,5.19,26.2,3.39,24.4,3.8,27.5,3.81,64.7,34.7,11,5.82,23.7,3.65,1799.0,11793.0,14422.0,13771.0,12444.0,26215.0,14846.0,13168.0,28014.0,17973.0,10041.0,"2296,9",8918.0,ogółem,7189.0,20834.0,6.1,77.4,170
WIELKOPOLSKIE,"6019,68",2022,0.7,13598.0,11.7,5.13,24.9,3.83,25.2,4.01,27.7,3.71,63.1,33.3,10.5,5.95,22.8,3.9,1271.0,10594.0,13860.0,12877.0,11577.0,24454.0,13583.0,12142.0,25725.0,16314.0,9411.0,"2381,1",10448.0,ogółem,8166.0,19925.0,5.8,73.5,171
WIELKOPOLSKIE,"6772,06",2023,0.7,13777.0,11.1,5.14,23.1,3.57,29.4,3.57,26.2,4.2,59.5,31.4,10.2,6.04,21.2,3.83,1500.0,11547.0,13495.0,13147.0,11895.0,25042.0,14085.0,12457.0,26542.0,17133.0,9409.0,"2459,2",11364.0,ogółem,7813.0,19324.0,6.2,64.7,177
WIELKOPOLSKIE,"7759,22",2024,0.7,13879.0,11.6,4.35,23.1,3.24,30.1,2.86,24.8,3.45,58.3,31.7,10.4,4.61,21.3,3.5,1383.0,11751.0,13515.0,13217.0,12049.0,25266.0,13943.0,12706.0,26649.0,16751.0,9898.0,"2541,6",10870.0,ogółem,8391.0,18792.0,6.3,55.4,179
WIELKOPOLSKIE,,2025,,16881.0,-,-,-,-,-,-,-,-,-,-,-,-,-,-,,,,,,,,,,,,,,,,,,62.0,
ZACHODNIOPOMORSKIE,,1999,,,,,,,,,,,,,,,,,-433.0,,,8094.0,7566.0,15660.0,7865.0,7362.0,15227.0,,,,,,,,,,
ZACHODNIOPOMORSKIE,,2000,,,,,,,,,,,,,,,,,-163.0,9743.0,4829.0,7636.0,6936.0,14572.0,7499.0,6910.0,14409.0,9983.0,4426.0,,2903.0,ogółem,,,,,
ZACHODNIOPOMORSKIE,,2001,,,,,,,,,,,,,,,,,-558.0,9397.0,4664.0,7359.0,6702.0,14061.0,6977.0,6526.0,13503.0,9288.0,4215.0,,2520.0,ogółem,,,,,
ZACHODNIOPOMORSKIE,,2002,,,,,,,,,,,,,,,,,-952.0,10848.0,5283.0,8443.0,7688.0,16131.0,7918.0,7261.0,15179.0,10509.0,4670.0,"1804,8",2300.0,ogółem,,,,27.1,-
ZACHODNIOPOMORSKIE,,2003,,,,,,,,,,,,,,,,,-1386.0,10408.0,5556.0,8374.0,7590.0,15964.0,7648.0,6930.0,14578.0,10336.0,4242.0,"1834,9",2381.0,ogółem,,,5.7,33.0,130
ZACHODNIOPOMORSKIE,,2004,,,,,,,,,,,,,,,,,-1090.0,10396.0,6148.0,8661.0,7883.0,16544.0,8071.0,7383.0,15454.0,10947.0,4507.0,"1831,5",2907.0,ogółem,,,5.9,31.2,125
ZACHODNIOPOMORSKIE,,2005,,,,,,,,,,,,,,,,,-1040.0,10657.0,5416.0,8335.0,7738.0,16073.0,7679.0,7354.0,15033.0,10459.0,4574.0,"1861,4",2831.0,ogółem,,,6.3,31.7,144
ZACHODNIOPOMORSKIE,,2006,,63698.0,,,,,,,,,,,,,,,-1328.0,11265.0,6043.0,9082.0,8226.0,17308.0,8288.0,7692.0,15980.0,11096.0,4884.0,"1880,6",3835.0,ogółem,,,6.9,30.2,163
ZACHODNIOPOMORSKIE,,2007,,42018.0,,,,,,,,,,,,,,,-1545.0,11591.0,7127.0,9810.0,8908.0,18718.0,8997.0,8176.0,17173.0,11717.0,5456.0,"1889,4",4102.0,ogółem,,,6.9,38.4,159
ZACHODNIOPOMORSKIE,,2008,,25227.0,,,,,,,,,,,,,,,-1151.0,9483.0,6008.0,8163.0,7328.0,15491.0,7610.0,6730.0,14340.0,9968.0,4372.0,"1910,0",5332.0,ogółem,,,7.2,41.2,169
ZACHODNIOPOMORSKIE,,2009,,23307.0,,,,,,,,,,,,,,,-990.0,9193.0,5665.0,7991.0,6867.0,14858.0,7327.0,6541.0,13868.0,9406.0,4462.0,"1929,7",5034.0,ogółem,,,7.5,45.7,179
ZACHODNIOPOMORSKIE,,2010,,28965.0,21.7,2.26,22.9,1.8,17.7,2.59,27.1,1.74,60.6,29.9,10.6,2.5,19.3,1.93,-1111.0,9530.0,5930.0,8200.0,7260.0,15460.0,7580.0,6769.0,14349.0,9818.0,4531.0,"1943,5",4816.0,ogółem,,,7.5,35.6,184
ZACHODNIOPOMORSKIE,,2011,,36107.0,21,3.56,22.7,2.73,18.3,4.21,26.8,2.86,60.7,30.6,11.2,3.96,19.4,2.97,-971.0,9743.0,5787.0,8217.0,7313.0,15530.0,7630.0,6929.0,14559.0,9907.0,4652.0,"1903,9",5092.0,ogółem,,,8.0,34.6,167
ZACHODNIOPOMORSKIE,,2012,,37951.0,19.3,3.24,22.7,2.62,19.7,3.43,26.9,2.35,61,30.8,11.4,3.51,19.4,2.86,-1039.0,8896.0,5285.0,7568.0,6613.0,14181.0,6981.0,6161.0,13142.0,8726.0,4416.0,"1940,7",5741.0,ogółem,,,8.4,41.1,168
ZACHODNIOPOMORSKIE,,2013,,39166.0,19,3.39,22.9,2.57,20.8,3.37,26.1,2.48,60.3,31.4,11.3,3.86,20.1,2.9,-665.0,9537.0,5481.0,7879.0,7139.0,15018.0,7505.0,6848.0,14353.0,9616.0,4737.0,"1982,1",6249.0,ogółem,,,8.5,32.0,170
ZACHODNIOPOMORSKIE,"3649,27",2014,3.2,35023.0,19.5,3.46,22.5,2.74,21.3,3.58,25.1,2.94,59.1,30.9,11.5,3.86,19.4,3.14,-920.0,9339.0,5366.0,7691.0,7014.0,14705.0,7182.0,6603.0,13785.0,9042.0,4743.0,"2004,3",6091.0,ogółem,0.0,0.0,8.4,31.5,174
ZACHODNIOPOMORSKIE,"3793,68",2015,2.7,29302.0,18.8,3.82,22.6,2.96,21.6,3.72,25.7,2.89,59.6,31.1,11.3,4.68,19.8,3.17,-732.0,8706.0,5004.0,7182.0,6528.0,13710.0,6753.0,6225.0,12978.0,8319.0,4659.0,"2043,7",6383.0,ogółem,2547.0,10612.0,8.8,30.8,174
ZACHODNIOPOMORSKIE,"3946,28",2016,2.3,24039.0,18.2,3.39,22.3,2.94,22.7,3.18,25.5,2.72,59.1,30.6,11.3,3.96,19.3,3.19,-624.0,8523.0,5027.0,7126.0,6424.0,13550.0,6792.0,6134.0,12926.0,8331.0,4595.0,"2077,1",4719.0,ogółem,2272.0,9620.0,8.8,40.6,167
ZACHODNIOPOMORSKIE,"4154,25",2017,1.9,20023.0,17.1,3.36,22.9,2.86,23.5,3.11,24.7,2.98,59.4,31.3,11.8,4.03,19.5,3.08,-808.0,9183.0,5270.0,7681.0,6772.0,14453.0,7177.0,6468.0,13645.0,8966.0,4679.0,"2125,8",5917.0,ogółem,1812.0,10045.0,8.0,43.8,177
ZACHODNIOPOMORSKIE,"4431,95",2018,1.7,17280.0,16.1,4.28,22.9,3.07,25.2,3.3,23.9,3.14,58.8,31.9,12,4.37,19.9,3.39,-943.0,10099.0,5968.0,8478.0,7589.0,16067.0,7938.0,7186.0,15124.0,9823.0,5301.0,"2164,5",6940.0,ogółem,1280.0,8192.0,8.0,45.4,187
ZACHODNIOPOMORSKIE,"4769,71",2019,1.5,14948.0,16.4,4.81,22.7,3.28,25.9,3.41,22.6,3.59,57.8,32.5,12.5,5.23,20,3.52,-884.0,10529.0,6394.0,8972.0,7951.0,16923.0,8461.0,7578.0,16039.0,10522.0,5517.0,"2237,6",6695.0,ogółem,1587.0,7210.0,7.7,52.7,188
ZACHODNIOPOMORSKIE,"5099,49",2020,2.0,19509.0,15.1,4.8,24.2,3.6,25.9,4,22.1,3.7,58.8,34,12.5,5.9,21.5,4,-747.0,7941.0,5374.0,7006.0,6309.0,13315.0,6618.0,5950.0,12568.0,8354.0,4214.0,"2377,8",8965.0,ogółem,1662.0,6449.0,6.0,54.0,160
ZACHODNIOPOMORSKIE,"5549,85",2021,2.1,20684.0,14.8,5.06,23.7,3.56,26.2,3.53,22.2,3.69,59,34.2,13.1,5.29,21.1,3.79,-946.0,8515.0,6487.0,7915.0,7087.0,15002.0,7370.0,6686.0,14056.0,9423.0,4633.0,"2471,8",9462.0,ogółem,1768.0,6466.0,6.3,61.1,177
ZACHODNIOPOMORSKIE,"6169,94",2022,1.7,16597.0,14.7,4.99,22.5,4.1,28.7,3.57,21.8,4.03,56.7,31.9,12.4,5.35,19.5,4.41,-577.0,7688.0,5983.0,7187.0,6484.0,13671.0,6840.0,6254.0,13094.0,8622.0,4472.0,"2557,3",11667.0,ogółem,1762.0,6209.0,5.9,61.9,182
ZACHODNIOPOMORSKIE,"7007,40",2023,1.6,14891.0,13.8,5.23,21.6,4.17,31.9,3.41,19.5,4.47,54.3,31.5,13.2,5.87,18.3,4.67,-799.0,7959.0,5940.0,7235.0,6664.0,13899.0,6822.0,6278.0,13100.0,8793.0,4307.0,"2638,8",11682.0,ogółem,1651.0,5896.0,6.3,60.6,184
ZACHODNIOPOMORSKIE,"8027,37",2024,1.6,14824.0,13,5.23,20.3,3.94,34,2.81,18.7,4.28,52.7,31.4,13.7,5.17,17.7,4.44,-596.0,8299.0,6124.0,7412.0,7011.0,14423.0,7126.0,6701.0,13827.0,9157.0,4670.0,"2714,5",11426.0,ogółem,1541.0,5883.0,5.8,49.6,179
ZACHODNIOPOMORSKIE,,2025,,16710.0,-,-,-,-,-,-,-,-,-,-,-,-,-,-,,,,,,,,,,,,,,,,,,47.7,
ŁÓDZKIE,,1999,,,,,,,,,,,,,,,,,-1214.0,,,9591.0,8386.0,17977.0,8850.0,7913.0,16763.0,,,,,,,,,,
ŁÓDZKIE,,2000,,,,,,,,,,,,,,,,,-1107.0,10470.0,6182.0,8655.0,7997.0,16652.0,8062.0,7483.0,15545.0,9559.0,5986.0,,2501.0,ogółem,,,,,
ŁÓDZKIE,,2001,,,,,,,,,,,,,,,,,-1339.0,10045.0,5694.0,8305.0,7434.0,15739.0,7589.0,6811.0,14400.0,8979.0,5421.0,,2577.0,ogółem,,,,,
ŁÓDZKIE,,2002,,,,,,,,,,,,,,,,,-1407.0,10488.0,6409.0,9076.0,7821.0,16897.0,8190.0,7300.0,15490.0,9867.0,5623.0,"1428,8",2274.0,ogółem,,,,18.4,-
ŁÓDZKIE,,2003,,,,,,,,,,,,,,,,,-915.0,11155.0,6705.0,9653.0,8207.0,17860.0,9030.0,7915.0,16945.0,11195.0,5750.0,"1475,6",2364.0,ogółem,,,2.5,33.1,106
ŁÓDZKIE,,2004,,,,,,,,,,,,,,,,,-1479.0,10815.0,6815.0,9342.0,8288.0,17630.0,8428.0,7723.0,16151.0,10791.0,5360.0,"1489,3",2798.0,ogółem,,,2.7,21.2,90
ŁÓDZKIE,,2005,,,,,,,,,,,,,,,,,-1564.0,10888.0,6766.0,9450.0,8204.0,17654.0,8509.0,7581.0,16090.0,10648.0,5442.0,"1515,2",3490.0,ogółem,,,2.8,17.7,100
ŁÓDZKIE,,2006,,81524.0,,,,,,,,,,,,,,,-1771.0,11924.0,7454.0,10344.0,9034.0,19378.0,9384.0,8223.0,17607.0,11493.0,6114.0,"1471,1",3889.0,ogółem,,,3.1,18.9,112
ŁÓDZKIE,,2007,,56148.0,,,,,,,,,,,,,,,-1653.0,12052.0,8522.0,10872.0,9702.0,20574.0,9880.0,9041.0,18921.0,12721.0,6200.0,"1473,7",5413.0,ogółem,,,3.2,23.0,111
ŁÓDZKIE,,2008,,33014.0,,,,,,,,,,,,,,,-1343.0,9417.0,6588.0,8768.0,7237.0,16005.0,7912.0,6750.0,14662.0,9928.0,4734.0,"1486,6",5792.0,ogółem,,,3.4,28.9,120
ŁÓDZKIE,,2009,,31704.0,,,,,,,,,,,,,,,-1372.0,9552.0,6753.0,8983.0,7322.0,16305.0,8214.0,6719.0,14933.0,9948.0,4985.0,"1358,3",5250.0,ogółem,,,3.6,24.9,137
ŁÓDZKIE,,2010,,39044.0,19.3,1.72,24.1,1.44,18.7,2.14,25.2,1.48,62,33.5,12.7,2.08,20.8,1.59,-1757.0,10205.0,7143.0,9431.0,7917.0,17348.0,8375.0,7216.0,15591.0,10689.0,4902.0,"1424,6",5382.0,ogółem,,,3.7,27.3,155
ŁÓDZKIE,,2011,,48643.0,18.5,2.68,24.6,2.26,19.2,2.92,25.1,2.23,62.4,33.9,12.7,3.27,21.2,2.36,-1844.0,10378.0,6917.0,9481.0,7814.0,17295.0,8399.0,7052.0,15451.0,10464.0,4987.0,"1424,2",6641.0,ogółem,,,4.1,23.7,132
ŁÓDZKIE,,2012,,55954.0,17.7,2.65,24.7,2.18,20.7,2.69,24.6,2.11,61.7,33.9,12.4,3.02,21.5,2.38,-1643.0,9597.0,6580.0,8862.0,7315.0,16177.0,7837.0,6697.0,14534.0,9732.0,4802.0,"1473,9",7165.0,ogółem,,,4.2,31.7,137
ŁÓDZKIE,,2013,,62235.0,16.9,2.71,24.5,2.15,21,2.56,25,2,62,33.9,12.5,2.88,21.4,2.19,-2104.0,10277.0,7151.0,9367.0,8061.0,17428.0,8209.0,7115.0,15324.0,10263.0,5061.0,"1516,6",6680.0,ogółem,,,4.3,23.9,138
ŁÓDZKIE,"3618,63",2014,3.6,55972.0,15.9,2.81,23.8,2.14,22.6,2.49,24.7,2.17,61.3,33.5,12.8,3.13,20.7,2.21,-1701.0,9745.0,6828.0,9014.0,7559.0,16573.0,7992.0,6880.0,14872.0,9806.0,5066.0,"1544,8",6469.0,ogółem,0.0,0.0,4.2,25.9,138
ŁÓDZKIE,"3790,76",2015,3.0,46019.0,15.4,3.05,24.3,2.33,23.8,2.66,24,2.36,60.9,33.8,12.6,3.46,21.2,2.5,-1727.0,9354.0,6185.0,8458.0,7081.0,15539.0,7459.0,6353.0,13812.0,8949.0,4863.0,"1577,7",6980.0,ogółem,5366.0,16539.0,4.2,28.6,133
ŁÓDZKIE,"3925,10",2016,2.6,39267.0,14.9,3,24.8,2.7,24.2,2.65,23.8,2.56,60.9,34.1,12.3,4.22,21.8,2.99,-1695.0,9099.0,6146.0,8222.0,7023.0,15245.0,7249.0,6301.0,13550.0,8893.0,4657.0,"1612,3",5744.0,ogółem,4541.0,14674.0,4.2,28.4,135
ŁÓDZKIE,"4141,94",2017,2.0,30410.0,15.2,3.7,24.5,2.89,24.9,3.24,22.9,3.21,59.8,33.9,12.4,4.91,21.5,3.22,-1961.0,9538.0,6494.0,8624.0,7408.0,16032.0,7583.0,6488.0,14071.0,9199.0,4872.0,"1654,1",5792.0,ogółem,4578.0,16351.0,3.7,30.1,137
ŁÓDZKIE,"4441,29",2018,1.8,26976.0,13.5,4.06,24.9,2.84,25.8,3.31,23.6,3.34,60.7,34.3,12.2,4.56,22.1,3.23,-2163.0,10771.0,7202.0,9648.0,8325.0,17973.0,8484.0,7326.0,15810.0,10453.0,5357.0,"1690,3",6723.0,ogółem,4364.0,14176.0,4.3,32.6,148
ŁÓDZKIE,"4790,10",2019,1.6,23690.0,13.4,4.32,26,3.37,25.8,3.51,22.9,3.48,60.7,34.8,11.8,4.76,23,3.78,-2824.0,11264.0,7604.0,10110.0,8758.0,18868.0,8452.0,7592.0,16044.0,10585.0,5459.0,"1763,4",7435.0,ogółem,3957.0,13219.0,3.8,39.6,149
ŁÓDZKIE,"5148,38",2020,2.0,28712.0,13.6,4.6,27.5,4,26.8,4.1,20.5,4.1,59.5,35.9,11.5,6,24.4,4.5,-1812.0,8575.0,6528.0,8091.0,7012.0,15103.0,7092.0,6199.0,13291.0,8876.0,4415.0,"1866,0",7026.0,ogółem,3477.0,11813.0,3.7,46.5,131
ŁÓDZKIE,"5622,29",2021,2.2,30933.0,15.3,5.02,25.8,3.51,26.6,3.53,19.5,4.1,58,35.2,12.7,5.24,22.5,3.86,-2282.0,9738.0,7418.0,9175.0,7981.0,17156.0,7983.0,6891.0,14874.0,9767.0,5107.0,"1953,5",7666.0,ogółem,3537.0,12504.0,4.0,50.1,147
ŁÓDZKIE,"6210,68",2022,1.7,23414.0,14.7,5.23,25.7,3.61,26.7,3.41,21.2,4.05,58.7,34.2,11.8,5.75,22.4,3.99,-1649.0,8698.0,7484.0,8483.0,7699.0,16182.0,7476.0,7057.0,14533.0,9582.0,4951.0,"2035,0",8701.0,ogółem,4303.0,11453.0,3.8,55.7,155
ŁÓDZKIE,"7052,93",2023,1.5,20850.0,13,4.83,24.4,3.67,29.5,3.51,20,4.39,57.4,34.7,13,5.49,21.7,3.99,-2099.0,9104.0,7250.0,8715.0,7639.0,16354.0,7568.0,6687.0,14255.0,9374.0,4881.0,"2106,1",10666.0,ogółem,4857.0,11190.0,4.1,49.6,149
ŁÓDZKIE,"8096,32",2024,1.6,21280.0,12.8,4.42,24.9,3.41,30.4,3.1,18.1,4.21,56.8,35.4,13.8,4.97,21.6,3.79,-1809.0,9650.0,7552.0,9015.0,8187.0,17202.0,8062.0,7331.0,15393.0,10055.0,5338.0,"2176,0",9139.0,ogółem,4891.0,11017.0,4.3,50.0,149
ŁÓDZKIE,,2025,,24755.0,-,-,-,-,-,-,-,-,-,-,-,-,-,-,,,,,,,,,,,,,,,,,,49.6,
ŚLĄSKIE,,1999,,,,,,,,,,,,,,,,,-394.0,,,20540.0,19089.0,39629.0,20445.0,18790.0,39235.0,,,,,,,,,,
ŚLĄSKIE,,2000,,,,,,,,,,,,,,,,,-1652.0,25045.0,12099.0,19262.0,17882.0,37144.0,18483.0,17009.0,35492.0,26713.0,8779.0,,3222.0,ogółem,,,,,
ŚLĄSKIE,,2001,,,,,,,,,,,,,,,,,-2353.0,22208.0,10225.0,16924.0,15509.0,32433.0,15668.0,14412.0,30080.0,22683.0,7397.0,,2649.0,ogółem,,,,,
ŚLĄSKIE,,2002,,,,,,,,,,,,,,,,,-1639.0,25561.0,11469.0,19145.0,17885.0,37030.0,18365.0,17026.0,35391.0,27359.0,8032.0,"1376,3",2767.0,ogółem,,,,16.0,-
ŚLĄSKIE,,2003,,,,,,,,,,,,,,,,,-2909.0,27798.0,12869.0,21227.0,19440.0,40667.0,19827.0,17931.0,37758.0,29994.0,7764.0,"1390,3",2843.0,ogółem,,,3.4,31.1,96
ŚLĄSKIE,,2004,,,,,,,,,,,,,,,,,-3583.0,27057.0,13336.0,21055.0,19338.0,40393.0,19321.0,17489.0,36810.0,29417.0,7393.0,"1403,4",3050.0,ogółem,,,3.5,21.1,89
ŚLĄSKIE,,2005,,,,,,,,,,,,,,,,,-3075.0,27484.0,12696.0,21256.0,18924.0,40180.0,19585.0,17520.0,37105.0,29625.0,7480.0,"1391,6",3297.0,ogółem,,,3.5,18.2,94
ŚLĄSKIE,,2006,,111865.0,,,,,,,,,,,,,,,-3668.0,28623.0,13773.0,22019.0,20377.0,42396.0,20136.0,18592.0,38728.0,30589.0,8139.0,"1391,3",4187.0,ogółem,,,3.7,17.8,104
ŚLĄSKIE,,2007,,73463.0,,,,,,,,,,,,,,,-3578.0,29546.0,15259.0,23248.0,21557.0,44805.0,21486.0,19741.0,41227.0,32636.0,8591.0,"1400,6",5294.0,ogółem,,,4.0,22.4,100
ŚLĄSKIE,,2008,,36766.0,,,,,,,,,,,,,,,-2917.0,25281.0,12412.0,19951.0,17742.0,37693.0,18563.0,16213.0,34776.0,27862.0,6914.0,"1409,3",5883.0,ogółem,,,4.1,26.3,109
ŚLĄSKIE,,2009,,33748.0,,,,,,,,,,,,,,,-3163.0,25636.0,12814.0,20707.0,17743.0,38450.0,19092.0,16195.0,35287.0,28182.0,7105.0,"1418,9",6117.0,ogółem,,,4.3,22.9,131
ŚLĄSKIE,,2010,,42730.0,14.2,1.99,26.7,1.24,19.1,1.81,29.6,1.35,66.8,34.2,10.5,2.13,23.7,1.4,-3194.0,26869.0,13410.0,21119.0,19160.0,40279.0,19590.0,17495.0,37085.0,29904.0,7181.0,"1494,9",5672.0,ogółem,,,4.5,22.0,154
ŚLĄSKIE,,2011,,55515.0,14,2.88,26.8,1.98,20.1,2.65,29.2,2.01,65.9,34,9.9,3.09,24.1,2.05,-3652.0,27159.0,12844.0,20986.0,19017.0,40003.0,19261.0,17090.0,36351.0,29047.0,7304.0,"1479,0",6506.0,ogółem,,,4.9,20.5,123
ŚLĄSKIE,,2012,,64409.0,13.2,2.51,26.5,1.69,20.7,2.51,29.8,1.81,66.2,33.5,9.9,2.86,23.6,1.84,-3298.0,25872.0,12294.0,19928.0,18238.0,38166.0,18372.0,16496.0,34868.0,27764.0,7104.0,"1526,9",5988.0,ogółem,,,5.1,21.1,129
ŚLĄSKIE,,2013,,73352.0,12.7,2.75,27,1.57,21.7,2.26,29.1,1.75,65.7,34,9.6,3.13,24.4,1.79,-3880.0,27450.0,13563.0,21210.0,19803.0,41013.0,19318.0,17815.0,37133.0,29488.0,7645.0,"1568,8",6002.0,ogółem,,,5.2,22.5,127
ŚLĄSKIE,"4100,51",2014,2.4,68734.0,12.3,2.7,27.3,1.83,22.2,2.38,28.5,1.95,65.5,34.3,9.7,3.26,24.6,1.95,-3633.0,26156.0,12186.0,20131.0,18211.0,38342.0,18307.0,16402.0,34709.0,27487.0,7222.0,"1593,9",6274.0,ogółem,0.0,0.0,5.3,21.2,127
ŚLĄSKIE,"4221,45",2015,2.0,55825.0,12.5,3.1,27.7,1.91,22.8,2.4,27.4,2.03,64.7,34.4,9.6,3.45,24.8,2.1,-3449.0,24857.0,11366.0,18881.0,17342.0,36223.0,17348.0,15426.0,32774.0,25710.0,7064.0,"1629,4",6445.0,ogółem,10925.0,27758.0,5.3,22.2,127
ŚLĄSKIE,"4295,29",2016,1.6,45527.0,11.9,2.91,28.5,1.92,24.1,2.45,25.8,2.26,63.9,34.9,9.6,3.61,25.3,2.05,-3428.0,24130.0,11241.0,18731.0,16640.0,35371.0,16987.0,14956.0,31943.0,25126.0,6817.0,"1657,3",6367.0,ogółem,8245.0,25695.0,5.3,24.1,123
ŚLĄSKIE,"4481,57",2017,1.3,34956.0,11.4,3.16,28,2.11,25,2.4,26.2,2.29,63.6,34,9.4,3.98,24.6,2.26,-3260.0,25066.0,11578.0,19133.0,17511.0,36644.0,17619.0,15765.0,33384.0,26103.0,7281.0,"1692,3",6614.0,ogółem,8990.0,29115.0,4.9,26.9,125
ŚLĄSKIE,"4825,28",2018,1.1,29220.0,11.2,3.09,27.3,2.04,26.2,2.44,25.6,2.69,62.6,34,9.7,4.12,24.3,2.22,-4231.0,28120.0,12810.0,21294.0,19636.0,40930.0,19307.0,17392.0,36699.0,28566.0,8133.0,"1727,6",7492.0,ogółem,7802.0,23114.0,5.3,27.5,137
ŚLĄSKIE,"5177,86",2019,0.8,21185.0,10.6,3.07,26.2,2.53,27.4,2.43,25.6,2.71,61.9,33.7,10.1,4.32,23.6,2.78,-4275.0,28694.0,13236.0,21785.0,20145.0,41930.0,19796.0,17859.0,37655.0,29350.0,8305.0,"1788,2",8198.0,ogółem,8400.0,21297.0,5.1,30.9,137
ŚLĄSKIE,"5450,86",2020,1.1,29236.0,10.4,3.3,26.4,2.7,27.3,2.9,25.9,2.6,62.3,33.7,10,4.5,23.7,2.7,-3342.0,23134.0,11463.0,17922.0,16675.0,34597.0,16345.0,14910.0,31255.0,24548.0,6707.0,"1898,4",7507.0,ogółem,8596.0,19230.0,4.7,41.3,118
ŚLĄSKIE,"5907,84",2021,1.3,33402.0,10.3,3.76,27.1,2.31,28,2.45,23.9,2.51,61.9,34.8,10.9,4.1,23.9,2.4,-3690.0,26075.0,12933.0,20184.0,18824.0,39008.0,18464.0,16854.0,35318.0,27663.0,7655.0,"1988,3",7716.0,ogółem,8937.0,19222.0,4.7,38.6,138
ŚLĄSKIE,"6727,57",2022,0.9,22642.0,10.3,3.36,27.3,2.29,28.8,2.43,23.2,2.36,61,34.3,10.5,3.81,23.8,2.49,-3592.0,23384.0,12318.0,18317.0,17385.0,35702.0,16529.0,15581.0,32110.0,25296.0,6814.0,"2063,1",9992.0,ogółem,9846.0,19011.0,4.6,43.0,142
ŚLĄSKIE,"7611,38",2023,0.8,19475.0,10,4,25.1,2.73,32.2,2.56,21.6,3.01,57.8,33.1,11.1,4.41,22,2.87,-2611.0,24552.0,11639.0,18698.0,17493.0,36191.0,17399.0,16181.0,33580.0,26071.0,7509.0,"2133,4",11804.0,ogółem,10617.0,18358.0,5.0,43.5,140
ŚLĄSKIE,"8537,54",2024,0.8,18856.0,10.9,3.67,22.8,2.81,33.4,2.16,20.5,2.97,55.7,32.6,12.4,4.03,20.2,3.01,-2883.0,25387.0,11731.0,18970.0,18148.0,37118.0,17714.0,16521.0,34235.0,26484.0,7751.0,"2205,0",10896.0,ogółem,11166.0,18304.0,4.7,40.4,143
ŚLĄSKIE,,2025,,22716.0,-,-,-,-,-,-,-,-,-,-,-,-,-,-,,,,,,,,,,,,,,,,,,40.4,
ŚWIĘTOKRZYSKIE,,1999,,,,,,,,,,,,,,,,,-2295.0,,,5861.0,5246.0,11107.0,4588.0,4224.0,8812.0,,,,,,,,,,
ŚWIĘTOKRZYSKIE,,2000,,,,,,,,,,,,,,,,,-2061.0,6213.0,3964.0,5186.0,4991.0,10177.0,4144.0,3972.0,8116.0,4522.0,3594.0,,2092.0,ogółem,,,,,
ŚWIĘTOKRZYSKIE,,2001,,,,,,,,,,,,,,,,,-2304.0,5966.0,3594.0,4959.0,4601.0,9560.0,3687.0,3569.0,7256.0,4063.0,3193.0,,1744.0,ogółem,,,,,
ŚWIĘTOKRZYSKIE,,2002,,,,,,,,,,,,,,,,,-2372.0,6155.0,3819.0,5240.0,4734.0,9974.0,3892.0,3710.0,7602.0,4476.0,3126.0,"1268,4",2179.0,ogółem,,,,21.2,-
ŚWIĘTOKRZYSKIE,,2003,,,,,,,,,,,,,,,,,-2467.0,6437.0,4128.0,5631.0,4934.0,10565.0,4202.0,3896.0,8098.0,5104.0,2994.0,"1308,4",1970.0,ogółem,,,1.3,34.6,88
ŚWIĘTOKRZYSKIE,,2004,,,,,,,,,,,,,,,,,-2315.0,6055.0,4296.0,5446.0,4905.0,10351.0,4098.0,3938.0,8036.0,5129.0,2907.0,"1291,9",2307.0,ogółem,,,1.3,15.3,75
ŚWIĘTOKRZYSKIE,,2005,,,,,,,,,,,,,,,,,-2234.0,6086.0,3756.0,5334.0,4508.0,9842.0,3990.0,3618.0,7608.0,4644.0,2964.0,"1301,3",2322.0,ogółem,,,1.2,16.5,84
ŚWIĘTOKRZYSKIE,,2006,,52565.0,,,,,,,,,,,,,,,-2795.0,6655.0,4279.0,5877.0,5057.0,10934.0,4311.0,3828.0,8139.0,4848.0,3291.0,"1321,7",2418.0,ogółem,,,1.3,12.6,96
ŚWIĘTOKRZYSKIE,,2007,,41381.0,,,,,,,,,,,,,,,-2629.0,6599.0,4653.0,6109.0,5143.0,11252.0,4592.0,4031.0,8623.0,5106.0,3517.0,"1327,4",3222.0,ogółem,,,1.3,17.8,91
ŚWIĘTOKRZYSKIE,,2008,,33587.0,,,,,,,,,,,,,,,-2016.0,5402.0,3438.0,4947.0,3893.0,8840.0,3691.0,3133.0,6824.0,4025.0,2799.0,"1344,2",4384.0,ogółem,,,1.3,20.9,100
ŚWIĘTOKRZYSKIE,,2009,,26552.0,,,,,,,,,,,,,,,-2184.0,5474.0,3693.0,5106.0,4061.0,9167.0,3720.0,3263.0,6983.0,4205.0,2778.0,"1309,6",4861.0,ogółem,,,1.4,14.9,112
ŚWIĘTOKRZYSKIE,,2010,,25227.0,19.3,2.01,24.3,1.54,18.3,2.46,28,1.6,62.5,31.3,10.2,2.59,21.1,1.64,-2567.0,5977.0,3753.0,5313.0,4417.0,9730.0,3779.0,3384.0,7163.0,4414.0,2749.0,"1332,5",5250.0,ogółem,,,1.4,17.7,129
ŚWIĘTOKRZYSKIE,,2011,,29198.0,19.4,3.07,24.2,2.44,18.5,3.26,28.1,2.33,62,30.3,9.7,3.91,20.6,2.63,-2408.0,5867.0,3550.0,5215.0,4202.0,9417.0,3739.0,3270.0,7009.0,4164.0,2845.0,"1305,8",5242.0,ogółem,,,1.4,23.2,109
ŚWIĘTOKRZYSKIE,,2012,,31899.0,18,3.19,24.6,2.33,20.7,3.35,27.3,2.23,61.2,30.2,9.3,3.88,20.9,2.61,-2180.0,5353.0,3185.0,4698.0,3840.0,8538.0,3436.0,2922.0,6358.0,3838.0,2520.0,"1342,1",5090.0,ogółem,,,1.4,24.3,117
ŚWIĘTOKRZYSKIE,,2013,,34413.0,16.7,3.33,24.5,2.38,23.2,2.81,26.1,2.13,60,30.7,9.4,3.94,21.3,2.53,-2618.0,5496.0,3718.0,5010.0,4204.0,9214.0,3522.0,3074.0,6596.0,3825.0,2771.0,"1377,2",3895.0,ogółem,,,1.5,22.6,120
ŚWIĘTOKRZYSKIE,"3435,93",2014,4.0,31639.0,16.9,2.94,24.6,2.34,22.7,2.89,26.6,2.22,60.4,30.4,9.2,4.07,21.2,2.58,-2464.0,5462.0,3261.0,4766.0,3957.0,8723.0,3329.0,2930.0,6259.0,3653.0,2606.0,"1393,7",3913.0,ogółem,0.0,0.0,1.5,27.9,113
ŚWIĘTOKRZYSKIE,"3580,62",2015,3.2,24692.0,16.8,3.4,24.8,2.61,21.8,3.21,27.4,2.45,61.2,30.6,9,4.16,21.6,2.93,-2268.0,5284.0,3318.0,4601.0,4001.0,8602.0,3395.0,2939.0,6334.0,3671.0,2663.0,"1416,0",4624.0,ogółem,3555.0,6224.0,1.4,27.1,114
ŚWIĘTOKRZYSKIE,"3669,57",2016,2.8,21538.0,16,2.93,24.3,2.4,23.8,2.78,26.7,2.37,60.2,30.3,9.2,4.21,21.1,2.56,-1971.0,5004.0,3152.0,4358.0,3798.0,8156.0,3301.0,2884.0,6185.0,3453.0,2732.0,"1439,5",3505.0,ogółem,2379.0,5628.0,1.4,24.1,118
ŚWIĘTOKRZYSKIE,"3911,49",2017,2.2,16539.0,15.1,2.94,24.8,2.63,24.5,2.89,25.7,2.4,60.3,31.6,9.8,4.21,21.8,2.9,-2426.0,5494.0,3423.0,4819.0,4098.0,8917.0,3376.0,3115.0,6491.0,3695.0,2796.0,"1474,2",3883.0,ogółem,2702.0,5940.0,1.4,25.2,127
ŚWIĘTOKRZYSKIE,"4171,17",2018,2.2,16195.0,14.2,3.13,25.3,2.71,25.3,2.96,25.2,2.45,60.4,32.1,9.9,4.45,22.2,2.97,-2628.0,6101.0,3852.0,5357.0,4596.0,9953.0,3882.0,3443.0,7325.0,4164.0,3161.0,"1515,1",4586.0,ogółem,2015.0,5094.0,1.7,26.2,142
ŚWIĘTOKRZYSKIE,"4490,41",2019,2.2,15905.0,13.7,3.21,24.9,2.81,26.3,2.9,25,2.85,59.8,32.1,9.9,4.49,22.2,2.96,-3719.0,7106.0,3914.0,6001.0,5019.0,11020.0,3796.0,3505.0,7301.0,4054.0,3247.0,"1577,2",4999.0,ogółem,2649.0,4084.0,1.6,31.4,128
ŚWIĘTOKRZYSKIE,"4800,21",2020,2.8,19565.0,12.9,3.9,25.7,2.6,27.7,3.1,24.6,2.9,59.2,32,8.9,5.2,23.1,3,-2143.0,4938.0,3277.0,4453.0,3762.0,8215.0,3264.0,2808.0,6072.0,3466.0,2606.0,"1713,1",5032.0,ogółem,1729.0,3780.0,1.5,33.0,122
ŚWIĘTOKRZYSKIE,"5262,19",2021,2.6,18087.0,12.8,3.88,27,2.45,26.4,2.71,23.8,2.71,60.6,34.2,9.8,4.84,24.4,2.62,-2421.0,5613.0,3699.0,4915.0,4397.0,9312.0,3634.0,3257.0,6891.0,3902.0,2989.0,"1799,3",5602.0,ogółem,1610.0,3762.0,1.7,37.9,141
ŚWIĘTOKRZYSKIE,"5782,60",2022,2.1,13958.0,13.6,3.82,26.6,2.73,26.9,2.76,23.3,2.61,59.3,33.1,9.4,5.32,23.7,2.98,-2270.0,5211.0,3808.0,4903.0,4116.0,9019.0,3579.0,3170.0,6749.0,3811.0,2938.0,"1869,9",6701.0,ogółem,1455.0,3521.0,1.6,37.3,138
ŚWIĘTOKRZYSKIE,"6585,16",2023,1.9,12783.0,13.1,3.74,25.5,2.93,29.2,2.72,21.5,3.07,57.7,33.5,10.7,4.77,22.8,2.97,-2766.0,5408.0,3705.0,4790.0,4323.0,9113.0,3237.0,3110.0,6347.0,3652.0,2695.0,"1931,6",8157.0,ogółem,1592.0,3725.0,1.7,37.4,133
ŚWIĘTOKRZYSKIE,"7664,18",2024,1.9,12511.0,13.2,4.15,25.3,3.22,30.8,2.96,20.4,3.77,56,33.3,10.3,4.85,23,3.41,-2755.0,5676.0,3952.0,5095.0,4533.0,9628.0,3601.0,3272.0,6873.0,3893.0,2980.0,"2002,1",7967.0,ogółem,1378.0,3465.0,2.1,40.9,134
ŚWIĘTOKRZYSKIE,,2025,,13782.0,-,-,-,-,-,-,-,-,-,-,-,-,-,-,,,,,,,,,,,,,,,,,,33.8,
