region,rok,"gimnazjalne,_podstawowe_i_niższe_kobiety_wartość_liczbowa","gimnazjalne,_podstawowe_i_niższe_kobiety_wskaźnik_precyzji","gimnazjalne,_podstawowe_i_niższe_miasto_wartość_liczbowa","gimnazjalne,_podstawowe_i_niższe_miasto_wskaźnik_precyzji","gimnazjalne,_podstawowe_i_niższe_mężczyźni_wartość_liczbowa","gimnazjalne,_podstawowe_i_niższe_mężczyźni_wskaźnik_precyzji","gimnazjalne,_podstawowe_i_niższe_ogółem_wartość_liczbowa","gimnazjalne,_podstawowe_i_niższe_ogółem_wskaźnik_precyzji","gimnazjalne,_podstawowe_i_niższe_wieś_wartość_liczbowa","gimnazjalne,_podstawowe_i_niższe_wieś_wskaźnik_precyzji",policealne_oraz_średnie_zawodowe/branżowe_kobiety_wartość_liczbowa,policealne_oraz_średnie_zawodowe/branżowe_kobiety_wskaźnik_precyzji,policealne_oraz_średnie_zawodowe/branżowe_miasto_wartość_liczbowa,policealne_oraz_średnie_zawodowe/branżowe_miasto_wskaźnik_precyzji,policealne_oraz_średnie_zawodowe/branżowe_mężczyźni_wartość_liczbowa,policealne_oraz_średnie_zawodowe/branżowe_mężczyźni_wskaźnik_precyzji,policealne_oraz_średnie_zawodowe/branżowe_ogółem_wartość_liczbowa,policealne_oraz_średnie_zawodowe/branżowe_ogółem_wskaźnik_precyzji,policealne_oraz_średnie_zawodowe/branżowe_wieś_wartość_liczbowa,policealne_oraz_średnie_zawodowe/branżowe_wieś_wskaźnik_precyzji,wyższe_kobiety_wartość_liczbowa,wyższe_kobiety_wskaźnik_precyzji,wyższe_miasto_wartość_liczbowa,wyższe_miasto_wskaźnik_precyzji,wyższe_mężczyźni_wartość_liczbowa,wyższe_mężczyźni_wskaźnik_precyzji,wyższe_ogółem_wartość_liczbowa,wyższe_ogółem_wskaźnik_precyzji,wyższe_wieś_wartość_liczbowa,wyższe_wieś_wskaźnik_precyzji,zasadnicze_zawodowe/branżowe_kobiety_wartość_liczbowa,zasadnicze_zawodowe/branżowe_kobiety_wskaźnik_precyzji,zasadnicze_zawodowe/branżowe_miasto_wartość_liczbowa,zasadnicze_zawodowe/branżowe_miasto_wskaźnik_precyzji,zasadnicze_zawodowe/branżowe_mężczyźni_wartość_liczbowa,zasadnicze_zawodowe/branżowe_mężczyźni_wskaźnik_precyzji,zasadnicze_zawodowe/branżowe_ogółem_wartość_liczbowa,zasadnicze_zawodowe/branżowe_ogółem_wskaźnik_precyzji,zasadnicze_zawodowe/branżowe_wieś_wartość_liczbowa,zasadnicze_zawodowe/branżowe_wieś_wskaźnik_precyzji,średnie_(łącznie_z_zasadniczym_zawodowym/branżowym_i_policealnym)_kobiety_wartość_liczbowa,średnie_(łącznie_z_zasadniczym_zawodowym/branżowym_i_policealnym)_mężczyźni_wartość_liczbowa,średnie_(łącznie_z_zasadniczym_zawodowym/branżowym_i_policealnym)_ogółem_wartość_liczbowa,średnie_(łącznie_ze_średnim_zawodowym/branżowym_i_ogólnokształcącym)_kobiety_wartość_liczbowa,średnie_(łącznie_ze_średnim_zawodowym/branżowym_i_ogólnokształcącym)_mężczyźni_wartość_liczbowa,średnie_(łącznie_ze_średnim_zawodowym/branżowym_i_ogólnokształcącym)_ogółem_wartość_liczbowa,średnie_ogólnokształcące_kobiety_wartość_liczbowa,średnie_ogólnokształcące_kobiety_wskaźnik_precyzji,średnie_ogólnokształcące_miasto_wartość_liczbowa,średnie_ogólnokształcące_miasto_wskaźnik_precyzji,średnie_ogólnokształcące_mężczyźni_wartość_liczbowa,średnie_ogólnokształcące_mężczyźni_wskaźnik_precyzji,średnie_ogólnokształcące_ogółem_wartość_liczbowa,średnie_ogólnokształcące_ogółem_wskaźnik_precyzji,średnie_ogólnokształcące_wieś_wartość_liczbowa,średnie_ogólnokształcące_wieś_wskaźnik_precyzji,średnie_zawodowe/branżowe_kobiety_wartość_liczbowa,średnie_zawodowe/branżowe_kobiety_wskaźnik_precyzji,średnie_zawodowe/branżowe_miasto_wartość_liczbowa,średnie_zawodowe/branżowe_miasto_wskaźnik_precyzji,średnie_zawodowe/branżowe_mężczyźni_wartość_liczbowa,średnie_zawodowe/branżowe_mężczyźni_wskaźnik_precyzji,średnie_zawodowe/branżowe_ogółem_wartość_liczbowa,średnie_zawodowe/branżowe_ogółem_wskaźnik_precyzji,średnie_zawodowe/branżowe_wieś_wartość_liczbowa,średnie_zawodowe/branżowe_wieś_wskaźnik_precyzji
DOLNOŚLĄSKIE,2010,16.4,2.73,13.8,3.07,17.6,2.6,17,2.2,24.4,2.52,26.5,1.64,26.6,1.54,24.8,1.8,25.6,1.29,23.2,2.59,21.8,2.43,22.6,2.47,15.7,2.87,18.7,2.27,9.6,5.92,20.7,2.05,23.8,2.02,32.8,1.7,26.8,1.5,33.7,2.17,61.8,66.9,64.3,35.9,31.8,33.8,14.6,2.82,13.2,2.71,9.3,3.57,11.9,2.38,8.8,4.69,21.3,2.05,22.3,1.79,22.5,1.94,21.9,1.51,20.8,2.72
DOLNOŚLĄSKIE,2011,16.1,3.93,14.2,4.5,17.9,3.9,17,3.22,23.2,4.31,24.7,2.91,25.2,2.71,23.9,3.14,24.3,2.28,22.1,3.96,23.5,3.36,23.6,3.67,16,4.58,19.7,3.3,11.1,7.56,21.4,3.37,24,3.09,33.2,2.69,27.3,2.31,34.6,3.17,60.4,66.1,63.2,34.2,30.8,32.4,14.3,4.2,12.9,3.88,9,5.54,11.6,3.42,8.9,6.95,19.9,3.44,21,3.06,21.8,3.32,20.8,2.52,20.4,4.23
DOLNOŚLĄSKIE,2012,16.1,3.57,14.3,3.57,17.2,3.39,16.6,2.69,21.7,3.96,24.6,2.85,25.2,2.48,23.6,2.9,24.1,2.12,21.7,3.88,24.1,3.2,24.9,3.36,17.3,4.06,20.8,3.04,11.9,7.17,21.9,2.96,23.2,2.96,32.9,2.45,27.4,2.13,36.3,3.09,59.7,65.5,62.6,33,30.3,31.7,13.2,3.71,12.4,3.42,9,4.84,11.1,2.99,8.4,6.49,19.8,3.11,21.1,2.8,21.3,3.13,20.6,2.33,19.5,4.04
DOLNOŚLĄSKIE,2013,14.7,3.51,13.2,3.86,16.3,3.93,15.5,2.96,20.8,4.27,25.5,2.67,25.1,2.76,23.2,3.41,24.3,2.25,22.7,3.68,25.1,3.09,26.9,3.18,19,3.85,22.1,3,11.6,7.71,20.8,3.08,22,3.31,32.1,2.61,26.4,2.3,36.1,2.96,60.3,64.5,62.3,34.4,30.6,32.5,14,3.94,12.8,3.91,9.2,5.43,11.6,3.23,8.8,6.72,20.4,3.09,21.5,3.09,21.4,3.62,20.9,2.53,19.9,4.13
DOLNOŚLĄSKIE,2014,13.3,4.32,11.7,4.6,14.4,4.17,13.9,3.32,18.8,4.48,25,2.88,25.2,2.57,24.1,3.04,24.6,2.15,23.2,3.83,28,2.79,28.9,3.07,20.8,4.03,24.5,2.89,14.3,7.49,19.6,3.38,21.4,3.03,31,2.51,25.3,2.24,34.6,3.2,58.8,64.5,61.7,34.4,31.7,33,14.2,4.07,12.9,4.03,9.4,5.57,11.8,3.39,9.3,6.18,20.2,3.26,21.7,2.78,22.3,3.2,21.2,2.36,20.2,4.39
DOLNOŚLĄSKIE,2015,14.1,4.56,12.6,4.7,15.2,4.31,14.7,3.47,19.4,4.84,24.7,2.76,25.8,2.82,25.3,3.22,24.9,2.31,23.1,4.03,28.7,2.87,28.1,3.22,19.7,4.21,24.2,2.95,15.3,7.6,19.5,3.55,21.2,3.15,30.8,2.96,25.1,2.58,33.8,3.65,57.2,65.2,61.1,33.1,32.4,32.8,13,4.42,12.2,4.34,9.1,5.71,11.1,3.71,8.5,6.96,20.1,3.35,22.4,3.17,23.3,3.38,21.7,2.66,20.1,4.72
DOLNOŚLĄSKIE,2016,13.9,4.98,11.9,4.64,14.9,4.58,14.4,3.93,19.3,6.44,25,3.5,25,3.44,25.1,3.88,25,2.91,25,5.11,29.7,3.02,29.8,3.32,21.1,4.34,25.5,3.1,16.3,8.59,19.1,4.02,21.6,3.7,30.3,3.43,24.6,2.86,31,4.4,56.5,64,60.1,32.5,31.7,32.1,12.4,5.23,11.6,5.45,8.6,7.54,10.5,4.57,8.3,8.6,20.1,4.19,21.3,3.58,23.1,4.04,21.6,3.17,22.3,5.83
DOLNOŚLĄSKIE,2017,12.3,5.81,10.4,4.9,13.4,4.95,12.8,4.13,17.8,7.47,25.4,3.75,25.2,3.32,24.6,4.4,25,2.91,24.6,5.54,31.5,3.65,31.4,3.44,21.7,4.49,26.6,3.36,16.9,10.16,19,4.65,21.6,4.39,30.6,4.11,24.8,3.54,31.3,5.54,56.3,64.9,60.6,32.5,32.4,32.4,11.9,6.62,11.5,5.96,9.7,7.78,10.8,5.24,9.4,11.31,20.6,4.24,21.2,3.54,22.7,4.77,21.6,3.14,22.4,6.12
DOLNOŚLĄSKIE,2018,12.3,5.69,10.9,5.5,13.4,5.48,12.9,4.56,16.9,7.69,25.8,3.97,25,3.53,23.9,4.66,24.8,3.06,24.7,6.04,33.7,3.63,33.7,3.51,22.7,4.79,28.2,3.53,17.2,9.78,18.5,5.38,20.5,4.65,30.4,4.1,24.5,3.84,32.3,6.58,54.1,63.8,58.9,31.1,31.4,31.2,9.8,7.36,9.9,5.89,9.5,7.22,9.6,5.41,9,11.33,21.3,4.5,21.2,3.99,21.9,4.85,21.6,3.43,22.5,6.62
DOLNOŚLĄSKIE,2019,12.5,5.68,11.2,5.34,13.1,6.24,12.9,4.83,16.3,9.06,23.6,4.64,23,4.56,23,5.14,23.3,3.77,23.8,6.63,35.3,3.53,35.3,3.77,26.4,4.73,30.9,3.6,21.7,9.28,18.2,5.57,19.8,4.85,28.7,4.36,23.4,4.06,31,6.53,52.1,60.4,56.2,29.6,29.9,29.8,10.3,6.93,10.6,5.88,8.7,9.04,9.5,5.89,7.3,14.17,19.3,5.33,20.1,4.93,21.2,5.33,20.3,4.07,20.7,7.26
DOLNOŚLĄSKIE,2020,10.5,6.7,9.7,6,11.8,7,11.2,5.4,14.2,10.4,21.8,6,23.4,5.1,24.5,5.7,23.1,4.3,22.7,7.9,37.7,4.2,37.4,3.6,28,5,32.8,3.7,23.3,10,18.9,6.5,18.6,5.8,27,4.7,23,4.6,31.8,7.4,51.8,60.3,56,28.7,32,30.3,11.1,8.4,10.8,7.6,8.8,10.2,9.9,6.8,8,13.9,17.6,7.2,20.3,5.6,23.2,5.9,20.4,4.7,20.3,8.8
DOLNOŚLĄSKIE,2021,11.9,6.88,11.7,7.47,13.6,7.71,12.7,5.46,15.1,9.34,24.8,4.67,24.6,4.3,26,4.99,25.4,3.5,27.2,6.14,37.1,3.96,37.1,3.43,27.3,4.75,32.2,3.57,21.6,10.76,15.8,6.2,16.4,5.97,25.1,5.06,20.5,4.31,29.2,6.45,51,59.1,55.1,30.1,32.5,31.3,10.4,8.1,10.2,7.53,8,10.16,9.2,6.52,6.9,14.42,19.7,5.97,20.8,4.9,24.5,5.29,22.1,4.07,24.6,7.15
DOLNOŚLĄSKIE,2022,13.1,7.86,10.9,6.99,12.7,8.11,12.9,6.35,17.1,11.87,22.8,5.72,26.2,4.63,28.2,5.03,25.5,4.02,24,7.5,37.5,3.96,37.4,3.71,26.7,5.13,32.1,3.71,20.8,10.69,15.8,6.36,15.9,5.84,22.8,5.36,19.3,4.34,26.5,6.73,49.4,60.7,55.1,29.3,35.9,32.6,10.8,7.97,9.6,7.22,9.7,9.16,10.3,6.44,11.6,13.1,18.5,6.55,22.3,5.28,26.2,5.33,22.3,4.44,22.3,8.13
DOLNOŚLĄSKIE,2023,12.4,7.21,10.7,7.61,11.8,7.74,12,5.71,14.9,10.11,21,5.75,24.2,5.07,25.6,5.72,23.4,4.44,21.5,8.51,38.8,3.99,38.8,3.53,32.4,4.48,35.6,3.3,29.1,8.51,14.5,6.9,15.4,5.88,20.9,5.59,17.8,4.67,22.5,8.06,48.8,55.8,52.5,29.8,33.2,31.5,13.3,7.59,10.9,7.95,9.3,9.44,11.3,6.26,12.2,10.65,16.5,7.02,20.6,5.69,23.9,6.06,20.2,5,19.5,9.34
DOLNOŚLĄSKIE,2024,10.2,6.35,9,6.29,11.3,6.74,10.7,5.03,14,8.94,21.9,4.85,22.7,4.47,23.7,5.4,22.8,3.82,23.1,6.79,41.2,3.13,42,3.05,34.5,3.83,37.9,2.81,29.4,6.63,13.6,6.58,14.1,5.93,19.8,5.37,16.8,4.72,22.1,7.34,48.5,54.2,51.5,30.2,33,31.7,13,6.06,12.2,5.91,10.7,7.99,11.9,5.04,11.4,9.07,17.2,5.73,19.4,4.81,22.3,5.47,19.8,4.1,20.4,6.92
DOLNOŚLĄSKIE,2025,-,-,-,-,-,-,-,-,-,-,-,-,-,-,-,-,-,-,-,-,-,-,-,-,-,-,-,-,-,-,-,-,-,-,-,-,-,-,-,-,-,-,-,-,-,-,-,-,-,-,-,-,-,-,-,-,-,-,-,-,-,-,-,-,-,-
KUJAWSKO-POMORSKIE,2010,21.8,2.52,15.4,2.9,20.1,2.48,21,2.08,29.3,2.76,22.9,2.18,23.7,2.27,21.6,2.45,22.2,1.8,20,3.16,16.7,3.04,18.7,3.21,12.4,3.92,14.6,2.99,8.5,5.58,25.3,2.16,29,2.26,37.2,1.66,31.2,1.61,34.2,1.98,61.6,67.4,64.4,32.6,28.5,30.5,13.4,3.19,13.1,3.05,8.6,3.86,11,2.57,7.8,4.56,19.2,2.39,20.5,2.34,19.9,2.47,19.5,1.85,18,3.22
KUJAWSKO-POMORSKIE,2011,20.8,4.09,15.8,4.32,20.1,3.72,20.4,3.1,26.9,4.44,22.7,3.27,23.5,3.35,21.3,3.56,22,2.64,20,4.26,19.5,3.97,21.3,4.3,13.4,5.49,16.5,3.95,9.5,8.33,23.8,3.01,26.9,3.33,37.6,2.5,30.7,2.16,35.8,2.69,59.7,66.7,63.2,31.8,27.3,29.5,13.2,4.57,12.4,5.04,7.8,6.66,10.5,4.22,7.6,7.5,18.6,3.84,19.9,3.86,19.5,3.74,19,2.93,17.8,4.6
KUJAWSKO-POMORSKIE,2012,19,3.72,14.9,4.5,19,3.76,19,2.98,24.6,3.95,22.7,2.81,23.5,3.04,21.9,3.29,22.3,2.37,20.7,4.01,21.5,3.59,23.2,3.73,13.7,4.79,17.7,3.53,10,7.55,23,2.85,25.5,3.35,37.4,2.35,30.2,2.13,36.6,2.5,59.2,67.5,63.4,32.4,28.6,30.5,13.5,4.09,12.9,4.03,8.2,5.66,10.9,3.7,8.1,6.42,18.9,3.13,20.2,3.25,20.4,3.41,19.6,2.5,18.6,4.38
KUJAWSKO-POMORSKIE,2013,17.6,3.7,13.1,4.11,17.9,3.81,17.9,2.96,24.4,4.12,23.5,3.16,24.5,3.29,22.8,3.44,23.1,2.6,21.2,4.28,21.6,3.66,24,3.86,15,4.52,18.4,3.48,10.8,7.52,23.3,3.17,25.8,3.27,36,2.3,29.7,2.16,35,2.72,60.5,67.1,63.8,32.6,29.5,31,13.7,4.38,12.6,4.63,8.3,5.72,11,3.64,8.6,6.4,18.9,3.63,20.9,3.71,21.2,3.62,20,2.9,18.9,4.61
KUJAWSKO-POMORSKIE,2014,16.9,4.08,13.4,4.84,17.2,4.21,17.1,3.2,22.3,4.32,23.8,2.96,24.5,3.3,22.4,3.53,23.2,2.51,21.6,4.08,21.5,3.78,22.8,3.83,14.6,4.88,18.1,3.58,11.6,7.3,24.4,3.07,27.3,3.21,37.5,2.5,30.9,2.25,35.5,2.93,61.5,68.2,64.9,32.5,29.3,30.8,13.3,4.67,12,4.79,8.3,6.1,10.8,3.59,9.1,6.31,19.2,3.42,20.8,3.64,21,3.77,20,2.77,19,4.34
KUJAWSKO-POMORSKIE,2015,17,3.93,14.1,4.91,17,4.3,17,3.38,20.6,4.34,24.6,3.1,24.4,3.29,23.1,3.3,23.9,2.56,23.2,3.93,22.5,3.54,23.2,4.11,15,5.08,18.8,3.53,13.3,6.55,22.7,3.55,26.4,3.51,36.3,2.6,29.4,2.47,33.2,3.22,60.5,67.9,64.2,33.5,30.2,31.8,13.2,4.93,12,5.07,8.5,6.23,10.9,3.89,9.7,6.59,20.3,3.48,20.9,3.47,21.7,3.54,20.9,2.69,20.9,4.21
KUJAWSKO-POMORSKIE,2016,15.7,3.37,13,3.53,16.3,3.81,16.1,2.86,20.4,4.29,25.4,2.89,24.4,3.17,23.5,3.13,24.4,2.39,24.5,3.55,25,3.05,25.2,3.33,16.5,4.18,20.7,2.94,14.5,6.43,21.7,3.57,25.6,3.36,35.2,2.63,28.4,2.36,32.4,3.13,59.4,67.3,63.2,32.8,30.3,31.6,12.3,4.56,12,4.12,8.6,6.15,10.4,3.6,8.3,6.6,20.5,3.36,20.5,3.68,21.7,3.45,21.2,2.67,22.2,3.79
KUJAWSKO-POMORSKIE,2017,15.3,3.54,12,3.82,16,3.5,15.5,2.79,20.5,4.25,24.7,2.99,23.7,2.86,22,3.28,23.3,2.38,23,4.12,26.1,2.74,28,2.72,17.5,3.72,21.8,2.59,13.2,6.56,22.6,3.1,24.8,3.06,35.8,2.61,29.2,2.22,35.2,3.11,58.7,66.7,62.6,30.9,29.4,30.1,11.4,4.56,11.4,4.08,8.9,6.01,10.1,3.57,8.2,7.32,19.5,3.52,19.6,3.19,20.5,3.38,20,2.6,20.5,4.31
KUJAWSKO-POMORSKIE,2018,14.9,3.61,12,3.63,16.5,3.69,15.7,2.99,20.6,4.26,23.6,2.94,23.4,2.89,22.8,3.34,23.2,2.32,22.9,4.04,26.2,2.93,29.1,3.04,18,4.12,22.1,2.97,12.5,7.45,22.8,3.45,23.5,3.35,34.1,2.53,28.4,2.34,34.9,3.14,58.9,65.6,62.2,31.1,30.4,30.7,12.5,4.66,11.8,4.24,8.7,5.93,10.6,3.77,8.9,7.2,18.6,3.48,19.9,3.1,21.7,3.48,20.1,2.54,20.4,4.3
KUJAWSKO-POMORSKIE,2019,14.6,4.51,12.1,3.81,16.6,4.53,15.7,3.74,20.6,6.01,23.9,3.5,23.8,3,22.6,3.95,23.3,2.83,22.6,5.44,25.9,3.74,27.8,3.29,17.7,5.36,21.8,3.79,13.5,10.45,22.5,3.82,24.3,3.35,34.6,2.93,28.5,2.72,34.3,4.28,59.4,65.6,62.5,31.6,29.5,30.6,13,5.34,12,4.79,8.4,7.24,10.7,4.34,8.9,9.03,18.6,3.94,19.8,3.31,21.1,4.19,19.9,3.12,20,5.81
KUJAWSKO-POMORSKIE,2020,16.1,5.7,12,4.3,15.8,5.7,15.8,4.7,21.4,7.6,23.9,4.4,24.8,3.3,23.4,4.9,23.6,3.4,22.1,6.8,27.8,4.5,29.6,3.9,19.8,6.5,23.8,4.7,15.8,12.6,21.1,4.9,22.6,4.3,32,4,26.5,3.5,32,5.4,56.4,64.4,60.3,29.8,30.2,30,11.4,7.1,11,5.5,9,8.8,10.2,5.4,8.9,11,18.4,5.3,20.2,3.8,21.2,5.2,19.8,3.9,19.5,7.4
KUJAWSKO-POMORSKIE,2021,14.7,5.93,11.8,5.08,14.4,5.56,14.6,4.39,18.4,7.12,25.7,4.06,25.5,3.52,24.5,4.65,25.1,3.52,24.8,6.48,28.8,3.66,31.2,3.41,20.7,5.29,24.8,3.84,15.9,10.18,20.3,4.54,20.1,4.45,30.2,3.71,25.2,3.15,32.3,4.48,56.6,64.8,60.7,31.2,32.3,31.9,10.6,7.72,11.5,5.43,10.1,7.34,10.4,5.52,8.8,12.19,20.6,5.14,21,4.18,22.2,4.98,21.5,4.02,22,6.98
KUJAWSKO-POMORSKIE,2022,13.8,5.62,11.2,6.11,15.1,6.07,14.4,4.5,18.7,7.33,26.2,4.42,25.4,3.71,24.7,4.47,25.4,3.32,25.6,6.57,28.3,3.98,31.6,3.08,21.2,4.95,24.7,3.71,15.7,10.4,19.9,5.25,20.5,4.63,30.8,4.11,25.4,3.5,31.7,5.27,57.8,63.8,60.8,32.9,30.9,31.9,11.7,7.24,11.3,5.55,8.3,8.42,10,5.77,8.3,12.31,21.2,5.29,21.7,4.06,22.6,4.99,21.9,3.87,22.2,7.64
KUJAWSKO-POMORSKIE,2023,12.9,7.98,11.4,6.14,16.1,6.51,14.5,5.77,18.6,9.57,23.9,4.9,22.7,4.47,24,5.03,24,3.63,25.7,6.07,32.2,4.1,33.8,3.47,22.6,5.27,27.4,3.7,18.8,9.14,17.9,5.86,19.2,5.26,27.9,4.82,22.9,4.07,27.9,6.03,54.8,61.3,58.1,32.4,31.5,31.9,13,7.42,12.9,5.54,9.4,8.17,11.2,5.58,8.9,12.76,19.4,5.79,19,4.88,22.1,5.33,20.7,4.16,22.8,6.99
KUJAWSKO-POMORSKIE,2024,13.2,6.34,11.7,5.73,14.6,5.93,13.8,4.91,16.7,8.56,23.5,4.94,23.6,4.19,25.6,4.66,24.5,3.6,25.8,5.67,32.7,3.68,33.9,3.04,22.5,4.33,27.6,3.1,19.1,7.73,17.3,5.42,17.7,5.3,26.7,4.35,22,3.83,27.7,5.26,54.1,63.1,58.6,32.2,34.4,33.4,13.3,6.9,13,5.55,10.8,7.35,12.1,5.07,10.8,9.31,18.9,5.57,20.1,4.45,23.6,4.9,21.3,3.84,22.9,6.04
KUJAWSKO-POMORSKIE,2025,-,-,-,-,-,-,-,-,-,-,-,-,-,-,-,-,-,-,-,-,-,-,-,-,-,-,-,-,-,-,-,-,-,-,-,-,-,-,-,-,-,-,-,-,-,-,-,-,-,-,-,-,-,-,-,-,-,-,-,-,-,-,-,-,-,-
LUBELSKIE,2010,18.2,2.12,13.8,3.55,21.6,2.22,19.9,1.81,26.2,1.92,26.7,1.63,29.2,1.71,27.3,1.68,27,1.28,24.8,1.85,22.8,2.15,27.1,2.45,14.6,3.12,18.8,2.14,10.3,3.5,19.1,2.09,17.6,3.01,29.1,1.72,24.1,1.55,30.7,1.62,59,63.7,61.3,33.4,32.3,32.8,13.2,2.86,12.3,3.33,7.3,4.11,10.2,2.4,8.1,3.49,20.2,2.04,23.5,1.9,25,1.74,22.6,1.4,21.7,2.06
LUBELSKIE,2011,18.1,3.48,13.2,5.26,20.7,3.1,19.4,2.63,25.1,2.86,26.4,2.65,28.7,2.8,26.5,2.63,26.5,1.95,24.4,2.9,24.3,3.06,28.2,3.21,14.7,4.34,19.4,3.08,11.3,5.62,18.7,3.24,17.7,4.14,30.4,2.64,24.6,2.26,31.1,2.56,57.5,64.6,61.2,32.8,32,32.4,12.4,4.22,12.3,4.6,7.7,5.51,10.1,3.46,8.1,5.38,20.4,2.96,23.5,3.31,24.3,2.9,22.3,2.22,21.3,3.28
LUBELSKIE,2012,16.9,3.29,12.2,5.05,19.8,3.27,18.4,2.73,23.9,2.84,26.3,2.72,27.4,2.96,24.8,2.99,25.6,2.25,23.9,3.07,25.7,3.01,30.1,3.61,16.5,4.11,21,3.05,12.7,5.16,18.4,3.28,18.2,4.41,30.7,2.45,24.6,2.3,30.5,2.48,57.5,63.7,60.7,32.5,30.4,31.5,12.8,4.42,12.1,4.71,8.2,5.03,10.5,3.43,9.1,4.79,19.7,3.17,22.1,3.4,22.2,3.15,21,2.52,20,3.48
LUBELSKIE,2013,15.7,3.25,11.2,5.46,18.8,3.32,17.3,2.71,22.6,3.1,25.8,2.85,26.9,3.26,25.5,2.84,25.6,2.21,24.4,2.8,27.5,2.6,31.4,3.4,17.4,3.98,22.5,2.72,14.5,4.63,17.8,3.37,17.7,4.34,30.2,2.36,24.1,2.12,29.8,2.47,56.7,63.7,60.3,32.5,30.7,31.6,13.1,4.18,12.6,4.52,8,5.59,10.6,3.27,8.7,4.88,19.4,3.36,21.5,3.63,22.7,3.05,21,2.47,20.6,3.09
LUBELSKIE,2014,14.3,3.57,11.5,5.07,19.2,3.19,16.8,2.73,21.5,3.26,25.5,2.95,26.9,3.39,25.6,2.96,25.5,2.29,24.2,2.79,29.4,2.55,32.8,3.14,18.2,3.81,23.7,2.57,15.8,4.41,17.9,3.42,17,4.32,29.8,2.51,23.9,2.29,30,2.75,56.3,62.6,59.4,31.6,30.4,31,12.9,4.17,11.9,4.94,7.2,5.65,10,3.57,8.6,5.26,18.7,3.47,21.5,3.85,23.2,3.23,21,2.52,20.5,3.03
LUBELSKIE,2015,14.3,3.67,11.9,4.97,18.5,3.48,16.5,2.78,20.5,3.09,25.9,2.76,26.5,3.07,25.7,2.85,25.9,2.05,25.3,2.68,29.4,2.8,32.7,3.24,18.3,3.56,23.7,2.64,15.9,4.49,18,3.38,17.3,4.74,29,2.79,23.7,2.39,29.2,2.76,56.2,63,59.9,31.8,31.9,32,12.3,4.45,11.5,4.8,8.3,5.25,10.3,3.63,9.2,5.15,19.5,3.12,21.4,3.51,23.6,3.08,21.7,2.27,21.8,2.86
LUBELSKIE,2016,14.1,3.45,10.4,4.9,16.7,3.71,15.4,2.9,19.6,3.61,27.5,2.91,27.7,2.99,28.2,3.11,27.9,2.3,27.8,3.27,29.8,2.8,33.4,3.17,17.6,4,23.6,2.65,15.5,5.16,17.6,4.02,17.7,4.65,29.1,2.79,23.5,2.53,28.2,3.22,56,65.7,61.1,32,34.4,33.3,10.9,5.11,10.9,5.07,8.4,6.11,9.7,4.12,8.7,6.33,21.1,3.58,22.9,3.57,26,3.3,23.6,2.65,24.2,3.76
LUBELSKIE,2017,14,4.43,10.4,5.35,16.7,4.06,15.4,3.62,19.5,4.7,27.3,3.32,27.1,3.27,27.7,3.52,27.5,2.49,27.9,3.59,28.9,3.26,35,3,18.3,4.26,23.5,3.21,14,7.25,17.2,4.83,16.5,4.45,29.6,3.4,23.5,3.18,29.3,4.07,57,65,61.1,33.8,33.5,33.6,12.5,5.48,11.1,4.9,7.7,6.62,10.1,4.43,9.3,7.29,21.3,4.07,22.1,3.6,25.8,3.8,23.5,2.85,24.6,4.07
LUBELSKIE,2018,13.8,5.17,9.6,4.77,16.9,4.58,15.3,3.84,20,5,25.2,3.49,25,3.41,27.1,3.71,26.2,2.56,27.3,3.87,30.9,2.89,37,2.74,19.6,3.96,25.2,2.81,15.6,6.48,16.8,4.87,16.2,4.9,28.2,3.65,22.6,3.28,27.9,4.3,55.2,63.2,59.4,33.4,33.2,33.4,13.2,5.67,12.2,4.82,7.9,6.73,10.6,4.72,9.2,8.19,20.2,4.26,20.1,3.95,25.3,3.92,22.8,2.84,25,4.02
LUBELSKIE,2019,13.2,5.18,10,4.71,16.7,4.48,15,3.87,19.3,4.9,24.2,4.16,24.2,3.57,26.6,3.65,25.5,2.94,26.6,4.22,33.8,3.06,38.2,2.71,21.2,4.22,27.4,2.89,18.2,6.12,15.9,4.85,14.9,5.16,27.2,3.41,21.6,3.05,27.3,3.75,53.1,62.1,57.7,31.2,32.9,32,13,5.65,12.8,5.04,8.3,6.9,10.6,4.32,8.8,7.37,18.2,4.8,18.9,4.32,24.6,3.89,21.4,3.16,23.6,4.31
LUBELSKIE,2020,12.6,5.1,10.1,4.5,15.3,4.6,14,3.5,17.3,4.6,23.2,5.2,24.2,4.2,27.5,3.8,25.4,3.1,26.4,4.4,35.9,3.6,40.9,3.4,22.8,4.7,29.3,3.4,19.5,6.9,15.5,5.8,14,6.1,26.1,4,20.8,3.5,26.7,4.3,51.5,61.9,56.7,29.7,33.6,31.6,12.8,6.1,10.9,6.6,8.3,8.6,10.5,5.3,10.2,8,16.9,5.6,19.4,4.8,25.3,4,21.1,3.4,22.5,4.6
LUBELSKIE,2021,13.5,5.29,10.6,5.89,15.7,4.77,14.6,3.62,18,4.78,24.4,4.12,25.7,3.79,29.3,3.39,26.9,2.86,27.9,4.1,33.9,3.03,38.7,3.41,20.5,4.22,27,2.83,17,5.88,15.2,4.76,13.5,6.11,25.9,3.88,20.7,3.52,26.7,4.21,52.4,64,58.4,31.4,35.6,33.6,12.8,5.54,11.3,5.6,8.8,7.88,10.8,4.54,10.3,7.64,18.6,4.96,20.7,4.2,26.8,3.67,22.8,3.18,24.5,4.47
LUBELSKIE,2022,13.5,5.88,11.4,6.14,15.3,5.15,14.5,4.02,17.1,5.39,23.7,4.58,25.3,4.45,29.1,3.62,26.4,3.12,27.2,4.27,33.4,3.31,36.7,3.21,18.5,4.39,25.8,3.09,16.7,6.19,16,4.66,14.4,6.36,28.2,3.95,22.1,3.45,28.6,4.11,53.2,66.2,59.7,31.1,36.4,33.9,13.5,5.97,12.1,5.85,8.9,7.11,11.2,4.64,10.4,7.75,17.6,5.3,20.7,4.66,27.5,3.8,22.7,3.33,24.4,4.62
LUBELSKIE,2023,11.4,7.07,10,7.07,15.6,5.59,13.6,4.77,16.5,6.15,20.7,4.88,20.1,4.36,26.9,4.11,23.9,3.35,27,4.61,37.4,3,42.9,2.91,22.1,4.43,29.6,2.93,18.7,6.1,15.5,4.92,13,6.2,25.5,4.3,20.7,3.6,26.9,4.52,51.1,62.2,56.9,30.9,35.1,33,14.9,5.62,14.1,5.72,9.8,7,12.3,4.67,10.8,7.68,16,5.8,16.5,5.03,25.3,4.15,20.7,3.62,24.2,4.8
LUBELSKIE,2024,10.7,7,9.4,6.73,14.8,5.37,12.8,4.49,15.5,6.01,21.3,4.48,20.8,4.51,25.4,3.94,23.5,3.11,25.7,4.19,38.4,2.78,44.8,2.79,24.3,3.99,31.2,2.7,19.8,5.95,14.9,5.53,10.7,6.6,23.7,4.09,19.3,3.59,26.8,4.15,51.1,60.7,56,32,35.1,33.5,14.9,5.66,14.5,5.65,11.6,6.57,13.2,4.67,12.2,7.29,17.1,5.09,17,5.39,23.5,4.26,20.3,3.38,23,4.33
LUBELSKIE,2025,-,-,-,-,-,-,-,-,-,-,-,-,-,-,-,-,-,-,-,-,-,-,-,-,-,-,-,-,-,-,-,-,-,-,-,-,-,-,-,-,-,-,-,-,-,-,-,-,-,-,-,-,-,-,-,-,-,-,-,-,-,-,-,-,-,-
LUBUSKIE,2010,18.1,2.72,15.6,3.03,19,3.2,18.5,2.36,24.4,3.4,25.9,2.04,26.5,1.92,25.1,2.24,25.5,1.61,23.6,3.27,18.6,3.1,18.8,3.06,12.8,3.95,15.9,2.97,10,7.28,23.2,2.77,26.7,2.34,35.3,1.88,29.3,1.87,34.4,2.94,63.2,67.9,65.7,35.5,31.3,33.3,14.1,3.45,12.3,3.33,7.5,4.62,10.9,3.07,7.6,6.09,21.4,2.41,23.1,2.13,23.8,2.35,22.4,1.78,21.6,3.51
LUBUSKIE,2011,17.8,4.32,15.1,4.72,19,4.43,18.4,3.55,24.5,4.91,25.8,3.41,26.1,3.71,23.6,4.16,24.7,3.04,22.1,5.2,20,4.61,20.2,4.86,14,5.97,17,4.62,10.8,9.74,22.5,4.04,26.1,3.74,35.7,3.09,29,2.93,34.5,4.31,62.2,67.3,64.6,35.3,30.3,32.7,13.9,5.44,12.6,5.27,8,7.14,10.9,4.64,8,8.6,21.4,3.8,22.7,3.81,22.3,4.26,21.8,3.13,20.1,5.35
LUBUSKIE,2012,18,4.22,14.1,5.13,18.6,4.56,18.3,3.71,25.4,4.38,26.9,3.19,28.2,3.02,23.7,3.56,25.3,2.59,20.6,4.65,20,4.27,20.4,4.43,13.1,5.47,16.6,4.13,10.3,8.71,22,3.39,25.3,3.3,35.7,2.59,28.9,2.37,35.3,3.15,62,68,65.1,35.7,30.9,33.3,13.1,4.61,12.3,4.99,8.6,6.26,10.9,3.89,8.3,6.11,22.6,3.73,24.6,3.24,22.3,3.69,22.4,2.75,18.7,4.48
LUBUSKIE,2013,18,3.83,14,4.66,18.1,4.24,18.1,3.19,25.2,4.12,26.5,3.36,28.3,3.08,23.4,3.56,25.1,2.61,19.2,4.8,21.2,4.06,22.1,4.18,15.2,5.05,18.2,3.85,11.2,9.07,21.8,3.58,24.4,3.35,35.4,2.63,28.6,2.42,36,3.11,60.8,66.7,63.8,34.6,29.8,32.1,12.5,5.16,11.3,5.28,7.9,6.41,10.1,4.2,8.4,7.01,22.1,3.87,24.8,3.37,21.9,3.62,22,2.79,17.2,5.01
LUBUSKIE,2014,16,4.77,14.2,5.11,17.6,4.35,16.8,3.57,21.6,4.77,25.4,3.54,26.7,3.3,23.2,3.65,24.3,2.77,19.6,4.9,23.3,3.73,23.6,4.02,16.7,5.08,19.9,3.69,13.5,8.13,22.1,3.86,24.6,3.68,35.1,2.75,28.6,2.55,35.5,3.44,60.8,66,63.4,33.8,28.8,31.3,13.3,5.15,10.9,5.58,7.7,6.84,10.5,4.41,9.4,7.44,20.5,4.09,22.9,3.63,21.1,3.95,20.8,3.06,17.6,5.14
LUBUSKIE,2015,16.3,4.63,13.9,5.24,17,5.23,16.6,3.93,21.3,5.52,26.4,3.27,26.9,3.4,23.4,3.89,24.9,2.75,21.8,4.61,23,4.01,22.8,4.47,16.1,5.76,19.5,4.05,13.8,8.91,20.9,4.09,25.5,3.76,36.5,2.98,28.7,2.77,34.3,4.02,60.5,67.2,63.8,34.7,28.9,31.6,13.2,5.3,10.8,5.66,7.3,8.1,10.2,4.9,8.8,8.41,21.5,3.85,22.8,3.72,21.6,4.24,21.4,3.03,18.8,5.16
LUBUSKIE,2016,15.3,4.03,13.1,4.55,16.4,4.59,15.9,3.5,21.2,5.22,26.7,3.38,26.7,3.13,23.7,3.94,25.2,2.62,22.5,5.08,23.6,4.17,23.2,3.94,15.5,4.96,19.5,3.82,13.1,8.8,21.2,3.93,25.8,3.49,36.2,2.64,28.9,2.58,34.3,4.01,60.5,68.1,64.5,34.7,30.4,32.5,12.6,5.4,11.2,5.38,8.2,7.21,10.4,4.51,8.9,8.43,22.1,3.81,23.2,3.54,22.2,4.05,22.1,2.86,20.3,5.16
LUBUSKIE,2017,14.7,4.14,12.7,4.06,15.7,4.27,15.2,3.48,19.3,5.87,25.6,3.51,25.6,3.05,23.8,3.69,24.7,2.86,23.2,5.32,25,3.19,25.4,3.06,16.7,4.2,20.7,2.94,12.4,8,21.9,3.43,25.4,3.15,36.1,2.86,29,2.44,35.6,3.62,60,67.9,64.1,34.4,29.9,32.4,12.5,5.08,11,5.11,8,6.9,10.4,4.51,9.4,8.09,21.9,3.86,22.4,3.37,21.9,3.88,22,3.08,21.5,5.25
LUBUSKIE,2018,15.3,4.16,13.4,4.32,16.1,4.41,15.7,3.37,19.7,5.38,24.8,3.31,24.9,3.25,23.7,4.09,24.2,2.85,23.1,5.07,25.5,3.38,26.4,3.55,17.7,4.83,21.7,3.42,13.5,8.64,20.7,3.71,23.6,3.92,34.4,3.16,27.7,2.71,34.9,3.63,58.9,66,62.5,34.4,30.6,32.5,13.4,4.72,11.7,4.72,7.9,7.29,10.6,4.28,9.2,8.82,21,3.64,22.1,3.49,22.7,4.16,21.9,3.03,21.4,5.18
LUBUSKIE,2019,15.6,4.46,13.7,4.16,16.2,4.56,16,3.64,19.9,5.96,24.4,3.76,25.1,3.31,24.9,3.85,24.5,2.93,23.5,5.53,27,3.46,26.6,3.46,18.1,4.34,22.5,3.29,15,8.63,20.6,4.06,23.4,3.7,33,2.96,26.7,2.78,33.2,4.32,57.7,65.7,61.4,33.3,31.5,32.2,12.7,5.02,11.5,4.88,7.8,7.8,10.2,4.41,8.4,9.66,20.6,3.95,22.2,3.52,23.7,4.02,22,3.02,22.1,5.67
LUBUSKIE,2020,13.4,4.5,11.3,4.1,14.4,5,14.1,3.6,19.1,6.3,24.5,4,26.7,3.4,26,4.2,25.3,3,22.7,6,29.9,3.6,28.2,3.8,18.8,5.4,24.3,3.6,17.3,8.5,19.4,5,21.8,4.2,31.3,3.9,25.3,3.4,31.6,5.7,56.3,66.7,61.5,33.4,34.2,33.8,12.4,6.5,12,5.2,9.4,9.2,10.9,5.7,9.3,13.4,21,4.3,23.5,3.5,24.8,4.4,22.9,3.1,21.8,6
LUBUSKIE,2021,12.3,6.3,10.9,5.63,13.7,6.06,13,4.52,17,7.31,25.2,4.03,26.4,3.13,26.1,4.09,25.7,3.04,24.3,5.98,30.1,3.33,29.1,3.25,20.1,4.29,25.2,3.07,17.9,7.92,18.1,4.85,21.2,3.79,29.6,3.82,23.9,3.44,28.9,5.9,57.2,65.9,61.6,35.9,35,35.4,13.9,5.84,12.3,5.41,10.2,7.71,12,4.96,11.5,8.83,22,4.41,23.7,3.5,24.8,4.31,23.4,3.28,22.9,6.24
LUBUSKIE,2022,12.5,6.69,11.6,5.78,13.5,5.59,13,4.62,15.7,7.51,25,4.19,28,3.41,28.1,3.95,26.5,2.92,24,6.23,29.6,3.54,27.5,3.68,20.3,4.6,24.9,3.31,20.3,7.45,19.1,5.1,20.9,4.43,28.1,4.12,23.6,3.55,29,5.97,57.9,66.2,62,34.9,37.4,36.2,13.8,6.23,12.3,5.45,10,7.42,11.9,4.75,11.1,8.88,21.1,4.74,25.4,3.75,27.4,4.11,24.3,3.23,22.1,6.74
LUBUSKIE,2023,12.6,5.82,11.1,5.43,14.1,5.85,13.2,4.15,16.8,7.41,24.6,4.62,26.2,4.02,28.1,4.3,26.4,3.37,26.8,6.2,31.2,3.68,30.6,3.64,21.9,5.2,26.7,3.53,20,8,17.3,5.27,18.4,5.07,25.5,4.66,21.4,3.94,26.8,6.12,56.2,64.1,60.2,34.9,37.6,36.3,14.3,6.06,13.7,5.75,10.5,8.19,12.4,5.23,10,10.68,20.6,5.44,23.3,4.34,27.1,4.4,23.9,3.7,25,6.6
LUBUSKIE,2024,13.5,5.34,13.1,4.74,15.5,5.25,14.5,4.05,17.4,7.82,23.2,4.24,25.2,3.57,26.1,4.03,24.5,3.15,23.7,6.05,31.6,3.41,31.5,3.17,22.1,4.41,26.8,3.17,18.7,7.95,16.2,5.09,16.5,4.45,25.4,3.87,20.8,3.5,28.3,5.3,55.2,62.4,58.6,35.3,35.7,35.6,15.8,5.02,13.9,4.7,10.9,6.36,13.3,4.25,12.3,8.42,19.5,4.71,22.6,3.81,24.8,4.23,22.3,3.36,21.9,6.37
LUBUSKIE,2025,-,-,-,-,-,-,-,-,-,-,-,-,-,-,-,-,-,-,-,-,-,-,-,-,-,-,-,-,-,-,-,-,-,-,-,-,-,-,-,-,-,-,-,-,-,-,-,-,-,-,-,-,-,-,-,-,-,-,-,-,-,-,-,-,-,-
MAZOWIECKIE,2010,14.8,2.62,10.9,3.43,16.9,2.5,15.9,2.18,24.4,2.78,24.4,1.79,25.4,1.77,23.9,1.82,24.2,1.43,22.2,2.34,31.1,1.9,35.9,1.93,23.3,2.5,27.2,1.91,12.3,4.88,15.2,2.37,13.7,3.26,25.1,1.94,20.2,1.85,31.3,2,54.1,59.7,57,35,32.7,33.8,14.5,2.29,14.2,2.44,10.7,2.98,12.6,1.94,9.8,3.06,20.5,2.08,22,1.99,22,1.98,21.2,1.63,20,2.45
MAZOWIECKIE,2011,13.8,3.89,10.2,4.84,16.1,3.9,14.9,3.18,23.1,3.75,24.2,2.64,25,2.59,23.7,2.82,23.9,2.09,22.2,3.59,31.7,2.57,36.6,2.69,23.7,3.29,27.8,2.58,12.4,6.44,16.4,3.64,14.6,4.52,26.1,2.75,21.2,2.57,32.6,2.85,54.5,60.2,57.3,33.7,31.8,32.8,13.9,3.67,13.6,3.73,10.4,4.66,12.2,3.07,9.7,4.9,19.8,2.96,21.2,2.96,21.4,2.96,20.6,2.24,19.6,3.71
MAZOWIECKIE,2012,13.1,3.26,10.2,4.04,16.2,3.27,14.6,2.65,22.5,3.66,22.8,2.56,24,2.43,23.4,2.56,23.1,1.94,21.5,3.35,33.5,2.23,37.5,2.4,24.8,3.07,29.2,2.27,14.2,5.59,16.8,3.21,14.8,4,25.2,2.63,21,2.38,32.1,2.49,53.4,58.9,56.2,31.8,31.7,31.8,13.8,3.16,13.4,3.5,10.3,4.55,12.1,2.74,9.7,4.61,18,2.94,20.1,2.63,21.4,2.76,19.7,2.15,18.9,3.57
MAZOWIECKIE,2013,13.5,3.47,10.4,4.08,16,3.59,14.8,2.87,22.3,3.6,21.6,2.62,22.3,2.73,22.9,3.12,22.2,2.21,22.2,3.31,35.2,2.22,39.8,2.34,26.2,3.08,30.7,2.23,15,5.73,15.7,3.05,14.2,3.79,24.7,2.65,20.1,2.28,30.4,2.75,51.3,57.9,54.4,31.3,31.5,31.3,14,3.52,13.4,3.73,10.3,4.76,12.1,2.98,10,4.69,17.3,2.95,18.8,3.01,21.2,3.27,19.2,2.44,20,3.67
MAZOWIECKIE,2014,13,3.69,9.8,4.49,15,3.68,14,3.03,21.4,3.74,20.6,2.87,20.4,2.77,21.5,2.88,21,2.18,22.2,3.52,37.6,2.09,43.4,2.11,28.3,2.69,33,2.03,14.6,5.65,15.3,3.52,14,4.34,25.1,2.73,20.2,2.48,31.1,2.69,49.4,56.8,53.1,29.6,30.3,30,13.5,3.7,12.5,3.75,10.2,4.9,11.9,2.91,10.8,4.99,16.1,3.34,17,3.28,20.1,2.99,18.1,2.41,19.9,3.62
MAZOWIECKIE,2015,12.1,3.88,8.9,4.63,15,3.65,13.5,3.05,21.9,3.68,21,2.97,20.8,2.75,22,2.85,21.5,2.18,22.6,3.62,39,2.02,43.9,1.95,28,2.7,33.5,2,14.6,5.31,14.9,3.36,14.2,4.11,25.4,2.81,20.2,2.48,31.1,2.73,48.9,57,53,29.8,30.1,30,13,3.69,12.1,3.96,9.6,5,11.3,3.19,9.7,5.26,16.8,3.21,17.7,2.82,20.5,3.01,18.7,2.33,20.4,3.73
MAZOWIECKIE,2016,11.6,3.34,9.3,3.23,14.2,2.82,12.9,2.33,19.1,3.39,20.9,2.91,21,2.78,22.7,2.79,21.8,2.15,23.2,3.34,39.7,1.8,44,1.76,28.2,2.53,34,1.74,16.9,5.26,14.9,3.61,13.8,4.1,25.3,2.65,20,2.4,30.8,3.02,48.8,57.6,53.1,30.3,30.8,30.5,13,3.53,12,3.33,9.6,4.42,11.3,2.8,10.1,4.95,17.3,3.17,18.1,3.03,21.2,2.91,19.2,2.27,21.2,3.37
MAZOWIECKIE,2017,11.2,3.34,9.1,3.3,13.3,2.89,12.3,2.44,17.7,3.29,21,2.78,20.7,2.94,23.3,3.06,22.1,2.26,24.6,3.25,41.6,1.78,45.8,1.71,29.7,2.43,35.7,1.68,18.6,4.75,13.9,3.74,12.4,4.27,23.6,2.9,18.7,2.78,29.3,3.48,47.2,57,52,29.5,31.8,30.6,12.3,3.64,12,3.33,10.1,4.24,11.2,2.82,9.8,5.5,17.2,3.29,17.5,3.43,21.7,3.19,19.4,2.47,22.5,3.46
MAZOWIECKIE,2018,10.9,3.18,8.9,3.55,13.3,3.19,12.1,2.61,17.5,3.43,20.5,3.2,20.8,3.28,23.8,2.94,22.1,2.31,24.4,3.23,43.2,1.85,47.3,1.91,30.8,2.39,37.1,1.77,19.8,4.32,13.3,3.76,10.9,5.11,21.6,3.24,17.4,2.82,28.4,2.99,45.9,55.9,50.8,28.8,32.6,30.7,12.1,4.21,12.2,4.02,10.5,4.36,11.3,3.19,9.8,5.8,16.7,3.64,17.8,3.42,22.1,3,19.4,2.47,22.1,3.42
MAZOWIECKIE,2019,10.1,3.8,8.9,3.96,13.3,3.23,11.6,2.66,16.6,3.26,19.5,3.37,19.9,3.12,22.8,3.17,21.2,2.52,23.5,3.78,44.8,1.67,48.1,1.83,32.4,2.57,38.7,1.69,21.3,4.27,13.1,3.78,10.2,4.63,20.7,3.22,16.9,2.68,29,3.41,45,54.3,49.7,28,31.6,29.8,12.4,4.33,12.8,4.03,10.8,4.8,11.6,3.37,9.5,6.21,15.6,3.81,16.8,3.32,20.8,3.3,18.2,2.73,20.8,4.08
MAZOWIECKIE,2020,10.3,3.3,9.4,4.2,13.3,3.5,11.8,2.8,16.3,3.7,19.5,3.5,19.2,3.6,22.5,3.2,20.9,2.6,24.1,3.7,45.5,1.7,49.2,1.9,32.8,2.8,39.2,1.8,21.1,4.5,13.1,4.3,10.7,5.3,21.3,3.3,17.2,2.9,29.1,3.5,44.2,53.9,48.9,27,30.8,28.8,11.6,4.4,11.6,4.3,10.1,5.4,10.8,3.5,9.5,6.2,15.4,4,16,4.1,20.7,3.4,18,2.8,21.7,3.9
MAZOWIECKIE,2021,9.8,4.56,8.4,5.05,12.3,3.64,11,3.15,15.7,3.98,19.6,3.46,19.9,3.59,22.8,3.16,21.2,2.5,23.6,3.55,46,1.58,50.4,1.75,33.9,2.49,40,1.64,21.2,4.6,11.4,3.82,8.8,4.95,19.9,3.06,15.6,2.79,27.7,3.04,44.3,53.9,49,29,32.3,30.5,13.3,4.12,12.4,4.27,11.2,4.89,12.2,3.28,11.9,4.97,15.7,3.93,16.4,4.04,21.1,3.35,18.3,2.73,21.8,3.73
MAZOWIECKIE,2022,9.1,4.79,8.6,4.35,12.5,3.92,10.8,3.34,14.9,5.89,19.3,3.55,19.9,3.59,23.2,3.25,21.2,2.63,23.7,3.45,46.9,1.76,50.1,1.71,34.2,2.32,40.6,1.65,23.3,4.87,10.2,4.38,8.2,5.32,19.1,3.42,14.6,3.04,26.4,3.55,43.9,53.3,48.5,30.2,32.5,31.3,14.4,3.93,13.3,4.29,11,5.43,12.7,3.34,11.7,5.13,15.8,4.05,17,3.9,21.5,3.45,18.6,2.84,21.7,3.72
MAZOWIECKIE,2023,8.8,4.55,8.2,4.4,11.6,4.04,10.2,3.1,13.7,5.46,16.1,3.75,17.5,4,23.2,3.39,19.6,2.79,23.5,3.59,50.4,1.71,53.2,1.72,36.9,2.3,43.7,1.62,26.9,4.27,9.2,4.61,7.1,5.98,16.2,3.52,12.7,3.15,22.9,3.59,40.7,51.4,46,28.7,33.8,31.2,15.4,4.45,14,4.74,12,5.2,13.7,3.72,13.2,5.77,13.3,4.25,15.2,4.31,21.8,3.49,17.5,3.02,21.7,3.98
MAZOWIECKIE,2024,8.6,4.79,8.2,4.72,11.3,4.24,9.9,3.35,12.9,5.08,16.3,3.78,16,4.05,21.4,3.43,18.8,2.76,24,3.5,51.9,1.45,55.3,1.59,38.5,2.16,45.2,1.43,27.3,3.82,9.7,4.72,7.5,6.25,15.8,3.47,12.7,3.05,22.1,3.42,39.5,50.2,44.8,26.5,33.2,29.9,13.5,4.41,13,4.42,13,4.62,13.3,3.45,13.8,5.47,13,4.21,13.7,4.26,20.2,3.48,16.6,2.83,21.8,3.75
MAZOWIECKIE,2025,-,-,-,-,-,-,-,-,-,-,-,-,-,-,-,-,-,-,-,-,-,-,-,-,-,-,-,-,-,-,-,-,-,-,-,-,-,-,-,-,-,-,-,-,-,-,-,-,-,-,-,-,-,-,-,-,-,-,-,-,-,-,-,-,-,-
MAŁOPOLSKIE,2010,14.9,2.42,11,3.37,16.6,2.56,15.7,2.01,20.6,2.38,24.9,1.84,24.3,2.1,23.4,1.95,24.2,1.43,24,1.86,22.5,2.22,28,2.31,16.1,3.21,19.4,2.19,10.4,3.96,21.5,2.03,19.6,2.89,34.3,1.7,27.8,1.48,36.4,1.53,62.6,67,64.9,36.4,31.1,33.9,16.2,2.47,17,2.82,9.3,4.12,12.9,2.33,8.5,3.72,20.2,2.04,20.8,2.32,21.8,2.05,21,1.58,21.3,1.99
MAŁOPOLSKIE,2011,15.7,3.82,10.8,5.4,16.6,3.58,16.1,3.02,21.6,3.59,24,2.92,23.8,3.35,22.9,3.06,23.5,2.21,23.2,3.16,24.5,3.11,29.9,3.48,16.6,4.19,20.6,3.07,11.1,5.82,21.5,2.94,19.9,3.92,34.4,2.43,27.9,2.06,36,2.26,59.8,66.8,63.3,33.6,30.7,32.1,14.3,4.11,15.5,4.08,9.5,5.61,11.9,3.33,8.1,5.64,19.3,3.44,19.6,3.85,21.2,3.25,20.2,2.55,20.8,3.47
MAŁOPOLSKIE,2012,14.6,3.93,10.2,5.28,15.6,3.57,15.1,3.11,19.9,3.45,24.3,2.47,23.1,3.06,23.6,2.83,24,2,24.9,2.6,26.6,2.75,32.4,3.01,18.2,3.73,22.4,2.74,12.7,5.08,21.1,2.74,19.4,3.64,33.6,2.17,27.3,1.94,35.1,2.07,58.8,66.1,62.4,32.6,31,31.8,13.4,4.09,14.8,4.38,8.9,5.02,11.1,3.71,7.5,5.16,19.2,2.93,19.2,3.43,22.1,2.9,20.7,2.21,22.2,2.85
MAŁOPOLSKIE,2013,13.3,3.68,9.8,4.79,14.7,3.81,13.9,2.86,17.9,3.35,23.7,2.82,23.2,3.68,23.9,3.12,23.8,2.37,24.5,3.05,27.1,2.6,33.4,3.01,19.1,3.63,23.1,2.52,13.4,4.66,21.1,2.94,18.4,3.86,33.6,2.29,27.3,2.04,35.6,2.26,59.5,66.3,62.9,33.8,31.2,32.6,14.7,3.4,15.1,4.14,8.8,5.08,11.8,3.06,8.6,4.35,19.1,3.05,19.7,3.93,22.4,3.28,20.8,2.5,21.9,3.28
MAŁOPOLSKIE,2014,12.9,3.85,9.8,5.3,14.5,4.08,13.7,3.01,17.2,3.63,22.7,3.18,22.3,4.04,22.1,3.45,22.4,2.6,22.5,3.11,28.3,2.7,35.1,2.91,19.5,3.73,23.9,2.65,14,4.74,21.7,3.16,18.4,3.88,34.9,2.35,28.3,2.09,37,2.2,58.8,66,62.4,32.5,29.4,31,14.4,3.63,14.3,4.76,9,5.73,11.7,3.34,9.2,4.86,18.1,3.36,18.4,4.48,20.4,3.57,19.3,2.74,20,3.28
MAŁOPOLSKIE,2015,12.6,4.35,9.6,5.92,14.7,4.46,13.7,3.5,17.5,4.12,22.6,2.97,21.8,3.81,22.7,3.33,22.7,2.41,23.5,2.95,29.6,2.87,36.7,3.18,20,3.94,24.9,2.72,13.5,5.19,21,3.01,18.4,4.71,34.2,2.45,27.6,2.17,36.3,2.42,57.7,65.2,61.6,32.4,29.4,31,14.1,4.26,13.4,4.66,8.3,6.14,11.3,3.57,9.2,5.21,18.3,3.41,18.2,4.4,21.1,3.55,19.7,2.73,21.1,3.21
MAŁOPOLSKIE,2016,11.9,4.08,9.2,4.35,14.8,4.4,13.4,3.5,17.2,4.47,23.6,3.47,22.4,3.77,23.5,3.78,23.6,2.61,24.6,3.79,31.2,2.94,38.1,3.02,21.8,4.17,26.5,2.9,16,6.06,20.3,3.91,18.5,4.74,32.1,3.13,26.2,2.64,33.2,3.2,56.9,63.3,60.2,32.7,29.7,31.3,13,5.2,11.8,5.36,7.7,6.41,10.4,4.3,9.1,6.59,19.7,3.87,19.3,4.15,22,3.96,20.9,2.83,22.4,4.13
MAŁOPOLSKIE,2017,11.7,4.44,9.3,4.56,13.8,5.34,12.8,3.75,15.9,5.18,23.9,3.97,21.4,3.86,22.3,4.44,23.1,3,24.5,4.51,33.8,3.03,40.1,2.81,24.5,4.34,29.1,2.97,19.6,6.69,18.8,4.58,18,4.81,31.5,3.86,25.2,3.27,31.4,4.52,54.4,61.6,58.1,31.8,28.6,30.3,11.7,5.75,11.1,5.02,7.8,8.11,9.8,4.68,8.6,8.22,20.1,4.39,18.4,4.15,20.8,4.81,20.5,3.32,22.1,4.95
MAŁOPOLSKIE,2018,11,4.72,8.8,5.21,11.6,5.17,11.3,3.75,13.5,5.19,23.8,4.45,23,4.72,24.2,4.87,24,3.66,25,5.53,34.8,3.34,41.2,3.21,23.3,4.89,29,3.4,18.4,7.67,19.4,5.33,16.6,5.42,31.7,4.08,25.6,3.81,33.3,4.8,54.3,64.9,59.7,31.5,31.8,31.7,11.1,7.43,10.4,5.52,9,9.75,10.1,6.42,9.8,11.22,20.4,5.09,19.9,5.08,22.8,4.98,21.6,3.96,23.1,5.69
MAŁOPOLSKIE,2019,11.3,5.62,8.1,5.97,12.5,5.28,12,4.37,15.5,5.7,21.9,4.85,22.2,4.87,24.4,5.35,23.2,3.96,24,5.93,35.2,3.39,42.9,3.12,24.3,4.71,29.8,3.27,17.6,7.62,18.9,5.13,13.6,5.98,27.8,4.62,23.4,3.73,32.4,4.58,53.4,63,58.3,30.5,33.8,32.1,12.6,6.91,13.2,5.89,10.8,8.04,11.7,5.31,10.4,9.2,17.9,5.58,18.8,5.59,23,5.56,20.4,4.35,21.9,6.4
MAŁOPOLSKIE,2020,11.1,5.7,7.6,6.3,13,5.7,12,4.6,16,6,22.4,5.4,22.5,5.1,24.3,5,23.4,4,24.2,5.9,35.3,3.3,42.6,3.5,24.5,5.2,30,3.5,18.4,7.3,18.6,5.5,13.9,7.1,27.8,4.7,23.3,3.9,31.8,4.5,53.5,62.5,58.1,30.3,33.2,31.7,12.5,7.5,13.3,6.7,10.4,7.7,11.4,5.7,9.7,9,17.8,5.9,18.7,5.3,22.8,5.2,20.3,4.3,21.7,6.4
MAŁOPOLSKIE,2021,11.8,6.51,8.7,7.18,14.4,6.33,13.1,4.71,17.1,6.33,23.1,4.26,21.1,4.57,23.6,4.78,23.4,3.45,25.4,4.54,36.7,3,45.4,3.14,26.2,4.42,31.5,2.89,19,6.27,16.9,4.85,15.3,5.99,28.5,3.84,22.7,3.33,29.4,4.21,51.5,59.3,55.4,30.4,29.1,29.6,11.5,6.33,9.6,6.91,7.2,8.45,9.3,5.04,9,8.01,18.9,5.07,17.9,4.87,21.9,4.98,20.3,3.8,22.5,5.13
MAŁOPOLSKIE,2022,11.5,5.96,9.1,7.2,13.5,6.37,12.5,4.73,15.6,5.91,23.1,4.4,21.2,4.4,25,4.72,24.1,3.47,26.6,5.06,37.5,2.94,45.3,2.93,25.3,3.93,31.4,2.68,19.1,5.81,18.4,4.83,14.8,6.19,28.1,3.82,23.3,3.35,30.8,3.91,50.8,61.2,56.1,28.1,31.5,29.9,9.3,6.89,9.7,6.99,8.1,8.55,8.7,5.86,7.9,9.56,18.8,5.07,18.6,4.9,23.4,4.91,21.2,3.74,23.5,5.47
MAŁOPOLSKIE,2023,10.2,6.1,8.1,7.91,11.7,6.68,10.9,4.4,13.6,6.06,21,4.83,19.4,4.92,23.6,4.89,22.3,3.64,25,4.92,41.9,2.85,49,2.78,29,4.11,35.4,2.59,22.9,5.65,15.6,6.08,12.3,7.15,24.7,4.58,20.1,4.32,27.5,5.08,48,59.4,53.6,28.1,33.5,30.8,11.4,7.55,11.5,7.23,11.1,8.01,11.2,5.79,11,8.78,16.7,5.68,16.4,5.52,22.4,5.13,19.6,4.05,22.5,5.31
MAŁOPOLSKIE,2024,9.4,6.38,6.6,8.02,10,6.16,9.7,4.49,12.6,5.67,19.8,4.66,18.3,4.41,24.1,4.37,22,3.37,25.3,4.81,43.4,2.52,49.3,2.48,29.5,3.52,36.5,2.32,24.8,5.01,14.2,5.72,12.4,5.93,25.3,4.26,19.8,3.81,26.6,4.74,47,60.5,53.9,29.2,33.7,31.5,13,6.2,13.4,6.02,11.1,6.86,12.1,4.6,10.8,7.51,16.2,5.38,15.6,4.92,22.6,4.49,19.4,3.57,22.9,5.08
MAŁOPOLSKIE,2025,-,-,-,-,-,-,-,-,-,-,-,-,-,-,-,-,-,-,-,-,-,-,-,-,-,-,-,-,-,-,-,-,-,-,-,-,-,-,-,-,-,-,-,-,-,-,-,-,-,-,-,-,-,-,-,-,-,-,-,-,-,-,-,-,-,-
OPOLSKIE,2010,17.9,2.18,14.9,2.68,17.6,2.53,17.8,1.87,21.5,2.33,26.4,1.78,26.9,1.74,23.5,1.81,24.9,1.34,21.9,2.03,18.6,2.54,20.6,2.66,13,3.33,15.8,2.45,9.4,4.08,25.1,1.79,25.8,2.16,38.4,1.4,31.8,1.3,39.6,1.43,63.9,69.4,66.6,33.9,29.3,31.6,12.4,2.79,11.7,3.06,7.5,3.87,9.9,2.47,7.2,3.62,21.5,2.03,23.5,1.91,21.8,1.9,21.7,1.46,19.2,2.2
OPOLSKIE,2011,18,3.32,14.3,4.26,16.8,3.59,17.4,2.7,21,3.45,26.5,2.59,27.4,2.53,23.5,2.71,25,2.1,21.7,3.13,19.3,3.68,21.3,3.97,12.8,5.04,16.1,3.59,9.4,6.23,24.8,3.11,25.3,3.53,39.6,2.2,32.1,2.2,39.9,2.18,63.1,70.1,66.7,33.7,28.8,31.5,11.8,4.25,11.3,4.52,7,6.05,9.6,3.72,7.2,6.25,21.9,2.84,23.8,2.77,21.8,2.85,21.9,2.22,19.6,3.31
OPOLSKIE,2012,16.8,3.31,13.9,4.35,16.3,3.39,16.6,2.63,19.9,3.27,25.7,2.66,26.9,2.56,23.1,2.5,24.4,1.97,21.6,3.02,21.4,3.3,23.1,3.6,13.9,4.64,17.7,3.29,11.7,5.97,24.7,2.91,25,3.29,39.1,2.15,31.6,2.1,39,2.29,62.2,69.7,65.7,32.9,28.9,30.9,11.8,4.19,11.4,4.39,7.5,5.58,9.7,3.42,7.8,5.66,21.1,3.25,23.1,2.72,21.4,2.66,21.2,2.16,19.5,3.28
OPOLSKIE,2013,16.7,3.05,14.2,4.14,16.4,3.52,16.6,2.57,19.1,2.98,24.8,2.43,26.2,2.79,23.9,2.82,24.4,1.97,22.4,2.76,22.4,3.16,23.5,3.56,14.3,4.08,18.5,2.96,12.9,5.02,24.8,2.51,25.2,2.93,38.2,1.91,31.4,1.77,38.2,2.07,60.5,69.6,65,31,29.6,30.3,10.9,4.4,10.6,4.28,7.5,5.57,9.2,3.44,7.7,5.88,20.1,2.87,22.5,3.03,22.1,2.95,21.1,2.13,19.5,2.95
OPOLSKIE,2014,16.5,3.32,13.6,4.53,15.2,3.8,15.9,2.83,18.4,3.39,23.8,2.58,23.7,2.9,22.8,3.18,23.3,2.1,22.7,3.12,24.8,2.73,26.3,3.23,16.2,4.02,20.7,2.69,14.1,4.59,23.8,2.81,25,3.21,37.9,2.11,30.9,1.89,37.2,2.3,58.5,68.6,63.6,30,28.9,29.5,10.9,4.36,11.1,4.68,7.9,5.29,9.4,3.53,7.6,5.66,19.1,3.05,19.9,3.23,21,3.28,20.1,2.29,20.2,3.39
OPOLSKIE,2015,15.9,3.5,13.3,4.16,15.1,3.86,15.5,2.89,18,3.81,24.4,2.88,24.5,2.98,22.7,3.24,23.7,2.28,22.6,3.16,25.7,2.91,28.4,3.43,17.7,3.79,21.9,2.74,14.5,4.86,22.9,2.68,23,3.25,36.5,2.16,29.5,1.92,37.1,2.44,58.4,66.9,62.7,30.8,29.1,29.9,11.1,4.41,10.9,4.77,7.7,6.03,9.5,3.98,7.8,5.81,19.7,3.38,20.5,3.24,21.4,3.39,20.4,2.5,20.1,3.41
OPOLSKIE,2016,14.6,3.06,11.9,3.91,14.5,3.67,14.5,2.58,17.1,3.44,24.5,2.97,25.3,3.1,23.4,3.34,24,2.28,22.6,3.5,26.2,2.86,28.8,3.1,17.2,3.88,21.7,2.73,14.4,5.41,23.2,3.12,22.1,3.53,36.3,2.27,29.8,2.1,38,2.53,59,68.3,63.7,31.2,30.4,30.7,11.3,4.72,11.9,4.6,8.6,5.88,9.9,3.87,8.2,6.3,19.9,3.54,21.5,3.4,21.8,3.45,20.8,2.49,20.2,3.79
OPOLSKIE,2017,14.2,3.83,11.7,4.72,13.5,4.16,14,3.22,16.2,4.21,24.1,3.36,24.1,3.83,22.9,3.67,23.6,2.71,23.2,3.86,27.8,2.91,29.3,3.33,17.8,4.5,22.8,2.86,15.8,5.59,23.4,3.68,23.1,4.24,37.4,2.82,30.4,2.61,38.4,3.13,57.7,68.4,63.1,29.5,29.6,29.5,10.2,5.32,11.7,5.22,8.1,6.73,9.1,4.53,6.3,8.98,19.3,3.9,19.9,4.12,21.5,3.97,20.4,2.98,20.8,4.27
OPOLSKIE,2018,13.9,3.9,11.1,5.18,12.5,4.03,13,3.05,15.4,3.87,24,3.67,24.9,3.65,24.9,3.69,24.4,2.71,24.3,3.71,28.6,3.38,28.9,4.02,17.3,4.77,22.9,3.27,16.2,5.59,22.3,3.81,23,4.5,37,2.75,29.6,2.47,37.1,2.91,57.4,70.2,63.9,30.3,31.5,30.9,11.1,5.74,12.1,5.65,8.3,7.34,9.9,4.89,7.4,9.07,19.2,4.14,20.7,4.04,23.2,4.01,21,2.92,21.3,4.05
OPOLSKIE,2019,12.1,4.19,10.4,4.38,11.9,4.33,11.8,3.07,13.5,4.43,26.8,3.56,25.6,3.56,24.8,3.64,25.8,2.58,26.2,3.6,28.2,3.38,29.3,3.52,18.2,4.75,23.2,3.15,16,6.28,21.5,4.26,24,4.16,36.8,3.03,29.2,2.94,35.1,3.79,59.7,69.9,64.8,33.5,32.1,32.8,11.4,6.51,10.7,6.4,8.3,7.9,9.8,5.34,8.9,8.96,22.1,3.98,22.4,3.79,23.8,3.77,23,2.77,23.8,3.9
OPOLSKIE,2020,11.5,5.3,10.5,5.5,12.7,5.4,12.2,4,14.2,5.2,25.3,4.6,24.4,5.2,24.7,5,25,3.6,25.3,4.7,29.1,4.4,31.4,4.5,19.7,5.4,24.3,3.9,16.4,7.2,22.3,4.8,21.9,6,35,3.9,28.7,3.5,36.3,4.1,59.4,67.7,63.6,32.7,31.3,32,11.8,6.9,11.7,6.7,8,8.4,9.9,5.6,8.2,9.5,20.9,5.3,21.6,5.6,23.3,5.1,22.1,3.9,22.8,5
OPOLSKIE,2021,11,6.49,10.4,6.53,13.2,5.73,12.1,4.21,13.9,6.19,25.7,4.65,25.1,4.61,24.1,4.64,24.9,3.38,24.6,5.1,29.5,3.69,31.6,3.89,19,4.83,24.4,3.34,16.1,6.47,21.6,4.77,21.2,5.98,34.9,3.4,28.3,3.12,36.1,3.61,59.6,67.5,63.6,33.2,31.2,32.2,12.3,7.32,11.7,7.45,8.5,9.11,10.4,5.93,8.9,9.3,20.9,5.31,21.2,5.25,22.7,4.7,21.8,3.64,22.5,5.36
OPOLSKIE,2022,11.5,6.9,11.6,7.06,13.8,5.56,12.7,4.56,13.8,6.11,25.8,4.68,24.6,5.23,26.6,4.64,26.2,3.39,27.9,4.58,30.3,3.81,32.9,4.01,19,5.16,24.6,3.36,15.6,6.71,20.9,4.97,20.3,6.39,32.8,3.41,27,3.21,34.4,3.65,57.8,67.3,62.7,32.7,33.1,32.7,11.1,7.14,10.3,8.55,7.9,9.85,9.5,6.14,8.3,8.42,21.6,5.58,21.9,5.56,25.2,4.76,23.2,3.77,25,5.02
OPOLSKIE,2023,11.3,6.96,11.3,8.28,13.3,6.46,12.5,5.04,13.4,6.87,25.8,4.92,23,5.1,25.9,5.22,25.9,3.47,28.5,4.49,32.2,3.92,35.4,4.4,21.3,5.76,26.6,3.66,17.7,6.71,17,6.14,17.9,7.24,30.4,4.66,23.8,4.07,30,4.93,56.6,65.4,61.1,34.6,33.9,34.3,13.8,6.76,12.4,7.99,9.1,9.71,11.4,5.55,10.5,8,20.8,5.77,20.3,5.7,24.8,5.43,22.9,3.83,25.6,4.72
OPOLSKIE,2024,12.9,6.93,11,7.58,12.1,7.36,12.5,5.18,14.1,7.32,22.9,4.8,22,5.58,24.8,5.6,23.9,3.77,26,5.19,35.1,3.37,36.8,3.9,22,5.63,28.6,3.46,19.7,7.39,16.5,6.5,17.9,6.58,31.2,4.14,24.1,3.91,30.9,4.89,51.6,65.6,58.9,31.2,33.7,32.5,12.2,7.86,12.4,6.97,9.6,8.75,10.9,6.15,9.3,10.92,19,5.86,19.6,5.83,24.1,5.74,21.6,4.11,23.8,5.68
OPOLSKIE,2025,-,-,-,-,-,-,-,-,-,-,-,-,-,-,-,-,-,-,-,-,-,-,-,-,-,-,-,-,-,-,-,-,-,-,-,-,-,-,-,-,-,-,-,-,-,-,-,-,-,-,-,-,-,-,-,-,-,-,-,-,-,-,-,-,-,-
PODKARPACKIE,2010,17.9,2.23,13.4,3.73,19.7,2.15,18.8,1.84,22.7,2.07,26.1,1.83,26.9,2.19,24.4,1.97,25.2,1.43,24,2,21.2,2.2,26.5,2.47,14.3,2.88,17.8,2.18,11.4,3.72,21.8,2.28,20,2.99,34.6,1.74,28.2,1.63,34.1,1.74,60.6,66.2,63.3,33.9,30,31.9,12.7,2.95,13,3.88,7.2,4.81,9.9,2.65,7.7,3.85,21.2,1.99,22.8,2.27,22.8,2.11,22,1.51,21.5,2.04
PODKARPACKIE,2011,18.5,3.71,14.5,5.59,20.2,3.47,19.3,2.88,22.8,3.22,25.9,2.92,26.2,3.09,23.7,3.13,24.8,2.27,23.7,3.14,20.8,3.61,25.2,4.24,14.3,4.86,17.5,3.55,11.7,5.05,22.1,3.43,21.9,4.21,34.9,2.45,28.6,2.28,33.7,2.58,60.8,65.5,63.2,33.9,28.9,31.4,12.8,4.52,12.2,5.05,6.9,5.81,9.8,3.68,8,5.09,21.1,3.37,21.9,3.52,22,3.37,21.6,2.44,21.3,3.24
PODKARPACKIE,2012,17.9,3.18,13,4.77,19.4,3.32,18.7,2.56,22.7,2.99,25,2.82,26.3,3.36,24.3,2.85,24.7,2.14,23.6,2.69,22.2,3.12,27,3.83,15.4,4.45,18.7,3.1,12.8,5.12,22.2,2.95,21.6,4,33.9,2.25,28.2,2.01,33,2.19,59.8,65.1,62.6,33.1,29.6,31.3,12.6,3.86,12,4.68,6.9,5.3,9.7,3.26,7.9,4.51,20.5,3.2,22.4,3.9,22.7,3.02,21.6,2.41,21,2.9
PODKARPACKIE,2013,16,3.67,12.2,5.74,18.2,3.75,17,3,20.5,3.29,25,2.51,26.6,3.26,24.9,3.03,24.9,2.16,23.7,2.83,23.8,3.09,28,3.93,16.3,4.42,20,3.12,14.1,4.65,22.1,2.85,20.9,4.14,33.3,2.31,27.9,1.96,33,2.29,60.3,65.6,63,33.5,30.7,32.1,13.2,4.18,12.3,4.97,7.4,5.89,10.2,3.4,8.6,4.79,20.3,3.04,22.6,3.61,23.3,3.09,21.9,2.38,21.2,3.06
PODKARPACKIE,2014,15.5,3.82,12.6,5.83,18.4,3.96,17,3.17,20.1,3.62,25.5,2.99,25.9,3.57,25.1,3.19,25.3,2.37,24.9,3.14,25.2,3.26,28.9,4.05,16.3,4.51,20.6,3.26,14.9,4.92,22.2,2.9,21.2,4.06,33.2,2.4,27.8,2.1,32.4,2.31,59.5,65.3,62.4,32.8,30.5,31.5,11.8,4.83,11.7,5.72,7,6.7,9.3,3.88,7.7,5.59,21,3.48,21.7,4,23.5,3.32,22.2,2.63,22.6,3.4
PODKARPACKIE,2015,15.5,3.82,11.8,6.06,17,3.99,16.3,3.07,19.4,3.34,25.9,2.97,25.9,3.8,24.6,3.38,25.2,2.38,24.8,3.06,26.2,3.31,30.7,3.84,17.9,4.35,22,3.28,16,4.92,21.4,3.48,21.1,4.55,34.1,2.66,27.8,2.36,32.5,2.66,58.2,65.1,61.7,32.2,29.5,30.9,10.9,4.85,10.4,6.31,6.4,7.49,8.7,4.3,7.4,5.41,21.3,3.32,22,4.43,23.1,3.54,22.2,2.59,22.4,3.22
PODKARPACKIE,2016,12.9,3.17,10.3,4.49,15,3.27,14,2.58,16.6,3.01,26.6,2.55,25.2,3.74,25.4,3.16,26,2.21,26.6,2.68,29.1,2.69,34.7,3.21,18.4,3.71,23.7,2.6,16.2,4.45,20.4,3.32,18.1,4.91,33.6,2.46,27.1,2.24,33,2.52,58,66.6,62.3,32.9,31.7,32.2,11,5.06,11.8,6.04,7.6,6.45,9.2,4.3,7.6,5.88,21.9,3.02,21.3,4.15,24.1,3.25,23,2.46,24.2,3.01
PODKARPACKIE,2017,12.2,3.41,9.3,3.98,14.3,3.28,13.2,2.62,15.8,3.29,27.1,2.74,25,3.43,27,3.01,27.1,2.12,28.5,2.65,29.7,2.57,36,3.25,19.1,3.94,24.3,2.64,16.5,4.37,19.1,3.7,17.1,5.61,32.1,2.45,25.7,2.33,31.5,2.48,58.2,66.6,62.5,34.8,33.3,34,12,4.79,12.6,5.32,7.5,6.48,9.7,3.99,7.8,6.15,22.8,3.03,22.1,3.8,25.8,3.1,24.3,2.36,25.9,2.89
PODKARPACKIE,2018,12.5,3.58,9.6,4.03,14.2,3.4,13.3,2.71,15.7,3.6,26.6,2.79,25.8,3.59,26.8,3.04,26.8,2.18,27.4,2.83,29.5,2.56,35.7,3.36,19.8,4.07,24.5,2.57,17.3,4.17,18.3,3.73,17,5.09,31.7,2.79,25.1,2.49,30.4,2.81,58,66,62.2,34.7,33.4,34.1,13.1,4.61,12.1,5.14,7.5,6.39,10.3,4,9.2,5.65,21.6,3.19,21.9,3.9,25.9,3.11,23.8,2.35,24.9,2.98
PODKARPACKIE,2019,12.2,4.53,9.5,4.47,14.3,4.57,13.3,3.76,15.9,4.97,24.8,3.45,25,3.96,26.2,3.69,25.5,2.76,25.9,3.74,31.1,2.82,36.7,2.9,20.2,4.1,25.7,2.63,18.1,5.01,18,4.5,16.7,5.62,31.5,3.28,24.8,3.02,30.6,3.7,56.7,65.2,60.9,33.9,32.5,33.1,13.9,5.32,12.3,5.12,7.5,7.33,10.6,4.59,9.6,7.14,20,3.87,20.6,4.27,25,3.9,22.5,3.03,23.7,3.99
PODKARPACKIE,2020,11.9,4.6,8.9,4.3,14.8,5.4,13.4,4.1,16.6,5.3,22.6,4.2,24,4.1,26.6,4.1,24.6,3,25.1,4.2,31.7,3.1,38.8,2.9,20.6,4.7,26.2,2.9,17.4,5.9,19.3,4.5,16.7,5.9,30.4,3.8,24.9,3.2,30.6,3.8,56.3,64.5,60.3,32.8,33,32.8,14.4,6.5,11.6,6,7.5,8.3,10.8,5.4,10.3,8,18.4,4.9,20,4.7,25.5,4.2,22,3.3,23.4,4.4
PODKARPACKIE,2021,11.7,6.45,9.6,6.59,15.3,5.23,13.5,4.06,16.1,5.16,25.1,3.98,23.8,3.88,25.2,4.2,25.1,3.16,26.1,4.52,31.3,3.32,38.4,3.23,21.2,4.52,26.2,3.22,17.9,6,17.6,5.12,16.5,6.03,30.4,3.65,24.1,3.35,29.4,3.97,57,63.6,60.2,34,31.5,32.7,14.3,5.36,11.7,6.45,8,7.81,11,4.59,10.7,6.61,19.7,4.65,19.8,4.37,23.5,4.42,21.7,3.32,23,4.58
PODKARPACKIE,2022,11.9,6.73,8.8,7.02,13.3,5.73,12.6,4.63,15.2,6.03,25.8,3.68,25.3,4.29,28.4,4.21,27.2,3.08,28.4,4.31,31.3,3.19,37.6,3.43,21.3,4.45,26.2,3.03,18.2,5.89,17.2,4.6,15.5,6.18,28.1,4.01,22.7,3.24,27.8,4,57,65.3,61.2,34.5,35.5,35.1,14,5.89,12.7,6.95,8.8,7.18,11.3,4.68,10.4,7.51,20.5,4.53,21.3,4.55,26.7,4.45,23.8,3.43,25.5,4.67
PODKARPACKIE,2023,10.7,8.25,8.4,7.81,11.3,6.68,11.1,5.48,12.9,7.19,23.8,4.99,22.2,4.66,28.7,4.65,26.3,3.69,29,4.75,34,3.19,40.4,3.41,23,4.35,28.4,3.01,20.3,5.8,16.7,5.49,15,6.53,27.6,4.79,22.2,3.9,27,5.04,55.4,65.6,60.6,35,36.5,35.8,14.9,6.43,14,6.86,9.3,8.8,12.1,5.54,10.9,8.59,20.1,5.74,19.2,5.16,27.2,4.85,23.7,4.03,26.7,5.2
PODKARPACKIE,2024,10.5,6.17,9.1,7.77,12.5,5.78,11.5,4.52,13.2,5.52,23.2,4.88,22.9,4.66,28.4,4.03,25.9,3.14,27.8,4.32,33.8,3.15,39.4,3.23,22.9,4.28,28.3,2.87,20.9,5.33,17.3,5.51,13.7,6.72,26.8,4.14,22.2,3.73,27.7,4.39,55.5,64.4,60.2,34.8,36.2,35.5,15,6.49,14.7,6.19,9.2,7.99,12.1,5.23,10.3,8.18,19.8,5.46,20.5,5.16,27,4.11,23.4,3.24,25.4,4.42
PODKARPACKIE,2025,-,-,-,-,-,-,-,-,-,-,-,-,-,-,-,-,-,-,-,-,-,-,-,-,-,-,-,-,-,-,-,-,-,-,-,-,-,-,-,-,-,-,-,-,-,-,-,-,-,-,-,-,-,-,-,-,-,-,-,-,-,-,-,-,-,-
PODLASKIE,2010,19.6,2.27,15.7,2.38,24.3,1.86,22,1.71,33.5,2.58,25.8,1.97,27.5,1.74,25.7,1.81,25.9,1.44,22.8,2.51,23.8,2.37,24.5,2.31,14.9,2.95,19.2,2.26,9.6,6.36,15.8,2.76,18.8,2.44,27.2,1.92,21.6,1.79,26.7,2.32,56.3,61.1,58.9,35.9,31.7,33.7,14.7,2.7,13.5,2.67,8.2,3.9,11.4,2.48,7.5,4.99,21.2,2.22,23.1,1.98,23.5,1.95,22.3,1.55,21,2.58
PODLASKIE,2011,18.8,3.97,15.3,4.24,22.6,3.85,20.7,3.34,30.5,4.9,26.4,3.04,27.2,2.5,24.7,3.33,25.5,2.34,22.4,5.37,25.8,3.33,25.2,3.39,15.8,4.44,20.7,3.22,12.5,8.39,15.9,4.04,19.6,3.42,28.5,2.89,22.3,2.74,27.2,4.29,55.4,61.6,58.5,34,31,32.3,13.1,4.25,12.7,3.94,8.4,6.04,10.7,3.59,7,7.61,20.9,3.48,22.4,3.04,22.6,3.47,21.6,2.63,20.2,5.39
PODLASKIE,2012,17.9,3.53,14.3,3.89,21.6,3.65,19.7,2.92,29.4,4.01,25.8,2.8,27.2,2.44,24.5,2.83,25.2,2.14,21.5,3.92,26.9,3.08,26.4,3.1,16.4,3.98,21.6,2.93,13.2,7.44,16.5,3.76,20,3.46,29.1,2.74,22.9,2.59,27.9,3.78,55.2,62,58.8,33.2,30.5,31.9,12.9,3.85,12.1,4.1,8.4,6.3,10.7,3.5,7.9,6.73,20.3,3.19,22.3,2.86,22.1,2.99,21.2,2.41,19.2,4.17
PODLASKIE,2013,16.9,3.5,13.6,4.19,21.5,3.46,19.3,2.8,29.1,3.67,25.8,2.76,27.6,2.74,26.1,2.85,26,2.07,22.6,3.24,28.3,2.97,28.5,3.09,17.1,3.88,22.8,2.88,12.8,7.47,15.3,3.92,18.1,3.6,26.9,2.71,21.2,2.45,26.4,3.52,54.4,61.2,58.1,33.9,32.1,33.2,13.3,4.09,11.9,4.24,8.2,6.22,10.9,3.59,9.1,6.48,20.6,3.22,23.5,3.06,23.9,3.03,22.3,2.33,20,3.48
PODLASKIE,2014,15.9,4.28,13.1,4.39,20.7,3.47,18.3,3.19,27.3,4.05,24.9,2.9,26.2,2.72,25.3,2.9,25.1,2.29,23.2,3.92,30.4,2.96,30.5,3.21,18.5,4.21,24.3,2.91,14,6.86,15.1,3.77,17.8,3.66,26.6,2.78,20.9,2.39,26.2,3.25,53.7,61,57.3,33.2,32.2,32.6,13.7,4.19,12.4,4.11,9.1,5.67,11.3,3.54,9.6,6.11,19.5,3.38,22.1,3.08,23.1,3.03,21.3,2.48,19.9,4.16
PODLASKIE,2015,16.1,4.39,12.1,4.75,19.7,4.03,17.9,3.4,27.4,4.05,24.9,2.98,25.6,2.58,24.5,3.15,24.7,2.15,22.8,3.92,29.8,3.05,30.6,3.12,18.9,4.34,24.4,3.08,14.2,6.77,15.6,3.93,18.7,3.97,27.9,3.04,21.8,2.64,27,3.33,53.9,61.4,57.8,32.5,31.3,32.1,13.4,4.38,12.8,4.42,9,5.49,11.3,3.65,8.9,6.43,19.1,3.39,21.3,2.95,22.3,3.28,20.8,2.4,19.9,4.22
PODLASKIE,2016,14.4,3.23,11.4,3.79,18.1,3.52,16.3,2.79,24,4.19,25.3,2.93,26.5,2.58,26.2,3.02,25.8,2.24,24.7,4.27,31.4,2.74,31.6,2.86,19.7,4.01,25.5,2.83,15.9,7.26,15.6,4.47,18.8,3.96,28.1,3,21.9,2.81,26.5,4.1,54.2,62.1,58.2,32.5,31.6,32,13.3,4.38,11.7,4.27,7.8,6.45,10.5,3.56,8.8,6.9,19.2,3.51,21.3,2.98,23.8,3.28,21.5,2.58,22.3,4.66
PODLASKIE,2017,13.5,3.89,11.6,4.36,17.8,3.64,15.7,2.99,22.1,4.41,24.8,3.24,26,2.86,27.1,3.08,25.8,2.44,25.6,4.37,33,2.75,32.8,2.88,20.5,3.87,26.7,2.68,17.1,6.42,15.2,4.59,18,4.1,26.8,3.35,21,3.05,25.6,4.62,53.5,61.8,57.6,32.7,32.6,32.7,13.5,4.79,11.6,4.68,7.9,6.85,10.8,4.04,9.6,7.37,19.2,3.92,21,3.23,24.7,3.3,21.9,2.7,23.5,4.42
PODLASKIE,2018,13.8,3.72,11.7,4.6,17.5,4.06,15.6,3.21,21.9,4.19,23.3,3.64,24.5,3.15,26.7,3.48,25.2,2.55,26.3,4.22,34.8,2.56,35,2.84,22.3,3.77,28.3,2.62,18,5.98,14.7,4.65,17.7,4.19,25.9,3.32,20.4,3.02,24.5,4.51,51.8,60.1,56.2,32.2,32.3,32.2,13.8,4.79,11.4,4.17,7.5,6.45,10.6,3.89,9.4,7.6,18.4,4.24,20.3,3.39,24.8,3.61,21.6,2.65,24.1,4.29
PODLASKIE,2019,13.5,3.98,10.6,3.97,16.7,3.76,15,2.91,22.5,4.26,24.2,3.64,26.1,3.31,27.6,3.6,25.9,2.7,25.7,4.27,35.8,2.59,35.7,2.84,22.7,4.01,29.1,2.57,18.5,5.73,14.1,5.35,16.6,4.75,25.7,3.59,20,3.41,25.4,4.63,50.4,61,55.7,31,33.4,32.1,12.1,5.06,11.2,4.81,7.7,6.39,9.8,4.04,7.6,7.52,18.9,4.02,21.3,3.53,25.7,3.69,22.3,2.9,23.9,4.38
PODLASKIE,2020,13.6,4.4,9.5,4.2,16.5,4.2,15,3.2,23.6,4.5,24.6,3.8,26.5,3.5,27.2,3.6,25.9,2.6,25.1,4.4,34.8,3,35.7,3,21.4,4.1,28,2.7,16,6.2,14.7,4.8,17,4.6,26.9,3.5,20.9,3.1,27.3,3.9,51.8,62.1,57,31.8,33.8,32.6,12.5,5.6,11.5,5.6,8,7.8,10.2,4.6,8,8.1,19.3,4.1,22.2,3.7,25.8,3.7,22.4,2.8,22.9,4.5
PODLASKIE,2021,12.6,5.26,10.5,5.13,16.7,4.29,14.7,3.6,21.5,5.18,23.2,3.2,25.3,3.12,27.6,3.33,25.4,2.49,25.6,4.31,36.4,2.53,35.8,2.72,21.4,4,28.8,2.48,17.4,6.09,14.6,4.44,16.2,4.36,24.8,3.1,19.8,2.81,25.6,3.98,51,61.9,56.5,31.5,35.4,33.5,13.2,5.37,12.3,5.27,9.5,6.38,11.3,4.15,9.6,7.51,18.3,3.82,21.2,3.58,25.9,3.42,22.2,2.74,23.7,4.5
PODLASKIE,2022,12.2,5.47,10.3,5.55,15.2,4.53,13.9,3.81,19.6,5.33,23,4.01,25.2,3.47,29.3,3.3,26.2,2.71,27.4,4.26,37.5,2.63,37.6,2.83,23.4,3.87,30.4,2.56,18.9,5.65,13.7,4.79,13.8,4.91,22.5,3.66,18.2,2.96,25.2,4,50.1,61.4,55.9,32,37.2,34.7,13.4,5.38,13.1,5.33,9.6,6.34,11.5,4.26,9.3,6.68,18.6,4.54,21.7,3.66,27.6,3.41,23.2,2.89,25.6,4.45
PODLASKIE,2023,13,5.54,11.5,5.48,16,4.96,14.5,4.14,19.3,6.36,21.2,3.98,22.9,4.06,28,3.55,24.7,2.95,27.4,4.01,38.9,2.96,39.6,3.33,24.3,4.03,31.5,2.87,18.9,6.64,12.7,5.38,12.4,5.87,21.7,3.95,17.3,3.47,24.8,4.54,48.1,59.7,54,31.9,36.6,34.2,14.2,5.32,13.6,5.45,10,6.86,12,4.45,9.6,7.65,17.7,4.41,19.8,4.62,26.6,3.77,22.2,3.22,25.9,4.21
PODLASKIE,2024,12.2,6.66,11.7,6.83,16.5,5.72,14.4,4.45,18.4,6.42,20,5,21,4.81,25.1,4.38,22.4,3.53,24.6,5.4,40.3,3.07,40.2,3.18,25.1,4.49,32.6,2.86,21,6.88,13.4,6.15,13.9,6.28,23.1,4.3,18.3,3.71,25,5.11,47.7,58.6,53,31,34.1,32.5,14.3,6.78,12.9,6.2,10.4,7,12.3,5.01,11.4,9.41,16.7,5.71,18,5.24,23.7,4.54,20.2,3.83,23.5,5.58
PODLASKIE,2025,-,-,-,-,-,-,-,-,-,-,-,-,-,-,-,-,-,-,-,-,-,-,-,-,-,-,-,-,-,-,-,-,-,-,-,-,-,-,-,-,-,-,-,-,-,-,-,-,-,-,-,-,-,-,-,-,-,-,-,-,-,-,-,-,-,-
POLSKA,2010,17.6,0.57,13.7,0.73,18.4,0.54,18,0.56,25,0.69,25.1,0.56,26,0.54,24,0.59,24.6,0.41,22.3,0.63,22.8,0.62,25,0.69,16,0.88,19.4,0.52,10.4,1.36,20.6,0.69,22.3,0.64,33,0.43,26.8,0.37,34.1,0.51,59.6,65.5,62.6,34.4,30.8,32.6,13.9,0.72,13.1,0.76,8.5,1.18,11.2,0,8.2,1.22,20.5,0.49,22.2,0.45,22.3,0.45,21.4,0.47,20,0.71
POLSKA,2011,17.1,0.85,13.3,1.09,18,0.8,17.5,0.82,24.2,0.94,24.8,0.81,25.8,0.68,23.8,0.73,24.3,0.58,22.1,1.1,23.9,0.82,25.9,0.92,16.6,1.18,20.3,0.83,11.4,1.69,20.6,0.84,22.3,1,33.2,0.68,26.9,0.65,34,0.72,59,65.4,62.2,33.9,30.4,32.2,13.6,1.05,12.7,1.13,8.4,1.68,11,0.91,8.3,1.68,20.3,0.85,22,0.79,22,0.79,21.2,0.67,19.9,1.12
POLSKA,2012,16.1,0.88,12.8,1.1,17.3,0.82,16.7,0.6,22.9,0.87,24.5,0.71,25.4,0.79,23.9,0.72,24.2,0.58,22.4,0.89,25.4,0.79,27.1,0.83,17.5,1.14,21.5,0.81,12.7,1.57,20.6,0.84,22.2,0.9,32.7,0.68,26.7,0.65,33.6,0.73,58.5,65.1,61.8,33.3,30.6,31.9,13.4,1.06,12.6,1.12,8.5,1.18,10.9,0.92,8.4,1.68,19.9,0.87,21.6,0.8,22.1,0.78,21,0.67,20.1,1
POLSKA,2013,15.4,0.92,12.3,0.81,16.8,0.84,16.1,0.62,21.9,0.91,24.2,0.72,25.1,0.8,24.2,0.83,24.2,0.58,22.8,0.98,26.7,0.65,28.5,0.78,18.5,0.94,22.6,0.63,13.6,1.64,20.3,0.85,21.6,0.93,32,0.7,26.1,0.66,33.1,0.68,57.9,64.7,61.2,33.2,31.1,32.1,13.4,1.06,12.5,1.13,8.5,1.66,10.9,0.92,8.6,1.64,19.8,0.87,21.6,0.8,22.6,0.88,21.2,0.67,20.5,1.09
POLSKA,2014,14.9,0.95,11.9,1.19,16.2,0.87,15.5,0.65,20.9,0.96,23.8,0.84,24.5,0.82,23.8,0.84,23.8,0.59,22.8,0.98,28.1,0.71,30.1,0.81,19.5,1.03,23.8,0.73,14.2,1.57,20,0.87,21.2,0.94,32,0.7,26,0.54,33.2,0.8,57,64.4,60.7,32.4,30.8,31.6,13.2,1.07,12.2,1.16,8.6,1.64,10.9,0.92,8.8,1.61,19.2,0.9,20.9,0.83,22.2,0.9,20.7,0.68,20.5,1.09
POLSKA,2015,14.6,0.97,11.7,1.21,15.9,0.89,15.2,0.93,20.5,0.98,24,0.83,24.6,0.81,24.2,0.83,24.1,0.59,23.3,1.05,29.1,0.69,31,0.79,19.8,1.01,24.4,0.71,14.6,1.53,19.5,0.89,20.8,0.96,31.6,0.71,25.6,0.68,32.7,0.81,56.3,64.3,60.4,32.3,31.1,31.7,12.8,1.1,11.9,1.19,8.5,1.66,10.7,0.93,8.8,1.61,19.5,0.89,21,0.95,22.6,0.88,21,0.67,21.1,1.06
POLSKA,2016,14,1.01,11.2,1.26,15.2,1.14,14.6,0.68,19.6,1.14,24.3,0.82,24.9,0.8,24.7,0.99,24.5,0.71,23.9,1.11,30.1,0.74,31.8,0.83,20.3,1.1,25.2,0.69,15.6,1.7,19.2,1.04,20.6,0.97,31.4,0.78,25.3,0.68,32.2,0.93,55.9,64.5,60.2,32.3,31.5,31.9,12.4,1.4,11.5,1.23,8.4,1.68,10.4,0.96,8.7,1.99,19.9,1.01,21.4,0.93,23.1,0.97,21.5,0.66,21.7,1.13
POLSKA,2017,13.3,1.06,10.8,1.31,14.5,1.19,13.9,1.02,18.4,1.33,24.3,0.92,24.4,0.82,24.5,1,24.4,0.71,24.4,1.3,31.4,0.78,33.3,0.79,21.2,1.16,26.3,0.76,16.3,1.94,18.8,1.19,19.9,1.01,31.2,0.91,25,0.8,32.3,1.12,55.3,64.4,59.9,32,31.6,31.9,12.2,1.42,11.7,1.48,8.7,1.63,10.5,1.35,8.7,2.3,19.8,1.13,20.9,0.96,22.9,1.07,21.4,0.81,22,1.36
POLSKA,2018,12.8,1.35,10.7,1.32,14.1,1.23,13.5,1.05,17.4,1.41,23.8,1.03,24.2,0.92,24.8,1.07,24.3,0.82,24.6,1.35,32.6,0.87,34.6,0.82,21.9,1.12,27.2,0.82,16.8,1.97,18.5,1.21,19.1,1.28,30.4,0.98,24.5,0.91,32.2,1.2,54.5,63.9,59.3,31.8,32,32,12.2,1.42,11.5,1.23,8.7,1.99,10.5,1.35,9,2.48,19.6,1.14,20.8,0.96,23.3,1.14,21.5,0.81,22.4,1.41
POLSKA,2019,12.4,1.13,10.5,1.32,14,1.23,13.2,1.06,17.2,1.44,23.2,1.05,23.7,1.02,24.8,1.06,24,0.83,24.4,1.28,33.8,0.85,35.7,0.8,23.3,1.16,28.5,0.87,17.9,2.08,18.1,1.23,18.2,1.2,29,0.97,23.6,0.84,31.5,1.21,53.8,62.7,58.3,31.4,32.2,31.8,12.5,1.61,11.9,1.51,8.9,1.99,10.7,1.33,9,2.63,18.9,1.28,20.4,1.19,23.3,1.13,21.1,0.93,22.2,1.41
POLSKA,2020,12.2,1.4,10.1,1.4,13.6,1.5,12.9,1.1,17,1.6,23.1,1.3,24.2,1.2,25.5,1.2,24.3,0.9,24.5,1.4,34.7,0.9,36.4,1,23.8,1.3,29.2,0.9,18.5,2,17.7,1.5,17.7,1.5,28.3,1.1,23,1,30.8,1.3,53.2,62.7,57.9,31.2,32.9,32,12.4,1.8,11.6,1.8,8.9,2.3,10.6,1.4,9.2,2.6,18.8,1.5,20.8,1.3,24,1.2,21.4,0.9,22.4,1.5
POLSKA,2021,12,1.44,10.2,1.39,13.8,1.45,12.9,1.1,16.8,1.57,23.5,1.13,24.3,1.16,25.8,1.16,24.6,0.81,25.2,1.25,34.9,0.91,36.7,0.98,23.8,1.26,29.3,0.97,18.5,1.95,16.8,1.46,16.9,1.45,27.3,1.04,22.1,1.01,29.7,1.3,53.1,62.5,57.8,31.9,33.5,32.7,12.8,1.56,11.9,1.68,9.4,1.84,11.1,1.27,9.9,2.26,19.1,1.28,20.7,1.28,24.1,1.17,21.6,0.93,23,1.37
POLSKA,2022,12,1.44,10.3,1.37,13.5,1.66,12.7,1.11,16.3,1.74,23,1.23,24.1,1.1,26.2,1.15,24.6,0.91,25.3,1.43,35.8,0.88,37.5,0.84,24.2,1.24,30,0.82,19.1,2.09,16.7,1.58,16.3,1.5,26.7,1.18,21.7,1.03,29.5,1.31,52.2,62.4,57.3,31.2,34.1,32.6,12.5,1.79,11.9,1.68,9.5,2.11,11,1.29,9.8,2.5,18.7,1.41,20.7,1.18,24.6,1.22,21.6,0.93,23,1.51
POLSKA,2023,11.2,1.55,9.8,1.44,12.8,1.56,12,1.18,15.1,1.62,20.8,1.36,21.6,1.31,25.2,1.25,23,0.97,25,1.44,39.2,0.85,40.9,0.88,27.2,1.16,33.2,0.74,22,1.76,15,1.49,14.8,1.51,24.6,1.22,19.8,1.01,27,1.39,49.6,60.1,54.9,30.7,34,32.4,13.8,1.77,12.9,1.55,10.3,1.94,12.1,1.43,10.9,2.25,16.9,1.57,18.6,1.42,23.7,1.27,20.3,0.99,22.7,1.59
POLSKA,2024,10.9,1.3,9.8,1.44,12.7,1.36,11.8,0.85,14.6,1.37,20.2,1.21,20.8,1.27,24.3,1.23,22.3,0.9,24.4,1.36,40.2,0.75,42.1,0.71,28.3,1,34.2,0.72,23,1.51,14.5,1.54,14.1,1.42,23.9,1.11,19.2,1.04,26.5,1.36,48.8,59.1,54,30.6,33.8,32.2,14.1,1.59,13.2,1.52,10.9,1.83,12.5,1.13,11.5,2.13,16.5,1.36,18,1.36,22.9,1.24,19.7,1.02,22.2,1.42
POLSKA,2025,-,-,-,-,-,-,-,-,-,-,-,-,-,-,-,-,-,-,-,-,-,-,-,-,-,-,-,-,-,-,-,-,-,-,-,-,-,-,-,-,-,-,-,-,-,-,-,-,-,-,-,-,-,-,-,-,-,-,-,-,-,-,-,-,-,-
POMORSKIE,2010,19.2,2.48,14.1,2.95,18.8,2.33,19,1.97,29,2.62,24.7,1.9,25.6,1.91,21.8,2.48,23.3,1.78,18.3,3.69,22.7,2.57,25.2,2.64,16.2,3.02,19.5,2.51,8,5.92,19.8,2.47,21.8,2.57,33.7,1.88,26.6,1.8,36.6,2.07,58,65.2,61.5,34,30,32,13.5,2.96,13.5,2.77,9.7,3.82,11.6,2.42,8,4.68,20.5,2.13,22.1,2.13,20.3,2.67,20.4,1.97,17,3.79
POMORSKIE,2011,18.6,4.02,13.5,4.73,18.6,4.43,18.6,3.59,28.7,4.81,23,3.25,24.4,3.02,20.9,3.98,22,2.79,17.4,5.68,24,4,26.1,4.01,17.3,4.9,20.7,3.83,10.2,8.55,19.9,3.81,22.2,3.58,33.9,2.81,26.8,2.78,36,3.33,57.2,64,60.6,33.6,28.4,31.1,14.3,4.1,13.9,3.99,9.2,6.09,11.8,3.66,7.7,8.52,19.3,3.64,21.3,3.25,19.2,4.11,19.3,2.93,15.5,6.15
POMORSKIE,2012,17.7,3.9,13,4.35,18.2,3.85,17.9,3.31,26.9,4.86,22.5,3.01,23.5,2.76,20.6,3.6,21.5,2.55,18,4.9,25.7,3.37,27.9,3.53,19.1,4.13,22.4,3.33,12.4,8.14,19.7,3.41,21.6,3.29,32.5,2.74,25.9,2.46,33.9,3.23,56.8,62.7,59.6,33.2,28.6,30.9,14.6,4.11,13.9,3.52,9.6,4.84,12.2,3.48,9,7.87,18.6,3.48,20.3,3.04,19,3.74,18.7,2.81,16,5.48
POMORSKIE,2013,17.8,3.95,12.8,4.42,17.9,3.95,17.8,3.37,26.9,4.92,22,3.1,23,2.78,21.1,3.21,21.6,2.27,19,4.59,26.5,3.18,29.4,3.06,19.7,3.83,23.2,3.03,11.8,7.88,19.8,3.07,21.7,3.48,32.1,2.57,25.9,2.22,33.4,2.84,55.6,62.4,59.1,32.1,29,30.7,13.8,4.19,13,3.85,9.2,5.16,11.6,3.55,8.9,7.78,18.3,3.54,19.9,3.06,19.8,3.31,19.1,2.56,17.6,4.78
POMORSKIE,2014,18.3,3.8,12.8,4.35,16.9,4.31,17.7,3.25,26.1,4.48,21.3,2.97,22.2,2.88,21.3,3.5,21.2,2.44,19.6,4.65,26.7,2.96,29.4,2.99,19,4.28,22.8,3.01,11.8,8.76,20.1,3.2,22.4,3.27,33.1,2.55,26.5,2.23,33.6,2.93,55.1,64.2,59.4,31.1,29.9,30.4,13.7,4.03,13.2,3.71,9.8,4.72,11.7,3.08,9,6.67,17.4,3.45,19.2,3.25,20.1,3.59,18.7,2.62,17.9,4.87
POMORSKIE,2015,16.6,4.22,11.5,4.64,15.1,4.57,15.8,3.69,23.5,5.18,21.7,3.26,23,3.14,21.9,3.64,21.8,2.71,19.7,4.51,28.7,2.95,31,3.21,19.9,4.52,24.3,3.08,12.4,8.38,19.2,3.29,20.9,3.52,32.2,2.76,25.7,2.33,34.2,2.75,54.6,65.2,59.9,31,31.4,31.2,13.7,4.47,13.7,4.06,11.1,5.02,12.4,3.52,10.2,6.79,17.3,3.9,19.4,3.61,20.3,3.78,18.8,2.96,17.7,4.66
POMORSKIE,2016,15.9,3.04,11.4,3.62,14.3,3.74,15.1,2.81,21.4,4.07,21.7,3.26,23,3.01,20.8,3.72,21.2,2.63,18.3,4.71,29.9,2.91,33.1,2.99,23,3.86,26.3,2.88,15,7.25,18.9,3.51,19.4,3.84,31.7,2.7,25.3,2.47,35.2,3.12,54.3,62.9,58.5,30.8,29.5,30.1,13.7,4.38,13.1,3.71,10.4,5.49,12,3.44,10.1,7.54,17.1,3.88,19.1,3.49,19.1,4.02,18.1,2.92,16.5,5
POMORSKIE,2017,14.5,3.69,11.2,4.13,14.1,3.95,14.4,3.11,19.7,4.54,20.3,3.59,21.5,3.37,20.1,3.67,20.2,2.74,18.1,5.15,32.9,2.69,35.5,2.76,24,3.75,28.5,2.67,17,6.98,17.6,3.94,18.8,4.02,31.4,2.83,24.5,2.68,33.9,3.58,52.4,61.7,57.1,30.7,28.8,29.7,14.5,4.28,12.9,4.28,10.2,5.74,12.4,3.78,11.5,7.58,16.2,4.19,18.3,3.86,18.6,3.95,17.3,3.09,15.7,5.59
POMORSKIE,2018,14.7,3.66,10.8,4.2,14.4,4.05,14.6,3.01,20.4,4.22,20.8,3.43,21.8,3.28,20.4,4.07,20.6,2.87,18.5,5.43,33.3,2.93,36.2,3.1,24,4.17,28.7,3.02,16.5,7.97,16.8,4.36,18.3,4.79,31.1,3.17,24,2.93,33.1,3.55,52,61.6,56.9,31.5,28.8,30.2,14.4,4.63,12.9,4.75,10.1,6.4,12.3,4.02,11.3,6.97,17.1,4.3,18.8,3.76,18.7,4.21,17.9,3.26,16.4,5.76
POMORSKIE,2019,12.3,4.53,10,4.38,13.3,4.44,12.8,3.35,17.5,5.39,22.1,3.76,21.6,3.72,21.9,4.32,22.1,3.07,23,5.14,34.5,2.98,38.2,2.96,25.8,4.35,30.1,3.1,16.6,9.54,17,4.59,17.5,5.15,28.6,3.87,22.8,3.41,31.8,4.49,53.2,60.8,57.1,32.3,30.7,31.5,14.1,5.43,12.8,4.74,10.3,6.34,12.2,4.33,11.2,8.37,18.2,4.51,18.4,4.22,20.4,4.58,19.3,3.48,21,5.81
POMORSKIE,2020,12,5.5,9.9,5.7,13.3,5.2,12.7,4.2,17.3,6.1,21.9,4.4,22.4,4.2,25.4,5,23.7,3.3,25.8,5.7,35.8,3.8,37.8,3.6,25.6,4.8,30.6,3.6,18.4,10.3,17.2,5.2,17.4,5.2,26,5,21.6,4.2,28.5,6.3,52.3,61.1,56.7,31.2,33.7,32.3,13.2,6.3,12.4,6.1,9.7,8.8,11.4,5.6,9.7,11.1,18,5.3,19,4.6,24,5.3,20.9,3.8,24.2,6.5
POMORSKIE,2021,12.1,7.36,10.2,6.51,14,7.32,13,5.65,17.6,9.68,21.4,5.25,22.4,4.51,23.9,4.75,22.6,3.59,23,6.4,35.5,3.6,37.3,3.27,25.4,4.64,30.4,3.28,19.2,9.88,18.3,5.57,17.4,5.63,26.1,4.87,22.2,4.15,30,6.48,52.6,60.6,56.5,30.4,33.4,31.8,12.9,6.89,12.5,5.71,10.6,7.25,11.7,5.36,10.4,10.3,17.5,6.37,19.7,4.97,22.8,4.96,20.1,4.04,20.7,7.28
POMORSKIE,2022,12.7,7.39,10.5,6.8,13.1,8.93,12.9,6.25,16.8,10.81,19.2,6.01,20.4,4.95,21.6,5.67,20.4,4.13,20.4,7.55,39.4,3.19,40.1,3.12,27,4.96,33.3,3.14,22.2,8.96,15.5,6.8,15.1,6.45,26,5.29,20.7,4.78,29.9,7.11,47.9,59.9,53.8,28.9,32.4,30.6,13.2,7.07,13.9,5.93,12.3,7.18,12.7,5.16,10.8,10.56,15.7,7.35,18,5.59,20.1,5.99,17.9,4.74,17.7,8.83
POMORSKIE,2023,12.2,7.42,9.7,6.92,12.2,7.29,12.2,5.5,16.1,9.1,18.1,6.3,17.9,4.84,19.6,6.57,18.8,4.48,20.3,8.08,43.2,3.07,45.1,3.24,30.7,4.85,36.9,3.09,23.9,8.59,12.9,7.81,12.7,7.04,24.2,5.91,18.6,5.35,27.7,7.55,44.7,57.1,50.9,28.1,31.4,29.7,13.7,7.52,14.4,5.97,13.3,7.63,13.5,5.69,12,11.81,14.4,7.35,15.4,5.36,18.1,6.7,16.2,4.83,17.5,8.55
POMORSKIE,2024,11.4,6.08,9.9,5.8,12.5,6.64,11.9,4.86,15.3,8.35,16.9,5.26,16.8,5.01,18.7,5.58,17.8,4.05,19.5,6.38,42.5,2.78,45.7,2.74,31.4,3.86,37,2.72,23.4,6.94,13.2,6.11,13,6.01,24.7,4.6,19,3.8,28.3,5.54,46.1,55.9,51.1,29.2,29.9,29.6,16,5.73,14.6,5.31,12.5,7.2,14.3,4.53,13.7,8.09,13.2,6.2,14.3,5.42,17.4,5.72,15.3,4.34,16.7,7.26
POMORSKIE,2025,-,-,-,-,-,-,-,-,-,-,-,-,-,-,-,-,-,-,-,-,-,-,-,-,-,-,-,-,-,-,-,-,-,-,-,-,-,-,-,-,-,-,-,-,-,-,-,-,-,-,-,-,-,-,-,-,-,-,-,-,-,-,-,-,-,-
WARMIŃSKO-MAZURSKIE,2010,23.9,2.1,16.5,2.5,25.2,2.41,24.6,1.87,37.1,2.23,23.7,1.78,25.3,1.72,19.8,2.46,21.8,1.65,16.3,3.19,20,2.77,22.7,2.68,13.9,3.71,17,2.82,8.2,6.61,20.2,2.37,23.8,2.22,33.7,1.79,27,1.66,31.8,2.19,56.1,60.8,58.5,32.6,25.8,29.2,12.2,3.31,11.7,3.2,7.3,3.87,9.7,2.73,6.6,5.1,20.4,2.03,22.3,1.95,18.5,2.58,19.5,1.86,15,3.2
WARMIŃSKO-MAZURSKIE,2011,23.5,3.55,17.2,4.08,25.7,3.33,24.7,2.91,36.4,3.72,23.3,3.38,25.3,3.16,21.5,3.82,22.4,2.91,17.7,5.48,21.4,4.09,22.6,4.4,12.4,6.14,16.9,4.36,7.9,9.25,19.5,3.72,23.4,3.53,32.6,2.77,26.2,2.53,30.4,3.13,55.1,61.9,58.6,32.2,27.6,29.8,12.3,4.85,11.6,4.68,7.8,6.78,10,4.08,7.6,8.2,19.9,3.66,22.1,3.31,19.8,3.91,19.8,3.03,16.3,5.82
WARMIŃSKO-MAZURSKIE,2012,22.3,3.31,17.2,3.63,25.6,3.26,24,2.89,34.9,3.74,23.6,2.95,25.6,2.87,22.4,3.16,23,2.37,18.8,4.17,21,4.07,21.1,4.5,11.6,5.91,16.3,4.21,8.6,8.88,19.7,3,22.9,3.24,31.1,2.47,25.5,2.19,29.4,3.04,56.4,62.8,59.8,33.1,30,31.7,13.1,4.71,13.2,4.39,9.3,5.32,11.3,3.65,8.3,6.92,20,3.16,22.4,2.96,20.7,3.33,20.4,2.45,17.2,4.5
WARMIŃSKO-MAZURSKIE,2013,21.2,3.09,16.5,3.93,25.3,3.07,23.3,2.54,33.8,3.36,23.7,3.1,24.7,2.96,21.2,3.34,22.4,2.49,18.9,4.43,22.2,3.67,23.5,3.81,13.6,4.93,17.9,3.71,9,8.99,19.7,3.29,22.3,2.91,30.5,2.48,25.2,2.24,29.8,3.25,56.3,61.3,58.8,32.8,29.6,31.1,12.9,4.42,13.1,4.42,9.6,5.26,11.2,3.68,8.2,6.73,19.9,3.41,21.5,3.12,20,3.41,19.9,2.61,17.6,4.61
WARMIŃSKO-MAZURSKIE,2014,21.1,3.35,16.8,4.28,24.3,3.13,22.7,2.72,32,3.46,23.1,3.04,24.1,2.9,21.1,3.25,22,2.36,18.9,4.11,23.1,3.57,25.2,4.04,15.2,5.04,19.1,3.74,9.6,8.68,19.8,3.18,21.7,3.57,30.8,2.59,25.4,2.39,31.1,3.08,55.8,60.8,58.3,32.1,28.7,30.3,12.9,4.49,12.2,4.95,8.9,5.79,10.9,4,8.5,6.68,19.2,3.51,20.8,3.23,19.8,3.46,19.4,2.56,17.5,4.38
WARMIŃSKO-MAZURSKIE,2015,20.4,3.75,16,4.38,23.8,3.33,22.1,2.97,31.6,3.65,24.2,3.01,25.7,2.87,21.5,3.48,22.8,2.48,18.3,4.47,23.8,3.41,25.2,3.76,15.5,4.7,19.7,3.42,11.1,8.4,19.2,3.13,21.3,3.42,30.6,2.65,25,2.26,30.5,2.92,55.7,60.6,58.3,32.3,28.3,30.5,12.3,5.01,11.8,4.98,8.5,6.23,10.5,4.08,8.5,7.24,20,3.41,22,3.16,19.8,3.59,20,2.69,17,4.81
WARMIŃSKO-MAZURSKIE,2016,20.7,4.33,15.5,3.9,23.2,3.7,21.9,3.4,31.1,5.11,22.9,3.61,25.3,3.22,21,3.91,22.1,2.8,17.6,5.77,24.4,3.43,25.9,3.12,15.8,5.15,20.1,3.59,12.2,10.87,18.9,3.92,21.7,3.69,32,3.02,25.5,2.91,30.8,4.5,54.6,60.8,58,31.7,27.5,29.7,12.8,5.43,11.7,5.59,7.8,7.69,10.4,4.85,8.5,8.93,18.9,3.94,21.9,3.42,19.7,4.25,19.3,3.07,15.8,6.33
WARMIŃSKO-MAZURSKIE,2017,19.1,4.56,15.1,4.11,22,4.05,20.6,3.57,28.2,5.58,23.3,4.31,25.7,3.81,21.8,4.18,22.5,3.14,18.3,5.78,25.1,3.99,25.3,3.47,15.4,5.84,20.3,3.91,13.3,10.87,20,4.53,22,3.68,32.3,3.53,26.2,3.22,32.1,5.03,55.9,62.5,59.1,31.4,28.8,30,12.6,6.14,12.2,5.67,8.4,8.16,10.4,5.27,8.1,11.78,18.8,4.67,22,3.84,20.4,4.41,19.6,3.23,16.2,6.29
WARMIŃSKO-MAZURSKIE,2018,18.7,4.2,15,4.29,21,4.07,19.8,3.31,26.1,5.07,23.7,3.69,24.9,3.02,22.1,4.17,23,2.88,20.6,5.81,24.4,4.04,25.7,3.89,16.1,5.56,20.4,3.82,13.2,9.37,21,4.44,22.7,4.14,32.4,3.12,26.8,2.96,32.2,4.42,56.8,62.8,60,32.4,29.3,30.9,12.1,6.29,11.7,5.59,8.3,7.99,10.2,5.05,8.2,10.69,20.3,4.35,21.7,3.18,21,4.4,20.7,3.13,19.3,6.29
WARMIŃSKO-MAZURSKIE,2019,19.4,4.9,14.4,4.55,20.5,4.45,20.1,3.77,28.2,5.64,24.2,4.26,25,3.96,22.8,4.52,23.5,3.32,21.3,5.95,24.9,4.38,27.6,4,17.4,6.08,21.1,4.27,11.9,12.46,19.6,5.08,21.7,5.68,31.2,4.04,25.6,3.66,30.9,4.9,55.6,61.9,58.9,31.9,30,30.9,11.8,6.73,11.3,5.99,7.9,9.44,9.8,5.53,7.7,10.77,20.1,4.61,21.9,4.14,22.1,4.49,21.1,3.45,19.9,6.21
WARMIŃSKO-MAZURSKIE,2020,19.3,5.8,13.5,5.3,20,5.7,19.6,4.8,28.3,7.4,22.8,5.1,24.9,5,24.7,5.7,23.8,4.5,22.2,7.6,26,4.6,28.4,4.9,15.9,7.5,20.9,4.7,10.3,12.4,19.1,5.4,20.9,6.4,30.6,4.9,24.9,4.3,30.6,5.1,54.9,63.9,59.5,31.4,32.4,31.9,13,7.4,12.3,6,8.6,9.1,10.8,6.1,8.9,12.7,18.4,5.4,21.5,5.4,23.8,5.8,21.1,4.7,20.6,7.9
WARMIŃSKO-MAZURSKIE,2021,19.8,5.29,13.6,6.24,20.5,4.9,20.3,4.27,29.5,5.81,21.5,4.37,23.7,4.58,24,5.11,22.8,3.74,21.5,6.29,28.1,3.68,29.6,4.15,15.7,6.2,21.8,3.87,11.3,9.19,18.2,5.68,19.6,6.38,29.7,4.27,24,3.85,30,4.98,52,63.6,57.9,30,32.5,31.3,12.3,7.51,13.4,6.88,9.9,7.55,11.1,5.7,8,10.28,17.7,5.18,20.6,5.02,22.6,5.02,20.2,3.9,19.6,6.3
WARMIŃSKO-MAZURSKIE,2022,17.7,6.06,12.4,7.52,19.9,5,18.8,4.33,28,5.82,21.6,5.07,24.1,5.23,24.4,5.38,23,4.17,21.5,6.29,30.9,3.65,31.6,3.84,17.6,5.6,24.3,3.42,14.1,8.85,16.5,6.52,20.2,6,28.8,4.48,22.9,4.43,26.6,6.51,51,62.3,56.9,30.6,32.3,31.5,12.9,7.35,11.8,7.75,9.1,9.16,11,6.1,9.9,10.65,17.7,5.76,20.8,5.89,23.2,5.5,20.5,4.52,20.1,6.7
WARMIŃSKO-MAZURSKIE,2023,16.3,6.49,12.2,7.47,18.8,6.1,17.5,4.81,24.9,6.3,20.7,5.63,22.2,4.98,22.8,5.69,21.7,4.27,21.1,7.42,32.8,3.8,34,4.13,20.7,6.27,26.7,4,16.3,10.07,15.8,6.93,17.8,6.32,26.4,5.12,21.1,4.64,25.4,6.74,50.9,61.1,55.9,31.7,33.3,32.4,14.4,7.18,13.7,7.44,11.9,8.04,13.1,5.61,12.3,9.55,17.3,6.04,19.5,5.43,21.4,5.92,19.3,4.4,19.1,7.12
WARMIŃSKO-MAZURSKIE,2024,16.3,5.91,12.7,6.25,17.5,6.03,16.9,4.7,22.6,6.94,20.9,5.13,22.8,4.66,23.3,5.09,22.1,3.68,21.2,6.57,32,3.76,33.6,3.68,21.2,5.08,26.5,3.58,16.9,9.47,16.3,6.62,18,6.06,26.7,4.78,21.5,4.34,26.4,6.17,51.7,61.3,56.5,31.5,33.4,32.5,14.5,6.51,12.9,6.3,11.3,7.92,12.9,5.26,12.9,8.23,17,6.03,19.7,5.25,22.1,5.28,19.6,4.08,19.2,6.89
WARMIŃSKO-MAZURSKIE,2025,-,-,-,-,-,-,-,-,-,-,-,-,-,-,-,-,-,-,-,-,-,-,-,-,-,-,-,-,-,-,-,-,-,-,-,-,-,-,-,-,-,-,-,-,-,-,-,-,-,-,-,-,-,-,-,-,-,-,-,-,-,-,-,-,-,-
WIELKOPOLSKIE,2010,18.9,2.24,12.4,2.67,16.7,2.54,17.8,1.86,24.3,2.4,24.2,1.8,25.7,1.83,22.6,2.03,23.4,1.42,20.6,2.33,20.5,2.34,24.5,2.2,14.7,2.8,17.6,2.13,9.4,4.93,23.8,1.93,25.2,1.98,39.5,1.36,31.6,1.34,39.4,1.63,60.6,68.7,64.6,32.5,27.4,30,12.6,2.63,12.2,2.84,6.6,4.55,9.6,2.55,6.4,4.42,19.9,2.14,21.7,2.07,20.8,2.15,20.4,1.63,18.8,2.49
WIELKOPOLSKIE,2011,17.2,3.3,11.8,4.88,15.6,3.75,16.3,2.88,22,3.32,24.8,2.75,26.1,3,23.6,2.87,24.2,2.17,21.7,3.37,21.9,3.37,24.7,3.54,15.8,4.12,18.9,3.24,11.7,6.29,23,3,24.7,3.4,37.8,2.35,30.4,2.22,37.4,2.62,60.9,68.6,64.8,33.4,28.9,31.2,13.1,4.04,12.7,4.35,7.2,5.48,10.2,3.53,7.2,5.81,20.3,3.04,22.1,3.24,21.7,3.03,21,2.36,19.7,3.57
WIELKOPOLSKIE,2012,16.1,3.34,12.2,4.34,15,3.46,15.5,2.81,19.4,3.38,25.2,2.6,25.1,2.61,23.6,2.54,24.4,1.97,23.5,2.92,23.1,2.94,25.6,3.17,16.4,3.81,19.8,2.86,13,5.38,22.7,2.64,24.5,3.03,37.6,1.92,30.1,1.82,36.7,2.25,60.7,68.6,64.7,34,29.4,31.8,12.8,3.64,12.6,3.97,7.4,5.23,10.2,3.1,7.3,5.57,21.2,2.75,21.6,2.79,22,2.61,21.6,2.02,21.7,2.95
WIELKOPOLSKIE,2013,15.2,3.42,11.4,4.11,14.8,3.64,15,2.83,19.2,3.91,25,2.62,25.3,2.79,24.2,2.92,24.6,2.11,23.8,3.06,24.5,2.71,26.9,2.93,17.1,3.65,20.8,2.63,13.7,5.57,23,2.57,24.6,2.8,36.8,2.13,29.8,1.83,36.2,2.33,60.3,68,64.1,33.7,29.7,31.7,12.3,3.9,11.9,4.2,7,6.06,9.7,3.42,7,5.71,21.4,2.97,21.8,3.16,22.7,3.02,22,2.27,22.1,3.26
WIELKOPOLSKIE,2014,14.6,3.85,10.6,5.04,14.3,3.89,14.5,3.08,18.9,3.85,25.3,2.7,26.4,2.91,24.7,2.89,25,2.15,23.5,3.24,26.1,3.07,27.9,3.21,17.8,4.09,22,3.05,15.2,5.77,21.8,3.04,23.4,3.23,36.3,2.1,29,1.95,35.4,2.4,59.1,67.9,63.5,33.5,30.2,32,12,4.25,11.7,4.44,6.9,6.32,9.5,3.65,6.9,6.39,21.5,3.12,23,3.17,23.3,2.96,22.5,2.28,21.8,3.43
WIELKOPOLSKIE,2015,13.8,4.16,10.2,4.85,14,4.43,13.9,3.37,18,4.44,25,2.99,26.3,3.26,24.7,3.11,24.8,2.39,23.3,3.38,27.6,2.9,28.5,3.34,18.2,4.33,22.9,2.93,16.4,5.72,21.7,3.18,24.1,3.44,36.6,2.49,29.1,2.25,35.1,2.83,58.5,67.9,63.1,33.1,30,31.6,11.8,4.56,10.9,5.27,6.6,7.27,9.2,4.35,7.2,7.35,21.3,3.35,22.9,3.55,23.4,3.2,22.4,2.49,21.7,3.46
WIELKOPOLSKIE,2016,14.2,3.98,10.2,4.16,14.3,4.25,14.2,3.38,18.9,4.67,24.3,3.43,26,3,25,3.46,24.7,2.5,23.2,4.27,27.6,3.16,29.3,3.19,17.6,4.38,22.6,3.07,15,6.67,23.7,3.75,25,3.67,36.1,2.65,29.9,2.43,35.6,3.53,58.3,68,63.2,31.5,30.8,31.1,10.3,5.55,9.6,5.51,6.9,8.07,8.6,4.93,7.3,8.96,21.2,3.92,23.1,3.38,23.9,3.57,22.5,2.78,21.9,4.59
WIELKOPOLSKIE,2017,13.4,4.51,9.6,4.03,12.8,3.98,13.1,3.24,17,4.89,24.7,3.73,25,3.12,24.7,3.64,24.6,2.65,24.2,4.66,26.9,3.22,30.2,3.33,18,4.58,22.4,3.09,13.5,7.7,24.7,3.93,24.4,3.93,37,2.99,30.8,2.75,38.1,3.95,59.8,69.4,64.4,31.7,31,31.3,10.4,5.77,10.7,5.2,7.7,7.33,9,4.71,7.1,9.13,21.3,4.23,22,3.66,23.3,3.82,22.3,2.97,22.6,4.85
WIELKOPOLSKIE,2018,13.3,4.81,10.5,4.76,12.6,5.06,13,4.1,15.7,5.87,24.7,4.03,24.6,3.61,24.2,4.11,24.5,3.08,24.3,4.8,28.1,3.75,31.3,3.71,18.9,5.07,23.6,3.61,14.7,7.79,23.1,4.5,23.4,4.95,38.1,3.15,30.6,3.12,38.7,3.99,58.5,68.6,63.6,31.7,29.3,30.5,10.7,6.41,10.1,5.94,6.3,8.55,8.5,5.13,6.6,9.7,21,4.26,21.6,3.73,23,4.24,22,3.08,22.4,4.77
WIELKOPOLSKIE,2019,12.8,4.98,10.6,5.42,12.8,4.84,12.8,3.83,15.3,5.39,25.1,4.01,24.4,3.83,24.5,3.82,24.8,2.86,25.2,4.67,30.1,3.77,31.8,3.76,20.4,5,25.3,3.72,17.8,7.89,21.6,4.47,22.5,4.6,34.8,3.33,28.2,3.03,34.9,3.98,57,66.7,61.9,32.1,30.9,31.6,10.3,6.86,10.8,6.44,7.4,7.99,8.9,5.51,6.7,10.04,21.8,4.38,22,4.2,23.5,3.96,22.7,3.06,23.5,4.83
WIELKOPOLSKIE,2020,12.2,4.5,9.5,4.9,12.4,5.1,12.3,3.5,15.4,4.9,25.4,4,25.8,4.2,25.7,4.4,25.6,3,25.3,4.5,30.4,3.9,32.1,3.8,21.1,5.2,25.7,3.8,18.4,8.1,20.2,5.1,21.2,5.3,32.9,4,26.6,3.6,32.8,4.7,57.5,66.4,62.1,33.8,32.6,33.2,11.9,6.5,11.4,6.6,7.8,8.3,9.9,5.5,8.1,9.7,21.9,4.4,23.3,4.5,24.8,4.4,23.3,3.3,23.4,4.9
WIELKOPOLSKIE,2021,11.4,7.01,8.4,7.62,10.4,6.59,10.9,5.19,13.6,7.5,24.6,4.45,26.9,4,27.8,4.41,26.2,3.39,25.4,5.46,30.4,3.97,30.9,3.87,18.4,5.6,24.4,3.8,17.2,8.37,20.4,5.35,21.5,5.38,34.6,4.12,27.5,3.81,34.2,5.13,58,71.4,64.7,34.1,35.3,34.7,13,6.75,12.3,7.09,9,9.16,11,5.82,9.7,9.88,21.1,4.95,23.7,4.42,26.3,4.64,23.7,3.65,23.9,5.7
WIELKOPOLSKIE,2022,12.1,6.66,9.2,8.06,11.4,6.38,11.7,5.13,14.4,7.12,23.4,4.97,25.2,4.33,26.4,5.03,24.9,3.83,24.6,5.95,30.8,4.02,32.5,4.53,19.5,5.86,25.2,4.01,17.2,8.18,21.5,4.86,20.2,5.64,33.8,4.24,27.7,3.71,35.6,4.75,57,69.1,63.1,32.1,34.5,33.3,12.1,6.91,12.8,7.99,8.9,9.2,10.5,5.95,8.1,8.82,20,5.48,22.4,4.4,25.6,5.06,22.8,3.9,23.2,5.96
WIELKOPOLSKIE,2023,11.3,7.35,8.5,8.07,10.7,7.48,11.1,5.14,13.8,7.03,20.5,5.41,21.4,4.38,25.7,4.92,23.1,3.57,25,5.69,35.5,3.78,38.1,3.62,23.4,5.27,29.4,3.57,19.7,7.91,20.1,6.09,20.2,5.92,32.3,4.59,26.2,4.2,32.8,5.33,53.1,66,59.5,30.2,32.7,31.4,12.5,8.04,11.7,7.5,8,9.44,10.2,6.04,8.7,9.66,17.7,6.21,19.4,4.81,24.7,5.12,21.2,3.83,23.2,6.05
WIELKOPOLSKIE,2024,10.3,5.83,9.1,6.52,12.8,5.36,11.6,4.35,14.1,6.14,21.6,4.22,21.4,4.43,24.7,4.65,23.1,3.24,25,4.77,35.5,3.05,38.4,3,24.7,4.28,30.1,2.86,21.1,6.36,19.5,4.68,19.6,5.18,30,4,24.8,3.45,30.3,4.44,54.1,62.5,58.3,32,31.5,31.7,13,5.86,11.3,6.26,7.8,7.58,10.4,4.61,9.4,7.74,19,4.74,19.2,4.8,23.7,4.83,21.3,3.5,23.7,4.99
WIELKOPOLSKIE,2025,-,-,-,-,-,-,-,-,-,-,-,-,-,-,-,-,-,-,-,-,-,-,-,-,-,-,-,-,-,-,-,-,-,-,-,-,-,-,-,-,-,-,-,-,-,-,-,-,-,-,-,-,-,-,-,-,-,-,-,-,-,-,-,-,-,-
ZACHODNIOPOMORSKIE,2010,21.8,2.47,16.8,2.85,21.7,2.99,21.7,2.26,32.2,3.12,24.1,2.04,25.4,1.94,21.9,2.67,22.9,1.8,17.9,3.91,21,2.66,22,2.65,14.5,3.52,17.7,2.59,8.7,8.43,20.5,2.53,24.5,2.31,33.7,1.78,27.1,1.74,32.5,2.38,57.5,63.9,60.6,31.8,28,29.9,12.9,2.92,11.4,2.77,8.3,4.12,10.6,2.5,9,5.08,18.9,2.35,21,2.08,19.7,2.72,19.3,1.93,15.8,4.12
ZACHODNIOPOMORSKIE,2011,21.3,4.02,16.1,4.51,20.8,4.27,21,3.56,31.8,5.11,23.7,3.55,25,2.8,21.8,3.67,22.7,2.73,17.5,6.89,21.5,4.42,22.1,4.16,15.1,5.43,18.3,4.21,9.7,11.63,19.9,4.16,24.6,3.72,33.9,3.12,26.8,2.86,31.8,4.39,57.4,64.2,60.7,33.1,28.3,30.6,13.8,4.8,12.2,4.53,8.5,6.19,11.2,3.96,8.8,8.7,19.3,3.88,21.1,3.09,19.8,3.99,19.4,2.97,15.6,7.19
ZACHODNIOPOMORSKIE,2012,19.7,3.9,14.7,4.05,18.9,3.85,19.3,3.24,29.6,4.28,23.5,3.27,24.1,2.69,21.8,3.73,22.7,2.62,19.5,5.89,22.7,3.51,23.7,3.68,16.7,4.71,19.7,3.43,11.3,9.24,20.3,3.8,24.7,3.02,33.8,2.63,26.9,2.35,31.4,4.08,57.7,64.4,61,32.8,28.8,30.8,13.9,4.35,12.9,3.75,8.8,5.79,11.4,3.51,8.2,8.18,18.9,3.87,20.3,3.04,20,4.05,19.4,2.86,17.6,6.22
ZACHODNIOPOMORSKIE,2013,19.4,4.49,14.3,4.48,18.6,3.97,19,3.39,27.9,4.65,23.8,3.07,24.3,2.88,22.3,3.86,22.9,2.57,20.6,5.21,23.4,3.54,25.3,3.65,18.2,4.53,20.8,3.37,11.8,9.09,20.4,3.64,23.8,3.5,31.9,2.85,26.1,2.48,30.3,4.2,57.6,63.4,60.3,32.8,30.1,31.4,13.4,4.45,12.3,4.26,9.2,5.95,11.3,3.86,9.4,8.44,19.4,3.59,20.7,3.33,20.9,4.03,20.1,2.9,18.8,5.61
ZACHODNIOPOMORSKIE,2014,19.7,4.18,14.9,5.02,19.6,4.3,19.5,3.46,28.5,4.56,23.2,3.44,24.3,3.16,21.9,3.78,22.5,2.74,19,5.44,24.4,3.76,25.9,3.88,18.1,4.72,21.3,3.58,12.8,9.82,19.7,4.11,22.2,3.88,30.6,3.16,25.1,2.94,30.3,4.59,56.2,62.2,59.1,31.7,30.2,30.9,13.3,4.63,12.6,4.52,9.7,6.12,11.5,3.86,9.5,8.29,18.4,3.92,20.5,3.68,20.5,3.96,19.4,3.14,17.5,5.83
ZACHODNIOPOMORSKIE,2015,18.7,4.57,13.4,5.53,18.6,4.66,18.8,3.82,29.2,4.72,22.8,3.89,24.8,3.41,22.6,4.13,22.6,2.96,18.4,6.21,25.6,3.94,26.6,3.85,17.7,4.73,21.6,3.72,11.8,10.46,19.8,4.12,22.4,3.54,32.1,3.32,25.7,2.89,32.5,4.66,55.9,63.9,59.6,32,30.1,31.1,13.3,5.42,12.9,4.84,9.2,7.53,11.3,4.68,8.2,10.55,18.7,4.27,21.1,3.76,20.9,4.33,19.8,3.17,17,6.54
ZACHODNIOPOMORSKIE,2016,18.3,4.05,12.8,4.28,18.1,4.42,18.2,3.39,29.2,4.88,21.9,3.48,24,3.28,22.7,4.09,22.3,2.94,18.9,5.92,27.1,3.53,28,3.32,18.3,4.38,22.7,3.18,11.9,10.41,19.9,4.09,22.5,3.33,31.1,3.05,25.5,2.72,31.7,4.19,54.6,63.5,59.1,30.2,30.8,30.6,12.8,4.59,12.8,4.42,9.7,6.36,11.3,3.96,8.3,9.79,17.4,4.18,20.5,3.57,21.1,4.19,19.3,3.19,16.9,6.29
ZACHODNIOPOMORSKIE,2017,16.4,4.34,12.1,3.96,17.9,4.3,17.1,3.36,27.2,5.29,22.7,3.58,24.2,3.17,23.1,4.04,22.9,2.86,20.2,6.06,28.5,3.19,28.8,3.14,18.5,4.55,23.5,3.11,12.6,10.32,19,4.47,21.4,3.63,30.4,3.13,24.7,2.98,31.2,4.85,55.3,63.8,59.4,31.1,31.8,31.3,13.6,5.02,13.4,4.29,10.3,6.28,11.8,4.03,8.7,10.34,17.5,4.31,20.3,3.45,21.5,4.19,19.5,3.08,17.7,6.55
ZACHODNIOPOMORSKIE,2018,15.4,5,12,4.25,16.6,5.39,16.1,4.28,24.2,7.28,22.4,4.29,24.1,3.45,23.4,4.23,22.9,3.07,20.8,6.71,30.6,3.54,30.2,3.21,19.8,4.9,25.2,3.3,15.1,10.36,18.1,4.91,20.4,3.92,29.7,3.47,23.9,3.14,30.8,5.61,53.8,63.6,58.8,31.2,32.2,31.9,13.3,6.02,13.3,4.81,10.5,7.13,12,4.37,9.1,10.08,17.9,4.9,20.5,3.72,21.7,4.54,19.9,3.39,18.5,7.27
ZACHODNIOPOMORSKIE,2019,16.4,5.25,12.4,4.6,16.4,5.97,16.4,4.81,24.7,8.33,21.9,4.39,23.7,3.71,23.5,4.6,22.7,3.28,20.6,6.98,30.7,3.48,31.4,3.51,21.1,4.75,25.9,3.41,14.1,10.98,17.6,4.89,19.1,4.58,27.6,3.98,22.6,3.59,30,5.99,52.9,62.8,57.8,31.5,33.5,32.5,13.4,6.11,13.3,4.83,11.7,7.61,12.5,5.23,10.6,12.46,18.1,5.01,20.5,3.91,21.8,4.79,20,3.52,18.8,7.38
ZACHODNIOPOMORSKIE,2020,15.4,5.9,11.8,5.5,15,6.1,15.1,4.8,22.1,7.7,23.2,4.5,25.7,4,25.2,5.1,24.2,3.6,20.9,7.7,31.1,4,31.1,3.8,20.8,5.8,25.9,4,15.3,12.2,16.9,5.4,17.9,4.9,27.3,4.7,22.1,3.7,31.3,5.9,53.5,64.2,58.8,32.4,35.8,34,13.4,7,13.5,6.4,11.7,8.2,12.5,5.9,10.3,13,19,5.4,22.6,4.5,24.1,5.2,21.5,4,19.5,8.1
ZACHODNIOPOMORSKIE,2021,14.4,5.97,12.7,6.05,15.2,6.74,14.8,5.06,19.4,7.77,22.8,4.72,24.6,4.13,24.6,4.72,23.7,3.56,21.9,7.65,31.2,3.71,30.8,3.54,21.2,4.99,26.2,3.53,16,10.08,17.2,5.33,18.5,4.86,27.1,4.21,22.2,3.69,30.6,5.8,54.2,63.6,59,33.1,35.2,34.2,14.2,7.03,13.4,6.11,11.9,7.63,13.1,5.29,12.3,10.2,18.9,5.45,21.8,4.59,23.3,4.87,21.1,3.79,20.1,7.6
ZACHODNIOPOMORSKIE,2022,14.1,6.62,12.6,6.4,15.2,6.38,14.7,4.99,19.2,7.35,20.8,5.65,24.1,4.41,24.2,5.18,22.5,4.1,18.9,8.52,33.3,3.81,33,3.47,24.2,4.85,28.7,3.57,19.2,10.17,17.9,5.73,18.2,5.21,25.8,4.62,21.8,4.03,29.7,6.04,52.8,60.7,56.7,30.6,33.2,31.9,14.1,6.88,12.1,6.4,10.7,8.31,12.4,5.35,13,9.9,16.5,6.69,20.9,4.86,22.5,5.41,19.5,4.41,16.4,8.74
ZACHODNIOPOMORSKIE,2023,13.3,7.59,11.6,7.06,14.3,6.3,13.8,5.23,18.5,8.54,20.3,5.83,22.2,5.04,23,5.42,21.6,4.17,20.4,8.1,37.2,3.59,37.4,3.44,26.7,5.19,31.9,3.41,19.8,10.96,14.7,6.86,15.7,5.66,24.2,5.5,19.5,4.47,28.1,6.84,49.5,59.1,54.3,30,33.1,31.5,14.5,7.17,13.2,7.19,11.9,8.61,13.2,5.87,13.1,10.82,15.5,7.24,18.7,5.61,21.2,5.6,18.3,4.67,17.6,9.04
ZACHODNIOPOMORSKIE,2024,13,7.09,10.8,6.93,13.2,6.95,13,5.23,17.6,8.52,17.7,5.39,21.4,4.77,22.8,5.4,20.3,3.94,18.2,6.9,40.7,3.17,38.8,3.15,27.5,4.19,34,2.81,23.9,7.76,13.8,6.68,14.7,6.31,23.6,5.14,18.7,4.28,27,6.13,46.2,59.2,52.7,28.3,34.2,31.4,14.7,7.33,14.1,5.89,12.8,7.63,13.7,5.17,12.9,10.58,13.6,6.85,18.3,5.47,21.4,5.56,17.7,4.44,16.4,7.57
ZACHODNIOPOMORSKIE,2025,-,-,-,-,-,-,-,-,-,-,-,-,-,-,-,-,-,-,-,-,-,-,-,-,-,-,-,-,-,-,-,-,-,-,-,-,-,-,-,-,-,-,-,-,-,-,-,-,-,-,-,-,-,-,-,-,-,-,-,-,-,-,-,-,-,-
ŁÓDZKIE,2010,17.9,2.23,15.7,2.61,20.7,2.16,19.3,1.72,26.6,2.19,24.4,1.64,25,1.83,23.9,2.05,24.1,1.44,22.4,2.32,22.9,2.1,22.6,2.38,14.5,3.08,18.7,2.14,10.7,3.74,19.5,2.35,22,2.13,31,1.52,25.2,1.48,31.9,1.99,59.3,64.8,62,34.8,32.1,33.5,15.4,2.51,14.7,2.45,9.9,3.35,12.7,2.08,8.5,4.65,19.4,2,21.2,2.06,22.2,2.2,20.8,1.59,20.1,2.43
ŁÓDZKIE,2011,17.2,3.44,14.5,3.98,19.7,3.23,18.5,2.68,25.7,3.55,24.5,3,25.6,2.78,24.6,2.95,24.6,2.26,22.6,3.69,23.2,2.98,23.4,3.13,15.2,4.36,19.2,2.92,11.5,6.34,19.7,3.3,21.5,3.05,30.6,2.46,25.1,2.23,31.8,3.17,59.7,65.1,62.4,35.4,32.5,33.9,15.5,3.86,14.9,3.58,9.9,4.9,12.7,3.27,8.6,6.85,19.9,3.19,21.6,2.85,22.6,3.08,21.2,2.36,20.5,3.84
ŁÓDZKIE,2012,16.8,3.47,14.3,3.83,18.5,3.13,17.7,2.65,23.8,3.65,24.5,2.65,25.8,2.66,24.9,2.77,24.7,2.18,22.7,3.58,24.9,2.72,24.6,2.92,16.3,4.02,20.7,2.69,13.4,5.88,19,3.11,20.9,2.96,30.3,2.24,24.6,2.11,31.3,2.58,58.3,65.1,61.7,34.9,32.7,33.9,14.8,3.58,14.4,3.47,9.9,4.68,12.4,3.02,8.7,5.86,20.1,2.94,21.9,2.89,22.8,2.9,21.5,2.38,20.6,3.71
ŁÓDZKIE,2013,15.8,3.37,13.9,3.62,18.1,3.25,16.9,2.71,22.6,3.88,24.6,2.73,25.4,2.55,24.5,2.83,24.5,2.15,23,3.59,25.8,2.69,24.7,2.92,16.1,3.62,21,2.56,14.2,5.85,19.2,3.13,21.4,2.96,30.9,2.26,25,2,31.7,2.64,58.6,65.6,62,34.8,33.1,33.9,14.8,3.4,14.7,3.19,10.2,4.9,12.5,2.88,8.5,5.64,20,3,21.7,2.65,22.9,2.93,21.4,2.19,20.7,3.85
ŁÓDZKIE,2014,14.6,3.36,12.8,4.06,17.3,3.63,15.9,2.81,21.5,3.97,23.9,2.68,24,2.8,23.8,2.85,23.8,2.14,23.7,3.34,27.2,2.49,27.3,2.81,18.1,3.58,22.6,2.49,14.3,5.59,19.4,3.26,20.9,3.21,30.3,2.36,24.7,2.17,31.8,2.78,58.3,64.7,61.3,34.3,32.7,33.5,15,3.65,15,3.59,10.6,4.77,12.8,3.13,8.8,6.22,19.3,3.07,20.5,2.97,22.1,2.93,20.7,2.21,21.1,3.51
ŁÓDZKIE,2015,14.2,3.75,12.8,4.28,16.6,4.09,15.4,3.05,19.5,4.26,24,3.06,23.5,3.05,24.5,3.03,24.3,2.33,25.6,3.41,28.5,2.69,29,3.03,19.1,3.81,23.8,2.66,15.5,5.32,18.2,3.54,20.2,3.47,29.7,2.47,24,2.36,29.9,3.3,57.2,64.3,60.9,34.6,32.9,33.8,15,4.16,14.5,4.08,10.1,5.24,12.6,3.46,9.5,6.32,19.6,3.46,20,3.39,22.8,3.19,21.2,2.5,23.1,3.62
ŁÓDZKIE,2016,14.4,3.67,12.3,3.9,15.4,3.79,14.9,3,19.1,4.71,25.2,3.25,24.2,3.51,24.5,3.8,24.8,2.7,25.9,4.12,29.3,2.72,29.4,3,18.9,4.14,24.2,2.65,15.7,6.15,17,3.67,19.9,3.62,30.7,2.82,23.8,2.56,30.3,3.48,56.3,65.8,60.9,34.5,33.7,34.1,14.1,5.05,14.2,4.98,10.6,6.02,12.3,4.22,9.1,7.77,20.4,3.86,20.9,3.95,23.1,3.9,21.8,2.99,23,4.66
ŁÓDZKIE,2017,14.9,4.52,12.7,4.92,15.5,4.74,15.2,3.7,19.3,5.33,25,3.78,25,3.27,24,3.86,24.5,2.89,23.8,5.31,30.3,3.43,30.1,3.42,19.4,4.95,24.9,3.24,16.6,7.71,16.2,4.54,18,4.54,29.7,3.58,22.9,3.21,30.8,4.89,54.8,64.9,59.8,34.1,33.7,33.9,13.6,6.2,14.3,5.2,11.2,6.56,12.4,4.91,9.2,9.91,20.5,4.55,21.8,3.78,22.5,4.15,21.5,3.22,21,6.01
ŁÓDZKIE,2018,12.3,5.51,11.7,5.73,14.7,4.84,13.5,4.06,16.3,5.21,23.5,4.04,25.3,3.77,26.3,3.74,24.9,2.84,24.3,4.78,31.7,3.27,31.1,3.7,19.7,5,25.8,3.31,17.2,7.03,18.5,4.47,18.2,5.27,28.7,3.77,23.6,3.34,32,4.28,55.7,65.7,60.7,33.1,35.5,34.3,13.7,5.28,13.5,5.45,10.7,7.3,12.2,4.56,10.1,8.1,19.4,4.81,22.3,4.18,24.8,3.91,22.1,3.23,21.8,5.25
ŁÓDZKIE,2019,12.1,5.38,12.1,6.45,14.8,5.61,13.4,4.32,15.5,5.7,23.8,4.31,25.4,4.67,28.3,4.35,26,3.37,26.9,4.76,31.4,3.81,31.8,3.83,20.3,5,25.8,3.51,16.2,7.44,18.3,4.76,17.2,5.42,27.5,4.05,22.9,3.48,32,4.22,56.5,65,60.7,33.9,35.8,34.8,14.4,5.73,13.2,6.3,9.2,8.16,11.8,4.76,9.4,7.99,19.5,4.92,22.2,5.31,26.6,4.57,23,3.78,24.4,5.4
ŁÓDZKIE,2020,12.3,5.5,12.1,6.7,14.9,6.1,13.6,4.6,15.9,6.1,25,5.3,27.4,5.6,30,4.9,27.5,4,27.6,4.8,32.8,4.1,32.6,4.9,20.9,6,26.8,4.1,17.5,7.3,15.2,6.1,14.8,7.1,26,4.8,20.5,4.1,29.8,4.5,54.8,64.3,59.5,35.1,36.5,35.9,14.6,6.9,13,7.8,8.3,10.9,11.5,6,9.1,8.7,20.5,6.4,23.8,6.7,28.2,5.2,24.4,4.5,25.3,5.1
ŁÓDZKIE,2021,13.2,7.2,12.8,7.29,17.5,5.99,15.3,5.02,19.3,6.95,24.6,4.89,25,4.63,27,4.73,25.8,3.51,27.1,5.51,32.8,3.66,32.5,4.09,20.2,5.55,26.6,3.53,17.6,7.01,14.4,6.56,15.6,5.91,24.8,4.49,19.5,4.1,25.5,5.45,54,62.2,58,35.2,35.4,35.2,15,6.45,14.2,6.68,10.4,8.36,12.7,5.24,10.5,8.19,20.2,5.77,21,5.28,25,5.12,22.5,3.86,24.9,5.63
ŁÓDZKIE,2022,13.3,7.59,12.1,7.78,16.2,6.3,14.7,5.23,18.4,7.27,25.8,4.65,24.2,4.94,25.5,5.04,25.7,3.61,28,5.3,33,3.53,33,3.94,20.4,5.23,26.7,3.41,17.2,7.71,16,6.16,16.9,6.32,26.4,4.88,21.2,4.05,27.6,5.37,53.7,63.6,58.7,33.3,35.2,34.2,11.9,7.41,13.8,6.83,11.7,8.13,11.8,5.75,8.7,10.34,21.4,5.37,20.1,5.56,23.5,5.52,22.4,3.99,25.9,5.83
ŁÓDZKIE,2023,11.5,7.01,11.3,6.68,14.7,5.77,13,4.83,15.9,8.06,22.7,5.29,22.5,5.26,26.1,4.79,24.4,3.67,27.3,5.54,36.7,3.61,35.2,4.01,22.4,5.26,29.5,3.51,20.8,8.24,15.1,6.03,15.9,6.61,24.9,4.94,20,4.39,26.4,5.86,51.8,63,57.4,32.8,36.8,34.7,14,6.88,15.2,6.59,12,8.25,13,5.49,9.8,10.36,18.8,5.9,19.7,5.6,24.8,5.12,21.7,3.99,24.8,6.03
ŁÓDZKIE,2024,12.2,6.51,10.9,6.8,13.5,5.54,12.8,4.42,15.7,6.95,21.4,4.99,23.4,4.46,28.3,4.33,24.9,3.41,27.2,5.34,38.1,3.18,36.2,3.52,22.6,4.93,30.4,3.1,21.2,6.82,12.9,6.71,14.5,6.65,23.3,4.42,18.1,4.21,23.7,5.57,49.7,63.8,56.8,32.2,38.6,35.4,15.4,5.84,14.9,6.22,12.2,7.69,13.8,4.97,12.2,8.56,16.8,5.68,19.9,4.79,26.4,4.61,21.6,3.79,24.4,5.85
ŁÓDZKIE,2025,-,-,-,-,-,-,-,-,-,-,-,-,-,-,-,-,-,-,-,-,-,-,-,-,-,-,-,-,-,-,-,-,-,-,-,-,-,-,-,-,-,-,-,-,-,-,-,-,-,-,-,-,-,-,-,-,-,-,-,-,-,-,-,-,-,-
ŚLĄSKIE,2010,14.9,2.32,13.5,2.34,13.4,2.59,14.2,1.99,16.4,3.71,26.4,1.65,26.9,1.35,26.9,1.66,26.7,1.24,26,2.6,22,1.87,21,1.96,16.2,2.41,19.1,1.81,12.4,4.42,23.4,1.87,27.6,1.7,36.1,1.39,29.6,1.35,36.5,1.84,63.2,70.4,66.8,35.4,32.8,34.2,13.4,2.36,11,2.23,7.4,3.58,10.5,2.13,8.6,4.19,22,1.82,23.8,1.51,25.4,1.76,23.7,1.4,23.5,2.82
ŚLĄSKIE,2011,14.4,3.47,13.1,3.38,13.6,3.61,14,2.88,17.1,5.39,27.1,2.38,27.3,2.11,26.4,2.62,26.8,1.98,25.1,5,22.9,2.81,22,2.95,17.4,3.33,20.1,2.65,13.8,6.65,22.5,2.84,27.5,2.39,35.9,2.16,29.2,2.01,35.2,3.23,62.6,69.1,65.9,36.1,31.9,34,13,3.72,10.2,3.5,6.8,5.33,9.9,3.09,8.9,7.29,23.1,2.57,24.5,2.29,25.1,2.72,24.1,2.05,22.9,5.02
ŚLĄSKIE,2012,13.2,3.21,12.2,2.96,13.2,3.21,13.2,2.51,16.8,4.6,26,2.18,27,1.85,27.1,2.27,26.5,1.69,24.7,3.79,24.1,2.56,22.1,2.83,17.3,3.39,20.7,2.51,15.4,6.29,23.6,2.42,28.4,2.16,35.9,1.97,29.8,1.81,34.4,3.14,62.7,69.6,66.2,35.1,32,33.5,13.1,3.33,10.2,3.25,6.6,4.79,9.9,2.86,8.9,6.15,22,2.36,23.9,2.01,25.4,2.34,23.6,1.84,22.9,4.02
ŚLĄSKIE,2013,12.9,3.38,12,3.12,12.4,3.52,12.7,2.75,14.9,5.19,25.7,2.33,27.5,1.82,28.4,2.05,27,1.57,25.4,3.67,25.9,2.41,23,2.57,17.5,2.97,21.7,2.26,17.2,5.45,23.1,2.52,27.7,2.14,35,1.85,29.1,1.75,33.8,3.27,61.3,70.1,65.7,34.6,33.4,34,12.5,3.49,9.8,3.53,6.7,5.38,9.6,3.13,8.7,6.99,22.1,2.55,24.7,2.02,26.7,2.22,24.4,1.79,23.5,4.01
ŚLĄSKIE,2014,12.9,3.69,11.8,3.28,11.6,3.34,12.3,2.7,13.9,5.25,25.9,2.32,27.3,2.07,28.6,2.47,27.3,1.83,27.2,4.03,26.2,2.41,23.8,2.65,18.1,3.3,22.2,2.38,16.3,5.85,22.5,2.67,26.9,2.41,34.6,2.21,28.5,1.95,34.1,3.4,60.9,70.1,65.5,34.7,34,34.3,12.5,3.67,10.1,3.57,6.9,5.71,9.7,3.26,8.3,7.23,22.2,2.55,24.4,2.21,27.1,2.61,24.6,1.95,25.4,4.17
ŚLĄSKIE,2015,13.3,3.83,12.2,3.7,11.7,4.06,12.5,3.1,13.9,5.48,25.9,2.65,27.7,2.23,29.5,2.37,27.7,1.91,27.7,3.87,26.8,2.36,24.6,2.6,18.5,3.78,22.8,2.4,16.3,6.29,22.1,2.97,25.8,2.48,32.8,2.35,27.4,2.03,33,3.35,59.8,69.6,64.7,33.6,35.1,34.4,11.8,4.15,9.8,3.82,7.3,5.81,9.6,3.45,9.1,7.53,21.8,3.04,24.4,2.49,27.8,2.53,24.8,2.1,25.9,3.92
ŚLĄSKIE,2016,11.9,3.57,11.2,3.09,11.9,3.69,11.9,2.91,14.1,6.54,26.9,2.49,29.2,2.08,30.2,2.68,28.5,1.92,26.4,4.85,28.9,2.42,25.9,2.59,19.3,3.66,24.1,2.45,18.2,6.14,19.9,3.1,23.8,2.57,31.8,2.52,25.8,2.26,32.8,4.41,59.1,68.9,63.9,34.7,35.2,34.9,12.3,4.3,10,3.74,6.9,6.32,9.6,3.61,8.5,9.98,22.4,2.86,25.8,2.23,28.3,2.69,25.3,2.05,23.8,5.08
ŚLĄSKIE,2017,11.9,3.85,11,3.02,10.9,4,11.4,3.16,12.8,8.59,26.5,2.72,28.2,2.04,29.4,3,28,2.11,27.3,5.92,29.7,2.48,27.1,2.39,20.4,3.67,25,2.4,18.3,7.67,19.8,3.26,23.7,2.46,32.6,2.6,26.2,2.29,34.2,5.01,58.4,68.7,63.6,34.1,34,34,12.1,4.6,10,3.74,6.7,7.16,9.4,3.98,7.5,14.54,22,3.21,24.6,2.3,27.3,3.04,24.6,2.26,24.6,5.84
ŚLĄSKIE,2018,11.1,4.03,10.9,3.31,11.3,3.75,11.2,3.09,12.1,6.61,26.3,2.82,26.7,2.14,28.3,2.87,27.3,2.04,29.1,5.25,30.8,2.59,28.6,2.45,21.5,3.72,26.2,2.44,18.5,8.56,19.4,3.75,23.2,2.75,31.8,2.9,25.6,2.69,32.8,6.37,58.1,67.2,62.6,34,34.1,34,12.4,4.77,10.5,4.3,7.1,6.75,9.7,4.12,7.4,13.98,21.6,3.24,23.7,2.35,27,3,24.3,2.22,26.2,5.99
ŚLĄSKIE,2019,10.4,4.15,10.4,3.65,10.8,4.07,10.6,3.07,11.4,5.75,24.6,3.07,26.4,2.78,27.8,3.32,26.2,2.53,25.6,5.72,32.4,2.55,29.6,2.59,22.6,3.74,27.4,2.43,20.6,6.54,19.7,4,23.1,2.97,31.6,3.03,25.6,2.71,33.8,5.97,57.3,66.6,61.9,33.4,34,33.7,13,4.71,10.5,4.47,7.2,7.22,10.1,4.32,8.7,10.25,20.4,3.64,23.5,3.1,26.8,3.38,23.6,2.78,23.9,5.9
ŚLĄSKIE,2020,10.5,5,9.9,3.8,10.3,4.4,10.4,3.3,12,6.3,25.3,3.6,27,2.9,27.6,3.4,26.4,2.7,24.7,6.1,32.2,3,29.1,3,22.3,4.2,27.3,2.9,21.7,7.4,19.8,3.9,23.7,3.1,32,3,25.9,2.6,33,4.6,57.4,67.3,62.3,33.7,33.8,33.7,12.3,5.8,10.4,5.1,7.7,7.1,10,4.5,8.7,9.6,21.4,4.1,23.8,3.1,26.1,3.5,23.7,2.7,23.4,6.1
ŚLĄSKIE,2021,10,5.1,9.8,4.56,10.5,4.81,10.3,3.76,11.7,7.48,25.4,3.39,27.7,2.68,28.7,2.98,27.1,2.31,25.1,4.63,32.5,2.66,29.5,2.82,23.3,3.42,28,2.45,23,5.41,19.1,4.06,21.7,3.04,28.6,2.69,23.9,2.51,30.4,4.02,57.5,66,61.9,33.6,36,34.8,13,4.99,11.2,4.55,8.7,6.4,10.9,4.1,9.8,8.6,20.6,3.73,24,2.83,27.3,3.06,23.9,2.4,23.7,4.88
ŚLĄSKIE,2022,10,5,10.1,4.32,10.6,5.08,10.3,3.36,10.9,7.22,25,3.15,27.6,2.69,29.6,3.04,27.3,2.29,26.5,4.35,33.8,2.55,30.9,2.65,23.8,3.46,28.8,2.43,22.3,6.02,18.5,3.74,20.9,2.95,27.8,2.74,23.2,2.36,30.1,4.32,56.2,65.6,61,32.7,35.8,34.3,12.7,4.98,10.6,4.62,8.2,6.22,10.5,3.81,10,7.35,20,3.62,23.5,2.89,27.6,3.18,23.8,2.49,24.7,4.6
ŚLĄSKIE,2023,9.6,5.51,9.9,4.95,10.4,5.61,10,4,10.3,8.06,22.3,3.84,25.2,3.22,28,3.58,25.1,2.73,25.1,5.09,37.6,2.7,34.8,2.87,26.8,3.71,32.2,2.56,24.5,5.65,16.4,4.31,19,3.82,26.7,3.33,21.6,3.01,29.5,4.8,52.7,62.9,57.8,31.6,34.7,33.1,14,5.1,11.3,5.36,8.2,7.42,11.1,4.41,10.7,8.36,17.6,4.43,21.5,3.48,26.5,3.61,22,2.87,23.4,5.41
ŚLĄSKIE,2024,10.4,4.81,11.1,4.32,11.4,5.04,10.9,3.67,10.5,8.25,20.5,3.81,23,3.37,25.2,3.65,22.8,2.81,22.3,5.51,38.3,2.32,35.8,2.45,28.5,3.2,33.4,2.16,26,4.79,15.6,4.35,17.5,3.75,25.4,3.25,20.5,2.97,29.8,4.41,51.3,60.2,55.7,31.8,33.4,32.6,15.2,4.83,12.7,4.45,9.6,6.51,12.4,4.03,11.4,8.43,16.6,4.3,20.1,3.62,23.8,3.8,20.2,3.01,20.5,5.86
ŚLĄSKIE,2025,-,-,-,-,-,-,-,-,-,-,-,-,-,-,-,-,-,-,-,-,-,-,-,-,-,-,-,-,-,-,-,-,-,-,-,-,-,-,-,-,-,-,-,-,-,-,-,-,-,-,-,-,-,-,-,-,-,-,-,-,-,-,-,-,-,-
ŚWIĘTOKRZYSKIE,2010,19.1,2.5,13,3.72,19.4,2.47,19.3,2.01,24.4,2.17,24.6,1.82,27.3,1.95,24,2.24,24.3,1.54,21.9,2.18,22.4,2.23,26.2,2.59,14.3,3.57,18.3,2.46,11.8,4.06,20.4,2.36,21.3,2.72,35,1.71,28,1.6,33.2,1.78,58.4,66.2,62.5,33,29.7,31.3,13.4,3.17,12.3,3.52,7.2,4.17,10.2,2.59,8.6,3.9,19.6,2.22,22.4,2.31,22.5,2.35,21.1,1.64,20,2.29
ŚWIĘTOKRZYSKIE,2011,19.2,3.63,13.2,4.63,19.7,3.63,19.4,3.07,24.4,3.73,24.1,3.01,26.6,2.94,24.3,3.48,24.2,2.44,22.3,3.78,22.9,3.03,26,4.04,14.3,4.92,18.5,3.26,12.5,5.39,20.8,3.28,22.1,4.43,34.8,2.45,28.1,2.33,32.8,2.74,57.9,66,62,31.6,29.5,30.3,13,4.49,12.1,5.14,6.9,6.95,9.7,3.91,7.8,6.3,18.6,3.52,21.5,3.26,22.6,3.69,20.6,2.63,19.8,3.96
ŚWIĘTOKRZYSKIE,2012,17.3,3.63,12.2,4.05,18.7,3.84,18,3.19,23.3,4.04,24.4,2.78,26.2,2.97,24.9,3.06,24.6,2.33,23.3,3.57,25.4,3.34,29.3,3.56,16.1,4.48,20.7,3.35,13.2,5.82,20.3,3.32,20.9,3.96,33.7,2.21,27.3,2.23,32.9,2.58,56.9,65.2,61.2,31,29.5,30.2,12.2,4.3,11.3,5.26,6.6,6.34,9.3,3.88,7.6,5.66,18.8,3.24,21.3,3.5,22.9,3.3,20.9,2.61,20.5,3.79
ŚWIĘTOKRZYSKIE,2013,15.8,3.98,11.1,4.68,17.6,3.94,16.7,3.33,21.9,4.18,23.4,3.13,26.3,3.07,25.6,3.21,24.5,2.38,22.9,3.63,28.9,2.93,32.1,3.22,17.8,3.85,23.2,2.81,15.1,4.91,19.3,3.11,19.4,4.16,32.7,2.54,26.1,2.13,32.4,2.41,55.2,64.8,60,31.1,30.4,30.7,12.5,4.35,11.1,5.1,6.5,6.53,9.4,3.94,7.8,6.2,18.6,3.29,21.8,3.42,23.9,3.37,21.3,2.53,20.6,3.74
ŚWIĘTOKRZYSKIE,2014,15.9,3.72,12.4,5.12,18.2,3.54,16.9,2.94,20.7,3.77,23.6,3.16,27,3.17,25.3,3.11,24.6,2.34,22.4,3.49,28.3,2.96,30.6,3.66,17.3,4.13,22.7,2.89,16.1,4.77,20,3.28,19.4,4.3,32.9,2.54,26.6,2.22,32.8,2.7,55.6,64.5,60.4,30.9,29.8,30.4,12,4.53,10.4,4.86,6.3,7.16,9.2,4.07,8,6.87,18.9,3.76,22.4,3.53,23.5,3.28,21.2,2.58,20.3,3.78
ŚWIĘTOKRZYSKIE,2015,15.4,4.31,12,5.65,18.2,3.96,16.8,3.4,20.4,4.25,24.7,3.14,27,3.56,24.9,3.61,24.8,2.61,23.2,3.76,27.3,3.18,31.8,3.62,16.8,4.28,21.8,3.21,14.7,5.65,20.7,3.6,19.5,4.56,33.7,2.56,27.4,2.45,33.3,2.82,57.3,64.9,61.2,31.9,29.4,30.6,11.9,5.18,9.8,5.5,6.3,6.63,9,4.16,8.5,5.95,20,3.59,22,4.29,23.1,3.84,21.6,2.93,21.1,3.97
ŚWIĘTOKRZYSKIE,2016,15.6,3.53,10.9,5.43,16.6,3.69,16,2.93,19.9,3.55,23.7,3.35,24.7,3.62,24.9,3.14,24.3,2.4,24,3.35,29.7,2.87,33.6,3.21,18.3,3.86,23.8,2.78,16.6,4.81,19.4,3.72,20.4,4.31,33.7,2.54,26.7,2.37,31.4,2.81,54.9,65.2,60.2,30.7,29.8,30.3,11.8,5.01,10.3,6.14,6.6,6.78,9.2,4.21,8.3,5.78,18.9,3.72,19.8,4.31,23.2,3.28,21.1,2.56,22.1,3.52
ŚWIĘTOKRZYSKIE,2017,13.8,3.58,9.7,4.84,16.6,4.17,15.1,2.94,19.2,3.66,24,3.56,25.3,3.71,25.6,3.32,24.8,2.63,24.5,3.51,31.5,2.84,33.8,3.41,17.6,4.38,24.5,2.89,17.4,5.01,18.7,3.97,19.4,4.37,32.5,2.65,25.7,2.4,30.5,2.83,54.7,65.8,60.3,31.2,32,31.6,12,5.09,11.5,6.02,7.7,7.33,9.8,4.21,8.6,5.7,19.2,4.2,20.6,4.14,24.3,3.47,21.8,2.9,22.7,3.75
ŚWIĘTOKRZYSKIE,2018,12.5,3.67,9.9,5.95,15.9,4.15,14.2,3.13,17.5,3.55,24,3.45,25.8,3.76,26.8,3.57,25.3,2.71,24.9,3.91,32.9,2.92,35.1,3.42,18.2,4.75,25.3,2.96,18.2,5.06,19.1,4.11,18,4.27,31.1,2.66,25.2,2.45,30.8,2.93,54.8,65.7,60.4,30.8,33.4,32.1,11.7,5.68,11.4,6.39,7.8,7.8,9.9,4.45,8.8,6.3,19.1,4.21,21.6,4.16,25.6,3.68,22.2,2.97,22.9,4.21
ŚWIĘTOKRZYSKIE,2019,12,4.28,9.5,5.1,15.4,4.21,13.7,3.21,17.1,4.29,23.2,4.03,26,4.16,26.8,3.31,24.9,2.81,24.3,3.91,33.2,2.83,35.8,3.33,19.6,4.59,26.3,2.9,19,5.18,19.1,4.28,17.7,5.24,30.8,3.07,25,2.85,30.8,3.26,54.8,65.3,59.8,31,33.2,32.1,12.5,5.4,11,5.94,7.7,7.11,9.9,4.49,9.1,6.72,18.5,4.54,22.3,4.64,25.5,3.45,22.2,2.96,22.1,4.04
ŚWIĘTOKRZYSKIE,2020,12.6,4.5,8.9,5.6,13.3,5.1,12.9,3.9,15.9,4.9,24.2,3.6,27.1,4.2,27.2,3.7,25.7,2.6,24.9,3.6,34.6,2.9,38.5,3.4,21.1,5.2,27.7,3.1,19.3,5.6,17.6,4.2,16,6.1,31.5,3.6,24.6,2.9,31.4,3.3,52.8,65.6,59.2,31.3,32.8,32,11,6,9.8,6.6,6.9,8.6,8.9,5.2,8.5,7.6,20.3,4.1,23.7,5,25.9,3.9,23.1,3,22.9,3.8
ŚWIĘTOKRZYSKIE,2021,12,5.42,9.1,7.13,13.6,5.16,12.8,3.88,15.7,4.93,24,3.48,26.7,3.73,29.9,3.08,27,2.45,27.2,3.28,33.8,2.81,36.8,3.37,19.3,4.37,26.4,2.71,18.4,4.7,17.6,4.16,16.7,5.35,30.2,3.27,23.8,2.71,29.7,3.21,54.2,67.2,60.6,33,35.4,34.2,12.6,5.88,10.4,7.25,7.1,7.84,9.8,4.84,9.1,6.15,20.4,3.93,23,4.28,28.3,3.26,24.4,2.62,25.5,3.45
ŚWIĘTOKRZYSKIE,2022,12.8,5.69,10,6.49,14.4,4.68,13.6,3.82,16.4,5.17,23.9,3.87,25.5,4.35,29.4,3.59,26.6,2.73,27.5,3.61,34.5,2.85,37.7,3.46,19.7,4.25,26.9,2.76,18.6,4.9,17.7,4.2,15.8,5.37,28.8,3.07,23.3,2.61,29.3,3.05,53,66,59.3,31.1,35.5,33.1,11.4,6.26,11.3,7.47,7.8,8.22,9.4,5.32,8.2,7.09,19.7,4.4,21.3,5.18,27.7,3.75,23.7,2.98,25.6,3.82
ŚWIĘTOKRZYSKIE,2023,11.3,5.55,9.3,7.53,14.6,4.56,13.1,3.74,16,4.62,22.3,4.36,22.6,4.53,28.7,3.57,25.5,2.93,27.7,3.8,37.3,2.74,39.5,3.55,21.3,4.35,29.2,2.72,21.2,4.72,16.8,4.48,15.6,5.98,26.4,3.48,21.5,3.07,25.9,3.65,51.5,64.1,57.7,30.9,36,33.5,12.4,5.99,13,6.54,9,7.62,10.7,4.77,9.2,6.95,18.5,4.87,19.6,5.15,27,3.62,22.8,2.97,25.4,3.64
ŚWIĘTOKRZYSKIE,2024,11.5,5.85,9.5,6.98,14.8,5.36,13.2,4.15,15.9,5.45,20.9,4.61,23.4,5.46,29.9,3.96,25.3,3.22,26.8,3.93,39.1,2.91,41.4,3.57,22.8,4.7,30.8,2.96,23,5.17,15.9,5.3,14.2,7.52,24.8,4.21,20.4,3.77,25,4.38,49.7,62.4,56,30.3,35.9,33.3,12.9,5.95,11.5,6.68,7.7,8.79,10.3,4.85,9.3,6.8,17.4,5.14,20.3,5.93,28.2,3.98,23,3.41,24.7,4.15
ŚWIĘTOKRZYSKIE,2025,-,-,-,-,-,-,-,-,-,-,-,-,-,-,-,-,-,-,-,-,-,-,-,-,-,-,-,-,-,-,-,-,-,-,-,-,-,-,-,-,-,-,-,-,-,-,-,-,-,-,-,-,-,-,-,-,-,-,-,-,-,-,-,-,-,-
